[0.118s] DEBUG:colcon:Command line arguments: ['/usr/bin/colcon', 'build']
[0.118s] DEBUG:colcon:Parsed command line arguments: Namespace(log_base=None, log_level=None, verb_name='build', build_base='build', install_base='install', merge_install=False, symlink_install=False, test_result_base=None, continue_on_error=False, executor='parallel', parallel_workers=14, event_handlers=None, ignore_user_meta=False, metas=['./colcon.meta'], base_paths=['.'], packages_ignore=None, packages_ignore_regex=None, paths=None, packages_up_to=None, packages_up_to_regex=None, packages_above=None, packages_above_and_dependencies=None, packages_above_depth=None, packages_select_by_dep=None, packages_skip_by_dep=None, packages_skip_up_to=None, packages_select_build_failed=False, packages_skip_build_finished=False, packages_select_test_failures=False, packages_skip_test_passed=False, packages_select=None, packages_skip=None, packages_select_regex=None, packages_skip_regex=None, packages_start=None, packages_end=None, allow_overriding=[], cmake_args=None, cmake_target=None, cmake_target_skip_unavailable=False, cmake_clean_cache=False, cmake_clean_first=False, cmake_force_configure=False, ament_cmake_args=None, catkin_cmake_args=None, catkin_skip_building_tests=False, mixin_files=None, mixin=None, verb_parser=<colcon_mixin.mixin.mixin_argument.MixinArgumentDecorator object at 0x7d0b39e57490>, verb_extension=<colcon_core.verb.build.BuildVerb object at 0x7d0b39f98430>, main=<bound method BuildVerb.main of <colcon_core.verb.build.BuildVerb object at 0x7d0b39f98430>>, mixin_verb=('build',))
[0.266s] Level 1:colcon.colcon_core.package_discovery:discover_packages(colcon_meta) check parameters
[0.266s] Level 1:colcon.colcon_core.package_discovery:discover_packages(recursive) check parameters
[0.266s] Level 1:colcon.colcon_core.package_discovery:discover_packages(ignore) check parameters
[0.266s] Level 1:colcon.colcon_core.package_discovery:discover_packages(path) check parameters
[0.266s] Level 1:colcon.colcon_core.package_discovery:discover_packages(colcon_meta) discover
[0.266s] Level 1:colcon.colcon_core.package_discovery:discover_packages(recursive) discover
[0.266s] INFO:colcon.colcon_core.package_discovery:Crawling recursively for packages in '/home/zhihuili/RM_prac'
[0.266s] Level 1:colcon.colcon_core.package_identification:_identify(.) by extensions ['ignore', 'ignore_ament_install']
[0.266s] Level 1:colcon.colcon_core.package_identification:_identify(.) by extension 'ignore'
[0.267s] Level 1:colcon.colcon_core.package_identification:_identify(.) by extension 'ignore_ament_install'
[0.267s] Level 1:colcon.colcon_core.package_identification:_identify(.) by extensions ['colcon_pkg']
[0.267s] Level 1:colcon.colcon_core.package_identification:_identify(.) by extension 'colcon_pkg'
[0.267s] Level 1:colcon.colcon_core.package_identification:_identify(.) by extensions ['colcon_meta']
[0.267s] Level 1:colcon.colcon_core.package_identification:_identify(.) by extension 'colcon_meta'
[0.267s] Level 1:colcon.colcon_core.package_identification:_identify(.) by extensions ['ros']
[0.267s] Level 1:colcon.colcon_core.package_identification:_identify(.) by extension 'ros'
[0.278s] Level 1:colcon.colcon_core.package_identification:_identify(.) by extensions ['cmake', 'python']
[0.278s] Level 1:colcon.colcon_core.package_identification:_identify(.) by extension 'cmake'
[0.278s] Level 1:colcon.colcon_core.package_identification:_identify(.) by extension 'python'
[0.278s] Level 1:colcon.colcon_core.package_identification:_identify(.) by extensions ['python_setup_py']
[0.278s] Level 1:colcon.colcon_core.package_identification:_identify(.) by extension 'python_setup_py'
[0.278s] Level 1:colcon.colcon_core.package_identification:_identify(build) by extensions ['ignore', 'ignore_ament_install']
[0.278s] Level 1:colcon.colcon_core.package_identification:_identify(build) by extension 'ignore'
[0.278s] Level 1:colcon.colcon_core.package_identification:_identify(build) ignored
[0.278s] Level 1:colcon.colcon_core.package_identification:_identify(install) by extensions ['ignore', 'ignore_ament_install']
[0.278s] Level 1:colcon.colcon_core.package_identification:_identify(install) by extension 'ignore'
[0.278s] Level 1:colcon.colcon_core.package_identification:_identify(install) ignored
[0.279s] Level 1:colcon.colcon_core.package_identification:_identify(log) by extensions ['ignore', 'ignore_ament_install']
[0.279s] Level 1:colcon.colcon_core.package_identification:_identify(log) by extension 'ignore'
[0.279s] Level 1:colcon.colcon_core.package_identification:_identify(log) ignored
[0.279s] Level 1:colcon.colcon_core.package_identification:_identify(src) by extensions ['ignore', 'ignore_ament_install']
[0.279s] Level 1:colcon.colcon_core.package_identification:_identify(src) by extension 'ignore'
[0.279s] Level 1:colcon.colcon_core.package_identification:_identify(src) by extension 'ignore_ament_install'
[0.279s] Level 1:colcon.colcon_core.package_identification:_identify(src) by extensions ['colcon_pkg']
[0.279s] Level 1:colcon.colcon_core.package_identification:_identify(src) by extension 'colcon_pkg'
[0.279s] Level 1:colcon.colcon_core.package_identification:_identify(src) by extensions ['colcon_meta']
[0.279s] Level 1:colcon.colcon_core.package_identification:_identify(src) by extension 'colcon_meta'
[0.279s] Level 1:colcon.colcon_core.package_identification:_identify(src) by extensions ['ros']
[0.279s] Level 1:colcon.colcon_core.package_identification:_identify(src) by extension 'ros'
[0.279s] Level 1:colcon.colcon_core.package_identification:_identify(src) by extensions ['cmake', 'python']
[0.279s] Level 1:colcon.colcon_core.package_identification:_identify(src) by extension 'cmake'
[0.279s] Level 1:colcon.colcon_core.package_identification:_identify(src) by extension 'python'
[0.279s] Level 1:colcon.colcon_core.package_identification:_identify(src) by extensions ['python_setup_py']
[0.279s] Level 1:colcon.colcon_core.package_identification:_identify(src) by extension 'python_setup_py'
[0.279s] Level 1:colcon.colcon_core.package_identification:_identify(src/bringup_turtlebot3_pkg) by extensions ['ignore', 'ignore_ament_install']
[0.279s] Level 1:colcon.colcon_core.package_identification:_identify(src/bringup_turtlebot3_pkg) by extension 'ignore'
[0.280s] Level 1:colcon.colcon_core.package_identification:_identify(src/bringup_turtlebot3_pkg) by extension 'ignore_ament_install'
[0.280s] Level 1:colcon.colcon_core.package_identification:_identify(src/bringup_turtlebot3_pkg) by extensions ['colcon_pkg']
[0.280s] Level 1:colcon.colcon_core.package_identification:_identify(src/bringup_turtlebot3_pkg) by extension 'colcon_pkg'
[0.280s] Level 1:colcon.colcon_core.package_identification:_identify(src/bringup_turtlebot3_pkg) by extensions ['colcon_meta']
[0.280s] Level 1:colcon.colcon_core.package_identification:_identify(src/bringup_turtlebot3_pkg) by extension 'colcon_meta'
[0.280s] Level 1:colcon.colcon_core.package_identification:_identify(src/bringup_turtlebot3_pkg) by extensions ['ros']
[0.280s] Level 1:colcon.colcon_core.package_identification:_identify(src/bringup_turtlebot3_pkg) by extension 'ros'
[0.282s] DEBUG:colcon.colcon_core.package_identification:Package 'src/bringup_turtlebot3_pkg' with type 'ros.ament_cmake' and name 'bringup_turtlebot3_pkg'
[0.282s] Level 1:colcon.colcon_core.package_identification:_identify(src/intro_ros_pkg) by extensions ['ignore', 'ignore_ament_install']
[0.283s] Level 1:colcon.colcon_core.package_identification:_identify(src/intro_ros_pkg) by extension 'ignore'
[0.283s] Level 1:colcon.colcon_core.package_identification:_identify(src/intro_ros_pkg) by extension 'ignore_ament_install'
[0.283s] Level 1:colcon.colcon_core.package_identification:_identify(src/intro_ros_pkg) by extensions ['colcon_pkg']
[0.283s] Level 1:colcon.colcon_core.package_identification:_identify(src/intro_ros_pkg) by extension 'colcon_pkg'
[0.283s] Level 1:colcon.colcon_core.package_identification:_identify(src/intro_ros_pkg) by extensions ['colcon_meta']
[0.283s] Level 1:colcon.colcon_core.package_identification:_identify(src/intro_ros_pkg) by extension 'colcon_meta'
[0.283s] Level 1:colcon.colcon_core.package_identification:_identify(src/intro_ros_pkg) by extensions ['ros']
[0.283s] Level 1:colcon.colcon_core.package_identification:_identify(src/intro_ros_pkg) by extension 'ros'
[0.283s] DEBUG:colcon.colcon_core.package_identification:Package 'src/intro_ros_pkg' with type 'ros.ament_cmake' and name 'intro_ros_pkg'
[0.283s] Level 1:colcon.colcon_core.package_identification:_identify(src/kinematic_control_pkg) by extensions ['ignore', 'ignore_ament_install']
[0.284s] Level 1:colcon.colcon_core.package_identification:_identify(src/kinematic_control_pkg) by extension 'ignore'
[0.284s] Level 1:colcon.colcon_core.package_identification:_identify(src/kinematic_control_pkg) by extension 'ignore_ament_install'
[0.284s] Level 1:colcon.colcon_core.package_identification:_identify(src/kinematic_control_pkg) by extensions ['colcon_pkg']
[0.284s] Level 1:colcon.colcon_core.package_identification:_identify(src/kinematic_control_pkg) by extension 'colcon_pkg'
[0.284s] Level 1:colcon.colcon_core.package_identification:_identify(src/kinematic_control_pkg) by extensions ['colcon_meta']
[0.284s] Level 1:colcon.colcon_core.package_identification:_identify(src/kinematic_control_pkg) by extension 'colcon_meta'
[0.284s] Level 1:colcon.colcon_core.package_identification:_identify(src/kinematic_control_pkg) by extensions ['ros']
[0.284s] Level 1:colcon.colcon_core.package_identification:_identify(src/kinematic_control_pkg) by extension 'ros'
[0.285s] DEBUG:colcon.colcon_core.package_identification:Package 'src/kinematic_control_pkg' with type 'ros.ament_cmake' and name 'kinematic_control_pkg'
[0.285s] Level 1:colcon.colcon_core.package_identification:_identify(src/maintenance_mode_pkg) by extensions ['ignore', 'ignore_ament_install']
[0.285s] Level 1:colcon.colcon_core.package_identification:_identify(src/maintenance_mode_pkg) by extension 'ignore'
[0.285s] Level 1:colcon.colcon_core.package_identification:_identify(src/maintenance_mode_pkg) by extension 'ignore_ament_install'
[0.285s] Level 1:colcon.colcon_core.package_identification:_identify(src/maintenance_mode_pkg) by extensions ['colcon_pkg']
[0.285s] Level 1:colcon.colcon_core.package_identification:_identify(src/maintenance_mode_pkg) by extension 'colcon_pkg'
[0.285s] Level 1:colcon.colcon_core.package_identification:_identify(src/maintenance_mode_pkg) by extensions ['colcon_meta']
[0.285s] Level 1:colcon.colcon_core.package_identification:_identify(src/maintenance_mode_pkg) by extension 'colcon_meta'
[0.285s] Level 1:colcon.colcon_core.package_identification:_identify(src/maintenance_mode_pkg) by extensions ['ros']
[0.285s] Level 1:colcon.colcon_core.package_identification:_identify(src/maintenance_mode_pkg) by extension 'ros'
[0.286s] DEBUG:colcon.colcon_core.package_identification:Package 'src/maintenance_mode_pkg' with type 'ros.ament_cmake' and name 'maintenance_mode_pkg'
[0.286s] Level 1:colcon.colcon_core.package_identification:_identify(src/navigation_pkg) by extensions ['ignore', 'ignore_ament_install']
[0.286s] Level 1:colcon.colcon_core.package_identification:_identify(src/navigation_pkg) by extension 'ignore'
[0.286s] Level 1:colcon.colcon_core.package_identification:_identify(src/navigation_pkg) by extension 'ignore_ament_install'
[0.286s] Level 1:colcon.colcon_core.package_identification:_identify(src/navigation_pkg) by extensions ['colcon_pkg']
[0.286s] Level 1:colcon.colcon_core.package_identification:_identify(src/navigation_pkg) by extension 'colcon_pkg'
[0.286s] Level 1:colcon.colcon_core.package_identification:_identify(src/navigation_pkg) by extensions ['colcon_meta']
[0.286s] Level 1:colcon.colcon_core.package_identification:_identify(src/navigation_pkg) by extension 'colcon_meta'
[0.286s] Level 1:colcon.colcon_core.package_identification:_identify(src/navigation_pkg) by extensions ['ros']
[0.286s] Level 1:colcon.colcon_core.package_identification:_identify(src/navigation_pkg) by extension 'ros'
[0.287s] DEBUG:colcon.colcon_core.package_identification:Package 'src/navigation_pkg' with type 'ros.ament_cmake' and name 'navigation_pkg'
[0.287s] Level 1:colcon.colcon_core.package_identification:_identify(src/pure_pursuit_pkg) by extensions ['ignore', 'ignore_ament_install']
[0.287s] Level 1:colcon.colcon_core.package_identification:_identify(src/pure_pursuit_pkg) by extension 'ignore'
[0.287s] Level 1:colcon.colcon_core.package_identification:_identify(src/pure_pursuit_pkg) by extension 'ignore_ament_install'
[0.287s] Level 1:colcon.colcon_core.package_identification:_identify(src/pure_pursuit_pkg) by extensions ['colcon_pkg']
[0.287s] Level 1:colcon.colcon_core.package_identification:_identify(src/pure_pursuit_pkg) by extension 'colcon_pkg'
[0.287s] Level 1:colcon.colcon_core.package_identification:_identify(src/pure_pursuit_pkg) by extensions ['colcon_meta']
[0.287s] Level 1:colcon.colcon_core.package_identification:_identify(src/pure_pursuit_pkg) by extension 'colcon_meta'
[0.287s] Level 1:colcon.colcon_core.package_identification:_identify(src/pure_pursuit_pkg) by extensions ['ros']
[0.287s] Level 1:colcon.colcon_core.package_identification:_identify(src/pure_pursuit_pkg) by extension 'ros'
[0.288s] DEBUG:colcon.colcon_core.package_identification:Package 'src/pure_pursuit_pkg' with type 'ros.ament_cmake' and name 'pure_pursuit_pkg'
[0.288s] Level 1:colcon.colcon_core.package_identification:_identify(src/ros2_vfh) by extensions ['ignore', 'ignore_ament_install']
[0.288s] Level 1:colcon.colcon_core.package_identification:_identify(src/ros2_vfh) by extension 'ignore'
[0.288s] Level 1:colcon.colcon_core.package_identification:_identify(src/ros2_vfh) by extension 'ignore_ament_install'
[0.288s] Level 1:colcon.colcon_core.package_identification:_identify(src/ros2_vfh) by extensions ['colcon_pkg']
[0.288s] Level 1:colcon.colcon_core.package_identification:_identify(src/ros2_vfh) by extension 'colcon_pkg'
[0.288s] Level 1:colcon.colcon_core.package_identification:_identify(src/ros2_vfh) by extensions ['colcon_meta']
[0.288s] Level 1:colcon.colcon_core.package_identification:_identify(src/ros2_vfh) by extension 'colcon_meta'
[0.288s] Level 1:colcon.colcon_core.package_identification:_identify(src/ros2_vfh) by extensions ['ros']
[0.288s] Level 1:colcon.colcon_core.package_identification:_identify(src/ros2_vfh) by extension 'ros'
[0.289s] DEBUG:colcon.colcon_core.package_identification:Package 'src/ros2_vfh' with type 'ros.ament_cmake' and name 'ros2_vfh'
[0.289s] Level 1:colcon.colcon_core.package_identification:_identify(src/slam_pkg) by extensions ['ignore', 'ignore_ament_install']
[0.289s] Level 1:colcon.colcon_core.package_identification:_identify(src/slam_pkg) by extension 'ignore'
[0.289s] Level 1:colcon.colcon_core.package_identification:_identify(src/slam_pkg) by extension 'ignore_ament_install'
[0.290s] Level 1:colcon.colcon_core.package_identification:_identify(src/slam_pkg) by extensions ['colcon_pkg']
[0.290s] Level 1:colcon.colcon_core.package_identification:_identify(src/slam_pkg) by extension 'colcon_pkg'
[0.290s] Level 1:colcon.colcon_core.package_identification:_identify(src/slam_pkg) by extensions ['colcon_meta']
[0.290s] Level 1:colcon.colcon_core.package_identification:_identify(src/slam_pkg) by extension 'colcon_meta'
[0.290s] Level 1:colcon.colcon_core.package_identification:_identify(src/slam_pkg) by extensions ['ros']
[0.290s] Level 1:colcon.colcon_core.package_identification:_identify(src/slam_pkg) by extension 'ros'
[0.290s] DEBUG:colcon.colcon_core.package_identification:Package 'src/slam_pkg' with type 'ros.ament_cmake' and name 'slam_pkg'
[0.291s] Level 1:colcon.colcon_core.package_identification:_identify(src/transformations_pkg) by extensions ['ignore', 'ignore_ament_install']
[0.291s] Level 1:colcon.colcon_core.package_identification:_identify(src/transformations_pkg) by extension 'ignore'
[0.291s] Level 1:colcon.colcon_core.package_identification:_identify(src/transformations_pkg) by extension 'ignore_ament_install'
[0.291s] Level 1:colcon.colcon_core.package_identification:_identify(src/transformations_pkg) by extensions ['colcon_pkg']
[0.291s] Level 1:colcon.colcon_core.package_identification:_identify(src/transformations_pkg) by extension 'colcon_pkg'
[0.291s] Level 1:colcon.colcon_core.package_identification:_identify(src/transformations_pkg) by extensions ['colcon_meta']
[0.291s] Level 1:colcon.colcon_core.package_identification:_identify(src/transformations_pkg) by extension 'colcon_meta'
[0.291s] Level 1:colcon.colcon_core.package_identification:_identify(src/transformations_pkg) by extensions ['ros']
[0.291s] Level 1:colcon.colcon_core.package_identification:_identify(src/transformations_pkg) by extension 'ros'
[0.292s] DEBUG:colcon.colcon_core.package_identification:Package 'src/transformations_pkg' with type 'ros.ament_cmake' and name 'transformations_pkg'
[0.292s] Level 1:colcon.colcon_core.package_identification:_identify(src/turtlebot3_coppeliasim) by extensions ['ignore', 'ignore_ament_install']
[0.292s] Level 1:colcon.colcon_core.package_identification:_identify(src/turtlebot3_coppeliasim) by extension 'ignore'
[0.292s] Level 1:colcon.colcon_core.package_identification:_identify(src/turtlebot3_coppeliasim) by extension 'ignore_ament_install'
[0.292s] Level 1:colcon.colcon_core.package_identification:_identify(src/turtlebot3_coppeliasim) by extensions ['colcon_pkg']
[0.292s] Level 1:colcon.colcon_core.package_identification:_identify(src/turtlebot3_coppeliasim) by extension 'colcon_pkg'
[0.292s] Level 1:colcon.colcon_core.package_identification:_identify(src/turtlebot3_coppeliasim) by extensions ['colcon_meta']
[0.292s] Level 1:colcon.colcon_core.package_identification:_identify(src/turtlebot3_coppeliasim) by extension 'colcon_meta'
[0.292s] Level 1:colcon.colcon_core.package_identification:_identify(src/turtlebot3_coppeliasim) by extensions ['ros']
[0.292s] Level 1:colcon.colcon_core.package_identification:_identify(src/turtlebot3_coppeliasim) by extension 'ros'
[0.292s] DEBUG:colcon.colcon_core.package_identification:Package 'src/turtlebot3_coppeliasim' with type 'ros.ament_cmake' and name 'turtlebot3_coppeliasim'
[0.293s] Level 1:colcon.colcon_core.package_identification:_identify(src/turtlebot3_dqn) by extensions ['ignore', 'ignore_ament_install']
[0.293s] Level 1:colcon.colcon_core.package_identification:_identify(src/turtlebot3_dqn) by extension 'ignore'
[0.293s] Level 1:colcon.colcon_core.package_identification:_identify(src/turtlebot3_dqn) by extension 'ignore_ament_install'
[0.293s] Level 1:colcon.colcon_core.package_identification:_identify(src/turtlebot3_dqn) by extensions ['colcon_pkg']
[0.293s] Level 1:colcon.colcon_core.package_identification:_identify(src/turtlebot3_dqn) by extension 'colcon_pkg'
[0.293s] Level 1:colcon.colcon_core.package_identification:_identify(src/turtlebot3_dqn) by extensions ['colcon_meta']
[0.293s] Level 1:colcon.colcon_core.package_identification:_identify(src/turtlebot3_dqn) by extension 'colcon_meta'
[0.293s] Level 1:colcon.colcon_core.package_identification:_identify(src/turtlebot3_dqn) by extensions ['ros']
[0.293s] Level 1:colcon.colcon_core.package_identification:_identify(src/turtlebot3_dqn) by extension 'ros'
[0.293s] DEBUG:colcon.colcon_core.package_identification:Package 'src/turtlebot3_dqn' with type 'ros.ament_python' and name 'turtlebot3_dqn'
[0.294s] Level 1:colcon.colcon_core.package_identification:_identify(src/turtlebot3_msgs) by extensions ['ignore', 'ignore_ament_install']
[0.294s] Level 1:colcon.colcon_core.package_identification:_identify(src/turtlebot3_msgs) by extension 'ignore'
[0.294s] Level 1:colcon.colcon_core.package_identification:_identify(src/turtlebot3_msgs) by extension 'ignore_ament_install'
[0.294s] Level 1:colcon.colcon_core.package_identification:_identify(src/turtlebot3_msgs) by extensions ['colcon_pkg']
[0.294s] Level 1:colcon.colcon_core.package_identification:_identify(src/turtlebot3_msgs) by extension 'colcon_pkg'
[0.294s] Level 1:colcon.colcon_core.package_identification:_identify(src/turtlebot3_msgs) by extensions ['colcon_meta']
[0.294s] Level 1:colcon.colcon_core.package_identification:_identify(src/turtlebot3_msgs) by extension 'colcon_meta'
[0.294s] Level 1:colcon.colcon_core.package_identification:_identify(src/turtlebot3_msgs) by extensions ['ros']
[0.294s] Level 1:colcon.colcon_core.package_identification:_identify(src/turtlebot3_msgs) by extension 'ros'
[0.295s] DEBUG:colcon.colcon_core.package_identification:Package 'src/turtlebot3_msgs' with type 'ros.ament_cmake' and name 'turtlebot3_msgs'
[0.296s] Level 1:colcon.colcon_core.package_identification:_identify(src/upv_maps_pkg) by extensions ['ignore', 'ignore_ament_install']
[0.296s] Level 1:colcon.colcon_core.package_identification:_identify(src/upv_maps_pkg) by extension 'ignore'
[0.296s] Level 1:colcon.colcon_core.package_identification:_identify(src/upv_maps_pkg) by extension 'ignore_ament_install'
[0.296s] Level 1:colcon.colcon_core.package_identification:_identify(src/upv_maps_pkg) by extensions ['colcon_pkg']
[0.296s] Level 1:colcon.colcon_core.package_identification:_identify(src/upv_maps_pkg) by extension 'colcon_pkg'
[0.296s] Level 1:colcon.colcon_core.package_identification:_identify(src/upv_maps_pkg) by extensions ['colcon_meta']
[0.296s] Level 1:colcon.colcon_core.package_identification:_identify(src/upv_maps_pkg) by extension 'colcon_meta'
[0.296s] Level 1:colcon.colcon_core.package_identification:_identify(src/upv_maps_pkg) by extensions ['ros']
[0.296s] Level 1:colcon.colcon_core.package_identification:_identify(src/upv_maps_pkg) by extension 'ros'
[0.296s] DEBUG:colcon.colcon_core.package_identification:Package 'src/upv_maps_pkg' with type 'ros.ament_cmake' and name 'upv_maps_pkg'
[0.296s] Level 1:colcon.colcon_core.package_discovery:discover_packages(recursive) using defaults
[0.296s] Level 1:colcon.colcon_core.package_discovery:discover_packages(ignore) discover
[0.297s] Level 1:colcon.colcon_core.package_discovery:discover_packages(ignore) using defaults
[0.297s] Level 1:colcon.colcon_core.package_discovery:discover_packages(path) discover
[0.297s] Level 1:colcon.colcon_core.package_discovery:discover_packages(path) using defaults
[0.329s] Level 1:colcon.colcon_core.package_discovery:discover_packages(prefix_path) check parameters
[0.329s] Level 1:colcon.colcon_core.package_discovery:discover_packages(prefix_path) discover
[0.331s] DEBUG:colcon.colcon_installed_package_information.package_discovery:Found 13 installed packages in /home/zhihuili/RM_prac/install
[0.336s] DEBUG:colcon.colcon_installed_package_information.package_discovery:Found 1 installed packages in /home/zhihuili/sim_ros2_interface/install
[0.337s] DEBUG:colcon.colcon_installed_package_information.package_discovery:Found 325 installed packages in /opt/ros/humble
[0.338s] Level 1:colcon.colcon_core.package_discovery:discover_packages(prefix_path) using defaults
[0.377s] Level 5:colcon.colcon_core.verb:set package 'bringup_turtlebot3_pkg' build argument 'cmake_args' from command line to 'None'
[0.377s] Level 5:colcon.colcon_core.verb:set package 'bringup_turtlebot3_pkg' build argument 'cmake_target' from command line to 'None'
[0.378s] Level 5:colcon.colcon_core.verb:set package 'bringup_turtlebot3_pkg' build argument 'cmake_target_skip_unavailable' from command line to 'False'
[0.378s] Level 5:colcon.colcon_core.verb:set package 'bringup_turtlebot3_pkg' build argument 'cmake_clean_cache' from command line to 'False'
[0.378s] Level 5:colcon.colcon_core.verb:set package 'bringup_turtlebot3_pkg' build argument 'cmake_clean_first' from command line to 'False'
[0.378s] Level 5:colcon.colcon_core.verb:set package 'bringup_turtlebot3_pkg' build argument 'cmake_force_configure' from command line to 'False'
[0.378s] Level 5:colcon.colcon_core.verb:set package 'bringup_turtlebot3_pkg' build argument 'ament_cmake_args' from command line to 'None'
[0.378s] Level 5:colcon.colcon_core.verb:set package 'bringup_turtlebot3_pkg' build argument 'catkin_cmake_args' from command line to 'None'
[0.378s] Level 5:colcon.colcon_core.verb:set package 'bringup_turtlebot3_pkg' build argument 'catkin_skip_building_tests' from command line to 'False'
[0.378s] DEBUG:colcon.colcon_core.verb:Building package 'bringup_turtlebot3_pkg' with the following arguments: {'ament_cmake_args': None, 'build_base': '/home/zhihuili/RM_prac/build/bringup_turtlebot3_pkg', 'catkin_cmake_args': None, 'catkin_skip_building_tests': False, 'cmake_args': None, 'cmake_clean_cache': False, 'cmake_clean_first': False, 'cmake_force_configure': False, 'cmake_target': None, 'cmake_target_skip_unavailable': False, 'install_base': '/home/zhihuili/RM_prac/install/bringup_turtlebot3_pkg', 'merge_install': False, 'path': '/home/zhihuili/RM_prac/src/bringup_turtlebot3_pkg', 'symlink_install': False, 'test_result_base': None}
[0.378s] Level 5:colcon.colcon_core.verb:set package 'intro_ros_pkg' build argument 'cmake_args' from command line to 'None'
[0.378s] Level 5:colcon.colcon_core.verb:set package 'intro_ros_pkg' build argument 'cmake_target' from command line to 'None'
[0.378s] Level 5:colcon.colcon_core.verb:set package 'intro_ros_pkg' build argument 'cmake_target_skip_unavailable' from command line to 'False'
[0.378s] Level 5:colcon.colcon_core.verb:set package 'intro_ros_pkg' build argument 'cmake_clean_cache' from command line to 'False'
[0.378s] Level 5:colcon.colcon_core.verb:set package 'intro_ros_pkg' build argument 'cmake_clean_first' from command line to 'False'
[0.378s] Level 5:colcon.colcon_core.verb:set package 'intro_ros_pkg' build argument 'cmake_force_configure' from command line to 'False'
[0.378s] Level 5:colcon.colcon_core.verb:set package 'intro_ros_pkg' build argument 'ament_cmake_args' from command line to 'None'
[0.378s] Level 5:colcon.colcon_core.verb:set package 'intro_ros_pkg' build argument 'catkin_cmake_args' from command line to 'None'
[0.378s] Level 5:colcon.colcon_core.verb:set package 'intro_ros_pkg' build argument 'catkin_skip_building_tests' from command line to 'False'
[0.378s] DEBUG:colcon.colcon_core.verb:Building package 'intro_ros_pkg' with the following arguments: {'ament_cmake_args': None, 'build_base': '/home/zhihuili/RM_prac/build/intro_ros_pkg', 'catkin_cmake_args': None, 'catkin_skip_building_tests': False, 'cmake_args': None, 'cmake_clean_cache': False, 'cmake_clean_first': False, 'cmake_force_configure': False, 'cmake_target': None, 'cmake_target_skip_unavailable': False, 'install_base': '/home/zhihuili/RM_prac/install/intro_ros_pkg', 'merge_install': False, 'path': '/home/zhihuili/RM_prac/src/intro_ros_pkg', 'symlink_install': False, 'test_result_base': None}
[0.378s] Level 5:colcon.colcon_core.verb:set package 'kinematic_control_pkg' build argument 'cmake_args' from command line to 'None'
[0.379s] Level 5:colcon.colcon_core.verb:set package 'kinematic_control_pkg' build argument 'cmake_target' from command line to 'None'
[0.379s] Level 5:colcon.colcon_core.verb:set package 'kinematic_control_pkg' build argument 'cmake_target_skip_unavailable' from command line to 'False'
[0.379s] Level 5:colcon.colcon_core.verb:set package 'kinematic_control_pkg' build argument 'cmake_clean_cache' from command line to 'False'
[0.379s] Level 5:colcon.colcon_core.verb:set package 'kinematic_control_pkg' build argument 'cmake_clean_first' from command line to 'False'
[0.379s] Level 5:colcon.colcon_core.verb:set package 'kinematic_control_pkg' build argument 'cmake_force_configure' from command line to 'False'
[0.379s] Level 5:colcon.colcon_core.verb:set package 'kinematic_control_pkg' build argument 'ament_cmake_args' from command line to 'None'
[0.379s] Level 5:colcon.colcon_core.verb:set package 'kinematic_control_pkg' build argument 'catkin_cmake_args' from command line to 'None'
[0.379s] Level 5:colcon.colcon_core.verb:set package 'kinematic_control_pkg' build argument 'catkin_skip_building_tests' from command line to 'False'
[0.379s] DEBUG:colcon.colcon_core.verb:Building package 'kinematic_control_pkg' with the following arguments: {'ament_cmake_args': None, 'build_base': '/home/zhihuili/RM_prac/build/kinematic_control_pkg', 'catkin_cmake_args': None, 'catkin_skip_building_tests': False, 'cmake_args': None, 'cmake_clean_cache': False, 'cmake_clean_first': False, 'cmake_force_configure': False, 'cmake_target': None, 'cmake_target_skip_unavailable': False, 'install_base': '/home/zhihuili/RM_prac/install/kinematic_control_pkg', 'merge_install': False, 'path': '/home/zhihuili/RM_prac/src/kinematic_control_pkg', 'symlink_install': False, 'test_result_base': None}
[0.379s] Level 5:colcon.colcon_core.verb:set package 'navigation_pkg' build argument 'cmake_args' from command line to 'None'
[0.379s] Level 5:colcon.colcon_core.verb:set package 'navigation_pkg' build argument 'cmake_target' from command line to 'None'
[0.379s] Level 5:colcon.colcon_core.verb:set package 'navigation_pkg' build argument 'cmake_target_skip_unavailable' from command line to 'False'
[0.379s] Level 5:colcon.colcon_core.verb:set package 'navigation_pkg' build argument 'cmake_clean_cache' from command line to 'False'
[0.379s] Level 5:colcon.colcon_core.verb:set package 'navigation_pkg' build argument 'cmake_clean_first' from command line to 'False'
[0.379s] Level 5:colcon.colcon_core.verb:set package 'navigation_pkg' build argument 'cmake_force_configure' from command line to 'False'
[0.379s] Level 5:colcon.colcon_core.verb:set package 'navigation_pkg' build argument 'ament_cmake_args' from command line to 'None'
[0.379s] Level 5:colcon.colcon_core.verb:set package 'navigation_pkg' build argument 'catkin_cmake_args' from command line to 'None'
[0.379s] Level 5:colcon.colcon_core.verb:set package 'navigation_pkg' build argument 'catkin_skip_building_tests' from command line to 'False'
[0.379s] DEBUG:colcon.colcon_core.verb:Building package 'navigation_pkg' with the following arguments: {'ament_cmake_args': None, 'build_base': '/home/zhihuili/RM_prac/build/navigation_pkg', 'catkin_cmake_args': None, 'catkin_skip_building_tests': False, 'cmake_args': None, 'cmake_clean_cache': False, 'cmake_clean_first': False, 'cmake_force_configure': False, 'cmake_target': None, 'cmake_target_skip_unavailable': False, 'install_base': '/home/zhihuili/RM_prac/install/navigation_pkg', 'merge_install': False, 'path': '/home/zhihuili/RM_prac/src/navigation_pkg', 'symlink_install': False, 'test_result_base': None}
[0.379s] Level 5:colcon.colcon_core.verb:set package 'pure_pursuit_pkg' build argument 'cmake_args' from command line to 'None'
[0.379s] Level 5:colcon.colcon_core.verb:set package 'pure_pursuit_pkg' build argument 'cmake_target' from command line to 'None'
[0.380s] Level 5:colcon.colcon_core.verb:set package 'pure_pursuit_pkg' build argument 'cmake_target_skip_unavailable' from command line to 'False'
[0.380s] Level 5:colcon.colcon_core.verb:set package 'pure_pursuit_pkg' build argument 'cmake_clean_cache' from command line to 'False'
[0.380s] Level 5:colcon.colcon_core.verb:set package 'pure_pursuit_pkg' build argument 'cmake_clean_first' from command line to 'False'
[0.380s] Level 5:colcon.colcon_core.verb:set package 'pure_pursuit_pkg' build argument 'cmake_force_configure' from command line to 'False'
[0.380s] Level 5:colcon.colcon_core.verb:set package 'pure_pursuit_pkg' build argument 'ament_cmake_args' from command line to 'None'
[0.380s] Level 5:colcon.colcon_core.verb:set package 'pure_pursuit_pkg' build argument 'catkin_cmake_args' from command line to 'None'
[0.380s] Level 5:colcon.colcon_core.verb:set package 'pure_pursuit_pkg' build argument 'catkin_skip_building_tests' from command line to 'False'
[0.380s] DEBUG:colcon.colcon_core.verb:Building package 'pure_pursuit_pkg' with the following arguments: {'ament_cmake_args': None, 'build_base': '/home/zhihuili/RM_prac/build/pure_pursuit_pkg', 'catkin_cmake_args': None, 'catkin_skip_building_tests': False, 'cmake_args': None, 'cmake_clean_cache': False, 'cmake_clean_first': False, 'cmake_force_configure': False, 'cmake_target': None, 'cmake_target_skip_unavailable': False, 'install_base': '/home/zhihuili/RM_prac/install/pure_pursuit_pkg', 'merge_install': False, 'path': '/home/zhihuili/RM_prac/src/pure_pursuit_pkg', 'symlink_install': False, 'test_result_base': None}
[0.380s] Level 5:colcon.colcon_core.verb:set package 'ros2_vfh' build argument 'cmake_args' from command line to 'None'
[0.380s] Level 5:colcon.colcon_core.verb:set package 'ros2_vfh' build argument 'cmake_target' from command line to 'None'
[0.380s] Level 5:colcon.colcon_core.verb:set package 'ros2_vfh' build argument 'cmake_target_skip_unavailable' from command line to 'False'
[0.380s] Level 5:colcon.colcon_core.verb:set package 'ros2_vfh' build argument 'cmake_clean_cache' from command line to 'False'
[0.380s] Level 5:colcon.colcon_core.verb:set package 'ros2_vfh' build argument 'cmake_clean_first' from command line to 'False'
[0.380s] Level 5:colcon.colcon_core.verb:set package 'ros2_vfh' build argument 'cmake_force_configure' from command line to 'False'
[0.380s] Level 5:colcon.colcon_core.verb:set package 'ros2_vfh' build argument 'ament_cmake_args' from command line to 'None'
[0.380s] Level 5:colcon.colcon_core.verb:set package 'ros2_vfh' build argument 'catkin_cmake_args' from command line to 'None'
[0.380s] Level 5:colcon.colcon_core.verb:set package 'ros2_vfh' build argument 'catkin_skip_building_tests' from command line to 'False'
[0.380s] DEBUG:colcon.colcon_core.verb:Building package 'ros2_vfh' with the following arguments: {'ament_cmake_args': None, 'build_base': '/home/zhihuili/RM_prac/build/ros2_vfh', 'catkin_cmake_args': None, 'catkin_skip_building_tests': False, 'cmake_args': None, 'cmake_clean_cache': False, 'cmake_clean_first': False, 'cmake_force_configure': False, 'cmake_target': None, 'cmake_target_skip_unavailable': False, 'install_base': '/home/zhihuili/RM_prac/install/ros2_vfh', 'merge_install': False, 'path': '/home/zhihuili/RM_prac/src/ros2_vfh', 'symlink_install': False, 'test_result_base': None}
[0.380s] Level 5:colcon.colcon_core.verb:set package 'slam_pkg' build argument 'cmake_args' from command line to 'None'
[0.380s] Level 5:colcon.colcon_core.verb:set package 'slam_pkg' build argument 'cmake_target' from command line to 'None'
[0.380s] Level 5:colcon.colcon_core.verb:set package 'slam_pkg' build argument 'cmake_target_skip_unavailable' from command line to 'False'
[0.380s] Level 5:colcon.colcon_core.verb:set package 'slam_pkg' build argument 'cmake_clean_cache' from command line to 'False'
[0.380s] Level 5:colcon.colcon_core.verb:set package 'slam_pkg' build argument 'cmake_clean_first' from command line to 'False'
[0.381s] Level 5:colcon.colcon_core.verb:set package 'slam_pkg' build argument 'cmake_force_configure' from command line to 'False'
[0.381s] Level 5:colcon.colcon_core.verb:set package 'slam_pkg' build argument 'ament_cmake_args' from command line to 'None'
[0.381s] Level 5:colcon.colcon_core.verb:set package 'slam_pkg' build argument 'catkin_cmake_args' from command line to 'None'
[0.381s] Level 5:colcon.colcon_core.verb:set package 'slam_pkg' build argument 'catkin_skip_building_tests' from command line to 'False'
[0.381s] DEBUG:colcon.colcon_core.verb:Building package 'slam_pkg' with the following arguments: {'ament_cmake_args': None, 'build_base': '/home/zhihuili/RM_prac/build/slam_pkg', 'catkin_cmake_args': None, 'catkin_skip_building_tests': False, 'cmake_args': None, 'cmake_clean_cache': False, 'cmake_clean_first': False, 'cmake_force_configure': False, 'cmake_target': None, 'cmake_target_skip_unavailable': False, 'install_base': '/home/zhihuili/RM_prac/install/slam_pkg', 'merge_install': False, 'path': '/home/zhihuili/RM_prac/src/slam_pkg', 'symlink_install': False, 'test_result_base': None}
[0.381s] Level 5:colcon.colcon_core.verb:set package 'transformations_pkg' build argument 'cmake_args' from command line to 'None'
[0.381s] Level 5:colcon.colcon_core.verb:set package 'transformations_pkg' build argument 'cmake_target' from command line to 'None'
[0.381s] Level 5:colcon.colcon_core.verb:set package 'transformations_pkg' build argument 'cmake_target_skip_unavailable' from command line to 'False'
[0.381s] Level 5:colcon.colcon_core.verb:set package 'transformations_pkg' build argument 'cmake_clean_cache' from command line to 'False'
[0.381s] Level 5:colcon.colcon_core.verb:set package 'transformations_pkg' build argument 'cmake_clean_first' from command line to 'False'
[0.381s] Level 5:colcon.colcon_core.verb:set package 'transformations_pkg' build argument 'cmake_force_configure' from command line to 'False'
[0.381s] Level 5:colcon.colcon_core.verb:set package 'transformations_pkg' build argument 'ament_cmake_args' from command line to 'None'
[0.381s] Level 5:colcon.colcon_core.verb:set package 'transformations_pkg' build argument 'catkin_cmake_args' from command line to 'None'
[0.381s] Level 5:colcon.colcon_core.verb:set package 'transformations_pkg' build argument 'catkin_skip_building_tests' from command line to 'False'
[0.381s] DEBUG:colcon.colcon_core.verb:Building package 'transformations_pkg' with the following arguments: {'ament_cmake_args': None, 'build_base': '/home/zhihuili/RM_prac/build/transformations_pkg', 'catkin_cmake_args': None, 'catkin_skip_building_tests': False, 'cmake_args': None, 'cmake_clean_cache': False, 'cmake_clean_first': False, 'cmake_force_configure': False, 'cmake_target': None, 'cmake_target_skip_unavailable': False, 'install_base': '/home/zhihuili/RM_prac/install/transformations_pkg', 'merge_install': False, 'path': '/home/zhihuili/RM_prac/src/transformations_pkg', 'symlink_install': False, 'test_result_base': None}
[0.381s] Level 5:colcon.colcon_core.verb:set package 'turtlebot3_coppeliasim' build argument 'cmake_args' from command line to 'None'
[0.381s] Level 5:colcon.colcon_core.verb:set package 'turtlebot3_coppeliasim' build argument 'cmake_target' from command line to 'None'
[0.381s] Level 5:colcon.colcon_core.verb:set package 'turtlebot3_coppeliasim' build argument 'cmake_target_skip_unavailable' from command line to 'False'
[0.381s] Level 5:colcon.colcon_core.verb:set package 'turtlebot3_coppeliasim' build argument 'cmake_clean_cache' from command line to 'False'
[0.381s] Level 5:colcon.colcon_core.verb:set package 'turtlebot3_coppeliasim' build argument 'cmake_clean_first' from command line to 'False'
[0.381s] Level 5:colcon.colcon_core.verb:set package 'turtlebot3_coppeliasim' build argument 'cmake_force_configure' from command line to 'False'
[0.381s] Level 5:colcon.colcon_core.verb:set package 'turtlebot3_coppeliasim' build argument 'ament_cmake_args' from command line to 'None'
[0.381s] Level 5:colcon.colcon_core.verb:set package 'turtlebot3_coppeliasim' build argument 'catkin_cmake_args' from command line to 'None'
[0.382s] Level 5:colcon.colcon_core.verb:set package 'turtlebot3_coppeliasim' build argument 'catkin_skip_building_tests' from command line to 'False'
[0.382s] DEBUG:colcon.colcon_core.verb:Building package 'turtlebot3_coppeliasim' with the following arguments: {'ament_cmake_args': None, 'build_base': '/home/zhihuili/RM_prac/build/turtlebot3_coppeliasim', 'catkin_cmake_args': None, 'catkin_skip_building_tests': False, 'cmake_args': None, 'cmake_clean_cache': False, 'cmake_clean_first': False, 'cmake_force_configure': False, 'cmake_target': None, 'cmake_target_skip_unavailable': False, 'install_base': '/home/zhihuili/RM_prac/install/turtlebot3_coppeliasim', 'merge_install': False, 'path': '/home/zhihuili/RM_prac/src/turtlebot3_coppeliasim', 'symlink_install': False, 'test_result_base': None}
[0.382s] Level 5:colcon.colcon_core.verb:set package 'turtlebot3_msgs' build argument 'cmake_args' from command line to 'None'
[0.382s] Level 5:colcon.colcon_core.verb:set package 'turtlebot3_msgs' build argument 'cmake_target' from command line to 'None'
[0.382s] Level 5:colcon.colcon_core.verb:set package 'turtlebot3_msgs' build argument 'cmake_target_skip_unavailable' from command line to 'False'
[0.382s] Level 5:colcon.colcon_core.verb:set package 'turtlebot3_msgs' build argument 'cmake_clean_cache' from command line to 'False'
[0.382s] Level 5:colcon.colcon_core.verb:set package 'turtlebot3_msgs' build argument 'cmake_clean_first' from command line to 'False'
[0.382s] Level 5:colcon.colcon_core.verb:set package 'turtlebot3_msgs' build argument 'cmake_force_configure' from command line to 'False'
[0.382s] Level 5:colcon.colcon_core.verb:set package 'turtlebot3_msgs' build argument 'ament_cmake_args' from command line to 'None'
[0.382s] Level 5:colcon.colcon_core.verb:set package 'turtlebot3_msgs' build argument 'catkin_cmake_args' from command line to 'None'
[0.382s] Level 5:colcon.colcon_core.verb:set package 'turtlebot3_msgs' build argument 'catkin_skip_building_tests' from command line to 'False'
[0.382s] DEBUG:colcon.colcon_core.verb:Building package 'turtlebot3_msgs' with the following arguments: {'ament_cmake_args': None, 'build_base': '/home/zhihuili/RM_prac/build/turtlebot3_msgs', 'catkin_cmake_args': None, 'catkin_skip_building_tests': False, 'cmake_args': None, 'cmake_clean_cache': False, 'cmake_clean_first': False, 'cmake_force_configure': False, 'cmake_target': None, 'cmake_target_skip_unavailable': False, 'install_base': '/home/zhihuili/RM_prac/install/turtlebot3_msgs', 'merge_install': False, 'path': '/home/zhihuili/RM_prac/src/turtlebot3_msgs', 'symlink_install': False, 'test_result_base': None}
[0.382s] Level 5:colcon.colcon_core.verb:set package 'upv_maps_pkg' build argument 'cmake_args' from command line to 'None'
[0.382s] Level 5:colcon.colcon_core.verb:set package 'upv_maps_pkg' build argument 'cmake_target' from command line to 'None'
[0.382s] Level 5:colcon.colcon_core.verb:set package 'upv_maps_pkg' build argument 'cmake_target_skip_unavailable' from command line to 'False'
[0.382s] Level 5:colcon.colcon_core.verb:set package 'upv_maps_pkg' build argument 'cmake_clean_cache' from command line to 'False'
[0.382s] Level 5:colcon.colcon_core.verb:set package 'upv_maps_pkg' build argument 'cmake_clean_first' from command line to 'False'
[0.382s] Level 5:colcon.colcon_core.verb:set package 'upv_maps_pkg' build argument 'cmake_force_configure' from command line to 'False'
[0.382s] Level 5:colcon.colcon_core.verb:set package 'upv_maps_pkg' build argument 'ament_cmake_args' from command line to 'None'
[0.382s] Level 5:colcon.colcon_core.verb:set package 'upv_maps_pkg' build argument 'catkin_cmake_args' from command line to 'None'
[0.382s] Level 5:colcon.colcon_core.verb:set package 'upv_maps_pkg' build argument 'catkin_skip_building_tests' from command line to 'False'
[0.382s] DEBUG:colcon.colcon_core.verb:Building package 'upv_maps_pkg' with the following arguments: {'ament_cmake_args': None, 'build_base': '/home/zhihuili/RM_prac/build/upv_maps_pkg', 'catkin_cmake_args': None, 'catkin_skip_building_tests': False, 'cmake_args': None, 'cmake_clean_cache': False, 'cmake_clean_first': False, 'cmake_force_configure': False, 'cmake_target': None, 'cmake_target_skip_unavailable': False, 'install_base': '/home/zhihuili/RM_prac/install/upv_maps_pkg', 'merge_install': False, 'path': '/home/zhihuili/RM_prac/src/upv_maps_pkg', 'symlink_install': False, 'test_result_base': None}
[0.383s] Level 5:colcon.colcon_core.verb:set package 'maintenance_mode_pkg' build argument 'cmake_args' from command line to 'None'
[0.383s] Level 5:colcon.colcon_core.verb:set package 'maintenance_mode_pkg' build argument 'cmake_target' from command line to 'None'
[0.383s] Level 5:colcon.colcon_core.verb:set package 'maintenance_mode_pkg' build argument 'cmake_target_skip_unavailable' from command line to 'False'
[0.383s] Level 5:colcon.colcon_core.verb:set package 'maintenance_mode_pkg' build argument 'cmake_clean_cache' from command line to 'False'
[0.383s] Level 5:colcon.colcon_core.verb:set package 'maintenance_mode_pkg' build argument 'cmake_clean_first' from command line to 'False'
[0.383s] Level 5:colcon.colcon_core.verb:set package 'maintenance_mode_pkg' build argument 'cmake_force_configure' from command line to 'False'
[0.383s] Level 5:colcon.colcon_core.verb:set package 'maintenance_mode_pkg' build argument 'ament_cmake_args' from command line to 'None'
[0.383s] Level 5:colcon.colcon_core.verb:set package 'maintenance_mode_pkg' build argument 'catkin_cmake_args' from command line to 'None'
[0.383s] Level 5:colcon.colcon_core.verb:set package 'maintenance_mode_pkg' build argument 'catkin_skip_building_tests' from command line to 'False'
[0.383s] DEBUG:colcon.colcon_core.verb:Building package 'maintenance_mode_pkg' with the following arguments: {'ament_cmake_args': None, 'build_base': '/home/zhihuili/RM_prac/build/maintenance_mode_pkg', 'catkin_cmake_args': None, 'catkin_skip_building_tests': False, 'cmake_args': None, 'cmake_clean_cache': False, 'cmake_clean_first': False, 'cmake_force_configure': False, 'cmake_target': None, 'cmake_target_skip_unavailable': False, 'install_base': '/home/zhihuili/RM_prac/install/maintenance_mode_pkg', 'merge_install': False, 'path': '/home/zhihuili/RM_prac/src/maintenance_mode_pkg', 'symlink_install': False, 'test_result_base': None}
[0.383s] Level 5:colcon.colcon_core.verb:set package 'turtlebot3_dqn' build argument 'cmake_args' from command line to 'None'
[0.383s] Level 5:colcon.colcon_core.verb:set package 'turtlebot3_dqn' build argument 'cmake_target' from command line to 'None'
[0.383s] Level 5:colcon.colcon_core.verb:set package 'turtlebot3_dqn' build argument 'cmake_target_skip_unavailable' from command line to 'False'
[0.383s] Level 5:colcon.colcon_core.verb:set package 'turtlebot3_dqn' build argument 'cmake_clean_cache' from command line to 'False'
[0.383s] Level 5:colcon.colcon_core.verb:set package 'turtlebot3_dqn' build argument 'cmake_clean_first' from command line to 'False'
[0.383s] Level 5:colcon.colcon_core.verb:set package 'turtlebot3_dqn' build argument 'cmake_force_configure' from command line to 'False'
[0.383s] Level 5:colcon.colcon_core.verb:set package 'turtlebot3_dqn' build argument 'ament_cmake_args' from command line to 'None'
[0.383s] Level 5:colcon.colcon_core.verb:set package 'turtlebot3_dqn' build argument 'catkin_cmake_args' from command line to 'None'
[0.383s] Level 5:colcon.colcon_core.verb:set package 'turtlebot3_dqn' build argument 'catkin_skip_building_tests' from command line to 'False'
[0.383s] DEBUG:colcon.colcon_core.verb:Building package 'turtlebot3_dqn' with the following arguments: {'ament_cmake_args': None, 'build_base': '/home/zhihuili/RM_prac/build/turtlebot3_dqn', 'catkin_cmake_args': None, 'catkin_skip_building_tests': False, 'cmake_args': None, 'cmake_clean_cache': False, 'cmake_clean_first': False, 'cmake_force_configure': False, 'cmake_target': None, 'cmake_target_skip_unavailable': False, 'install_base': '/home/zhihuili/RM_prac/install/turtlebot3_dqn', 'merge_install': False, 'path': '/home/zhihuili/RM_prac/src/turtlebot3_dqn', 'symlink_install': False, 'test_result_base': None}
[0.384s] INFO:colcon.colcon_core.executor:Executing jobs using 'parallel' executor
[0.385s] DEBUG:colcon.colcon_parallel_executor.executor.parallel:run_until_complete
[0.385s] INFO:colcon.colcon_ros.task.ament_cmake.build:Building ROS package in '/home/zhihuili/RM_prac/src/turtlebot3_msgs' with build type 'ament_cmake'
[0.386s] INFO:colcon.colcon_cmake.task.cmake.build:Building CMake package in '/home/zhihuili/RM_prac/src/turtlebot3_msgs'
[0.388s] INFO:colcon.colcon_core.plugin_system:Skipping extension 'colcon_core.shell.bat': Not used on non-Windows systems
[0.388s] INFO:colcon.colcon_core.shell:Skip shell extension 'powershell' for command environment: Not usable outside of PowerShell
[0.388s] DEBUG:colcon.colcon_core.shell:Skip shell extension 'dsv' for command environment
[0.393s] INFO:colcon.colcon_ros.task.ament_cmake.build:Building ROS package in '/home/zhihuili/RM_prac/src/bringup_turtlebot3_pkg' with build type 'ament_cmake'
[0.393s] INFO:colcon.colcon_cmake.task.cmake.build:Building CMake package in '/home/zhihuili/RM_prac/src/bringup_turtlebot3_pkg'
[0.394s] INFO:colcon.colcon_core.shell:Skip shell extension 'powershell' for command environment: Not usable outside of PowerShell
[0.394s] DEBUG:colcon.colcon_core.shell:Skip shell extension 'dsv' for command environment
[0.398s] INFO:colcon.colcon_ros.task.ament_cmake.build:Building ROS package in '/home/zhihuili/RM_prac/src/intro_ros_pkg' with build type 'ament_cmake'
[0.398s] INFO:colcon.colcon_cmake.task.cmake.build:Building CMake package in '/home/zhihuili/RM_prac/src/intro_ros_pkg'
[0.399s] INFO:colcon.colcon_core.shell:Skip shell extension 'powershell' for command environment: Not usable outside of PowerShell
[0.399s] DEBUG:colcon.colcon_core.shell:Skip shell extension 'dsv' for command environment
[0.406s] INFO:colcon.colcon_ros.task.ament_cmake.build:Building ROS package in '/home/zhihuili/RM_prac/src/kinematic_control_pkg' with build type 'ament_cmake'
[0.406s] INFO:colcon.colcon_cmake.task.cmake.build:Building CMake package in '/home/zhihuili/RM_prac/src/kinematic_control_pkg'
[0.407s] INFO:colcon.colcon_core.shell:Skip shell extension 'powershell' for command environment: Not usable outside of PowerShell
[0.407s] DEBUG:colcon.colcon_core.shell:Skip shell extension 'dsv' for command environment
[0.416s] INFO:colcon.colcon_ros.task.ament_cmake.build:Building ROS package in '/home/zhihuili/RM_prac/src/navigation_pkg' with build type 'ament_cmake'
[0.416s] INFO:colcon.colcon_cmake.task.cmake.build:Building CMake package in '/home/zhihuili/RM_prac/src/navigation_pkg'
[0.416s] INFO:colcon.colcon_core.shell:Skip shell extension 'powershell' for command environment: Not usable outside of PowerShell
[0.417s] DEBUG:colcon.colcon_core.shell:Skip shell extension 'dsv' for command environment
[0.425s] INFO:colcon.colcon_ros.task.ament_cmake.build:Building ROS package in '/home/zhihuili/RM_prac/src/pure_pursuit_pkg' with build type 'ament_cmake'
[0.425s] INFO:colcon.colcon_cmake.task.cmake.build:Building CMake package in '/home/zhihuili/RM_prac/src/pure_pursuit_pkg'
[0.426s] INFO:colcon.colcon_core.shell:Skip shell extension 'powershell' for command environment: Not usable outside of PowerShell
[0.426s] DEBUG:colcon.colcon_core.shell:Skip shell extension 'dsv' for command environment
[0.434s] INFO:colcon.colcon_ros.task.ament_cmake.build:Building ROS package in '/home/zhihuili/RM_prac/src/ros2_vfh' with build type 'ament_cmake'
[0.435s] INFO:colcon.colcon_cmake.task.cmake.build:Building CMake package in '/home/zhihuili/RM_prac/src/ros2_vfh'
[0.435s] INFO:colcon.colcon_core.shell:Skip shell extension 'powershell' for command environment: Not usable outside of PowerShell
[0.436s] DEBUG:colcon.colcon_core.shell:Skip shell extension 'dsv' for command environment
[0.443s] INFO:colcon.colcon_ros.task.ament_cmake.build:Building ROS package in '/home/zhihuili/RM_prac/src/slam_pkg' with build type 'ament_cmake'
[0.444s] INFO:colcon.colcon_cmake.task.cmake.build:Building CMake package in '/home/zhihuili/RM_prac/src/slam_pkg'
[0.444s] INFO:colcon.colcon_core.shell:Skip shell extension 'powershell' for command environment: Not usable outside of PowerShell
[0.444s] DEBUG:colcon.colcon_core.shell:Skip shell extension 'dsv' for command environment
[0.454s] INFO:colcon.colcon_ros.task.ament_cmake.build:Building ROS package in '/home/zhihuili/RM_prac/src/transformations_pkg' with build type 'ament_cmake'
[0.455s] INFO:colcon.colcon_cmake.task.cmake.build:Building CMake package in '/home/zhihuili/RM_prac/src/transformations_pkg'
[0.455s] INFO:colcon.colcon_core.shell:Skip shell extension 'powershell' for command environment: Not usable outside of PowerShell
[0.455s] DEBUG:colcon.colcon_core.shell:Skip shell extension 'dsv' for command environment
[0.463s] INFO:colcon.colcon_ros.task.ament_cmake.build:Building ROS package in '/home/zhihuili/RM_prac/src/turtlebot3_coppeliasim' with build type 'ament_cmake'
[0.463s] INFO:colcon.colcon_cmake.task.cmake.build:Building CMake package in '/home/zhihuili/RM_prac/src/turtlebot3_coppeliasim'
[0.463s] INFO:colcon.colcon_core.shell:Skip shell extension 'powershell' for command environment: Not usable outside of PowerShell
[0.463s] DEBUG:colcon.colcon_core.shell:Skip shell extension 'dsv' for command environment
[0.470s] INFO:colcon.colcon_ros.task.ament_cmake.build:Building ROS package in '/home/zhihuili/RM_prac/src/upv_maps_pkg' with build type 'ament_cmake'
[0.471s] INFO:colcon.colcon_cmake.task.cmake.build:Building CMake package in '/home/zhihuili/RM_prac/src/upv_maps_pkg'
[0.471s] INFO:colcon.colcon_core.shell:Skip shell extension 'powershell' for command environment: Not usable outside of PowerShell
[0.471s] DEBUG:colcon.colcon_core.shell:Skip shell extension 'dsv' for command environment
[0.488s] DEBUG:colcon.colcon_core.event_handler.log_command:Invoking command in '/home/zhihuili/RM_prac/build/turtlebot3_msgs': CMAKE_PREFIX_PATH=${CMAKE_PREFIX_PATH}:/home/zhihuili/RM_prac/install/turtlebot3_dqn:/opt/ros/humble /usr/bin/cmake --build /home/zhihuili/RM_prac/build/turtlebot3_msgs -- -j14 -l14
[0.502s] DEBUG:colcon.colcon_core.event_handler.log_command:Invoking command in '/home/zhihuili/RM_prac/build/bringup_turtlebot3_pkg': CMAKE_PREFIX_PATH=${CMAKE_PREFIX_PATH}:/home/zhihuili/RM_prac/install/turtlebot3_dqn:/opt/ros/humble /usr/bin/cmake --build /home/zhihuili/RM_prac/build/bringup_turtlebot3_pkg -- -j14 -l14
[0.510s] DEBUG:colcon.colcon_core.event_handler.log_command:Invoking command in '/home/zhihuili/RM_prac/build/intro_ros_pkg': CMAKE_PREFIX_PATH=${CMAKE_PREFIX_PATH}:/home/zhihuili/RM_prac/install/turtlebot3_dqn:/opt/ros/humble /usr/bin/cmake --build /home/zhihuili/RM_prac/build/intro_ros_pkg -- -j14 -l14
[0.517s] DEBUG:colcon.colcon_core.event_handler.log_command:Invoking command in '/home/zhihuili/RM_prac/build/kinematic_control_pkg': CMAKE_PREFIX_PATH=${CMAKE_PREFIX_PATH}:/home/zhihuili/RM_prac/install/turtlebot3_dqn:/opt/ros/humble /usr/bin/cmake --build /home/zhihuili/RM_prac/build/kinematic_control_pkg -- -j14 -l14
[0.521s] DEBUG:colcon.colcon_core.event_handler.log_command:Invoking command in '/home/zhihuili/RM_prac/build/navigation_pkg': CMAKE_PREFIX_PATH=${CMAKE_PREFIX_PATH}:/home/zhihuili/RM_prac/install/turtlebot3_dqn:/opt/ros/humble /usr/bin/cmake --build /home/zhihuili/RM_prac/build/navigation_pkg -- -j14 -l14
[0.525s] DEBUG:colcon.colcon_core.event_handler.log_command:Invoking command in '/home/zhihuili/RM_prac/build/pure_pursuit_pkg': CMAKE_PREFIX_PATH=${CMAKE_PREFIX_PATH}:/home/zhihuili/RM_prac/install/turtlebot3_dqn:/opt/ros/humble /usr/bin/cmake --build /home/zhihuili/RM_prac/build/pure_pursuit_pkg -- -j14 -l14
[0.530s] DEBUG:colcon.colcon_core.event_handler.log_command:Invoking command in '/home/zhihuili/RM_prac/build/ros2_vfh': CMAKE_PREFIX_PATH=${CMAKE_PREFIX_PATH}:/home/zhihuili/RM_prac/install/turtlebot3_dqn:/opt/ros/humble /usr/bin/cmake --build /home/zhihuili/RM_prac/build/ros2_vfh -- -j14 -l14
[0.539s] DEBUG:colcon.colcon_core.event_handler.log_command:Invoking command in '/home/zhihuili/RM_prac/build/slam_pkg': CMAKE_PREFIX_PATH=${CMAKE_PREFIX_PATH}:/home/zhihuili/RM_prac/install/turtlebot3_dqn:/opt/ros/humble /usr/bin/cmake --build /home/zhihuili/RM_prac/build/slam_pkg -- -j14 -l14
[0.544s] DEBUG:colcon.colcon_core.event_handler.log_command:Invoking command in '/home/zhihuili/RM_prac/build/transformations_pkg': CMAKE_PREFIX_PATH=${CMAKE_PREFIX_PATH}:/home/zhihuili/RM_prac/install/turtlebot3_dqn:/opt/ros/humble /usr/bin/cmake --build /home/zhihuili/RM_prac/build/transformations_pkg -- -j14 -l14
[0.550s] DEBUG:colcon.colcon_core.event_handler.log_command:Invoking command in '/home/zhihuili/RM_prac/build/turtlebot3_coppeliasim': CMAKE_PREFIX_PATH=${CMAKE_PREFIX_PATH}:/home/zhihuili/RM_prac/install/turtlebot3_dqn:/opt/ros/humble /usr/bin/cmake --build /home/zhihuili/RM_prac/build/turtlebot3_coppeliasim -- -j14 -l14
[0.556s] DEBUG:colcon.colcon_core.event_handler.log_command:Invoking command in '/home/zhihuili/RM_prac/build/upv_maps_pkg': CMAKE_PREFIX_PATH=${CMAKE_PREFIX_PATH}:/home/zhihuili/RM_prac/install/turtlebot3_dqn:/opt/ros/humble /usr/bin/cmake --build /home/zhihuili/RM_prac/build/upv_maps_pkg -- -j14 -l14
[0.637s] DEBUG:colcon.colcon_core.event_handler.log_command:Invoked command in '/home/zhihuili/RM_prac/build/bringup_turtlebot3_pkg' returned '0': CMAKE_PREFIX_PATH=${CMAKE_PREFIX_PATH}:/home/zhihuili/RM_prac/install/turtlebot3_dqn:/opt/ros/humble /usr/bin/cmake --build /home/zhihuili/RM_prac/build/bringup_turtlebot3_pkg -- -j14 -l14
[0.660s] DEBUG:colcon.colcon_core.event_handler.log_command:Invoking command in '/home/zhihuili/RM_prac/build/bringup_turtlebot3_pkg': CMAKE_PREFIX_PATH=${CMAKE_PREFIX_PATH}:/home/zhihuili/RM_prac/install/turtlebot3_dqn:/opt/ros/humble /usr/bin/cmake --install /home/zhihuili/RM_prac/build/bringup_turtlebot3_pkg
[0.666s] DEBUG:colcon.colcon_core.event_handler.log_command:Invoked command in '/home/zhihuili/RM_prac/build/turtlebot3_coppeliasim' returned '0': CMAKE_PREFIX_PATH=${CMAKE_PREFIX_PATH}:/home/zhihuili/RM_prac/install/turtlebot3_dqn:/opt/ros/humble /usr/bin/cmake --build /home/zhihuili/RM_prac/build/turtlebot3_coppeliasim -- -j14 -l14
[0.671s] DEBUG:colcon.colcon_core.event_handler.log_command:Invoking command in '/home/zhihuili/RM_prac/build/turtlebot3_coppeliasim': CMAKE_PREFIX_PATH=${CMAKE_PREFIX_PATH}:/home/zhihuili/RM_prac/install/turtlebot3_dqn:/opt/ros/humble /usr/bin/cmake --install /home/zhihuili/RM_prac/build/turtlebot3_coppeliasim
[0.677s] DEBUG:colcon.colcon_core.event_handler.log_command:Invoked command in '/home/zhihuili/RM_prac/build/upv_maps_pkg' returned '0': CMAKE_PREFIX_PATH=${CMAKE_PREFIX_PATH}:/home/zhihuili/RM_prac/install/turtlebot3_dqn:/opt/ros/humble /usr/bin/cmake --build /home/zhihuili/RM_prac/build/upv_maps_pkg -- -j14 -l14
[0.681s] DEBUG:colcon.colcon_core.event_handler.log_command:Invoking command in '/home/zhihuili/RM_prac/build/upv_maps_pkg': CMAKE_PREFIX_PATH=${CMAKE_PREFIX_PATH}:/home/zhihuili/RM_prac/install/turtlebot3_dqn:/opt/ros/humble /usr/bin/cmake --install /home/zhihuili/RM_prac/build/upv_maps_pkg
[0.695s] DEBUG:colcon.colcon_core.event_handler.log_command:Invoked command in '/home/zhihuili/RM_prac/build/navigation_pkg' returned '0': CMAKE_PREFIX_PATH=${CMAKE_PREFIX_PATH}:/home/zhihuili/RM_prac/install/turtlebot3_dqn:/opt/ros/humble /usr/bin/cmake --build /home/zhihuili/RM_prac/build/navigation_pkg -- -j14 -l14
[0.696s] DEBUG:colcon.colcon_core.event_handler.log_command:Invoking command in '/home/zhihuili/RM_prac/build/navigation_pkg': CMAKE_PREFIX_PATH=${CMAKE_PREFIX_PATH}:/home/zhihuili/RM_prac/install/turtlebot3_dqn:/opt/ros/humble /usr/bin/cmake --install /home/zhihuili/RM_prac/build/navigation_pkg
[0.721s] DEBUG:colcon.colcon_core.event_handler.log_command:Invoked command in '/home/zhihuili/RM_prac/build/intro_ros_pkg' returned '0': CMAKE_PREFIX_PATH=${CMAKE_PREFIX_PATH}:/home/zhihuili/RM_prac/install/turtlebot3_dqn:/opt/ros/humble /usr/bin/cmake --build /home/zhihuili/RM_prac/build/intro_ros_pkg -- -j14 -l14
[0.722s] DEBUG:colcon.colcon_core.event_handler.log_command:Invoking command in '/home/zhihuili/RM_prac/build/intro_ros_pkg': CMAKE_PREFIX_PATH=${CMAKE_PREFIX_PATH}:/home/zhihuili/RM_prac/install/turtlebot3_dqn:/opt/ros/humble /usr/bin/cmake --install /home/zhihuili/RM_prac/build/intro_ros_pkg
[0.739s] DEBUG:colcon.colcon_core.event_handler.log_command:Invoked command in '/home/zhihuili/RM_prac/build/slam_pkg' returned '0': CMAKE_PREFIX_PATH=${CMAKE_PREFIX_PATH}:/home/zhihuili/RM_prac/install/turtlebot3_dqn:/opt/ros/humble /usr/bin/cmake --build /home/zhihuili/RM_prac/build/slam_pkg -- -j14 -l14
[0.746s] DEBUG:colcon.colcon_core.event_handler.log_command:Invoking command in '/home/zhihuili/RM_prac/build/slam_pkg': CMAKE_PREFIX_PATH=${CMAKE_PREFIX_PATH}:/home/zhihuili/RM_prac/install/turtlebot3_dqn:/opt/ros/humble /usr/bin/cmake --install /home/zhihuili/RM_prac/build/slam_pkg
[0.776s] DEBUG:colcon.colcon_core.event_handler.log_command:Invoked command in '/home/zhihuili/RM_prac/build/transformations_pkg' returned '0': CMAKE_PREFIX_PATH=${CMAKE_PREFIX_PATH}:/home/zhihuili/RM_prac/install/turtlebot3_dqn:/opt/ros/humble /usr/bin/cmake --build /home/zhihuili/RM_prac/build/transformations_pkg -- -j14 -l14
[0.782s] DEBUG:colcon.colcon_core.event_handler.log_command:Invoking command in '/home/zhihuili/RM_prac/build/transformations_pkg': CMAKE_PREFIX_PATH=${CMAKE_PREFIX_PATH}:/home/zhihuili/RM_prac/install/turtlebot3_dqn:/opt/ros/humble /usr/bin/cmake --install /home/zhihuili/RM_prac/build/transformations_pkg
[0.799s] Level 1:colcon.colcon_core.environment:create_environment_scripts_only(bringup_turtlebot3_pkg)
[0.800s] DEBUG:colcon.colcon_core.event_handler.log_command:Invoked command in '/home/zhihuili/RM_prac/build/bringup_turtlebot3_pkg' returned '0': CMAKE_PREFIX_PATH=${CMAKE_PREFIX_PATH}:/home/zhihuili/RM_prac/install/turtlebot3_dqn:/opt/ros/humble /usr/bin/cmake --install /home/zhihuili/RM_prac/build/bringup_turtlebot3_pkg
[0.805s] Level 1:colcon.colcon_core.environment:checking '/home/zhihuili/RM_prac/install/bringup_turtlebot3_pkg' for CMake module files
[0.806s] Level 1:colcon.colcon_core.environment:checking '/home/zhihuili/RM_prac/install/bringup_turtlebot3_pkg' for CMake config files
[0.806s] Level 1:colcon.colcon_core.shell:create_environment_hook('bringup_turtlebot3_pkg', 'cmake_prefix_path')
[0.807s] INFO:colcon.colcon_core.shell:Creating environment hook '/home/zhihuili/RM_prac/install/bringup_turtlebot3_pkg/share/bringup_turtlebot3_pkg/hook/cmake_prefix_path.ps1'
[0.810s] INFO:colcon.colcon_core.shell:Creating environment descriptor '/home/zhihuili/RM_prac/install/bringup_turtlebot3_pkg/share/bringup_turtlebot3_pkg/hook/cmake_prefix_path.dsv'
[0.815s] INFO:colcon.colcon_core.shell:Creating environment hook '/home/zhihuili/RM_prac/install/bringup_turtlebot3_pkg/share/bringup_turtlebot3_pkg/hook/cmake_prefix_path.sh'
[0.818s] Level 1:colcon.colcon_core.environment:checking '/home/zhihuili/RM_prac/install/bringup_turtlebot3_pkg/lib'
[0.818s] Level 1:colcon.colcon_core.environment:checking '/home/zhihuili/RM_prac/install/bringup_turtlebot3_pkg/bin'
[0.819s] Level 1:colcon.colcon_core.environment:checking '/home/zhihuili/RM_prac/install/bringup_turtlebot3_pkg/lib/pkgconfig/bringup_turtlebot3_pkg.pc'
[0.819s] Level 1:colcon.colcon_core.environment:checking '/home/zhihuili/RM_prac/install/bringup_turtlebot3_pkg/lib/python3.10/site-packages'
[0.820s] Level 1:colcon.colcon_core.environment:checking '/home/zhihuili/RM_prac/install/bringup_turtlebot3_pkg/bin'
[0.820s] INFO:colcon.colcon_core.shell:Creating package script '/home/zhihuili/RM_prac/install/bringup_turtlebot3_pkg/share/bringup_turtlebot3_pkg/package.ps1'
[0.823s] INFO:colcon.colcon_core.shell:Creating package descriptor '/home/zhihuili/RM_prac/install/bringup_turtlebot3_pkg/share/bringup_turtlebot3_pkg/package.dsv'
[0.824s] INFO:colcon.colcon_core.shell:Creating package script '/home/zhihuili/RM_prac/install/bringup_turtlebot3_pkg/share/bringup_turtlebot3_pkg/package.sh'
[0.826s] INFO:colcon.colcon_core.shell:Creating package script '/home/zhihuili/RM_prac/install/bringup_turtlebot3_pkg/share/bringup_turtlebot3_pkg/package.bash'
[0.827s] INFO:colcon.colcon_core.shell:Creating package script '/home/zhihuili/RM_prac/install/bringup_turtlebot3_pkg/share/bringup_turtlebot3_pkg/package.zsh'
[0.829s] Level 1:colcon.colcon_core.environment:create_file_with_runtime_dependencies(/home/zhihuili/RM_prac/install/bringup_turtlebot3_pkg/share/colcon-core/packages/bringup_turtlebot3_pkg)
[0.830s] Level 1:colcon.colcon_core.environment:create_environment_scripts_only(bringup_turtlebot3_pkg)
[0.830s] Level 1:colcon.colcon_core.environment:checking '/home/zhihuili/RM_prac/install/bringup_turtlebot3_pkg' for CMake module files
[0.831s] Level 1:colcon.colcon_core.environment:checking '/home/zhihuili/RM_prac/install/bringup_turtlebot3_pkg' for CMake config files
[0.831s] Level 1:colcon.colcon_core.shell:create_environment_hook('bringup_turtlebot3_pkg', 'cmake_prefix_path')
[0.832s] INFO:colcon.colcon_core.shell:Creating environment hook '/home/zhihuili/RM_prac/install/bringup_turtlebot3_pkg/share/bringup_turtlebot3_pkg/hook/cmake_prefix_path.ps1'
[0.833s] INFO:colcon.colcon_core.shell:Creating environment descriptor '/home/zhihuili/RM_prac/install/bringup_turtlebot3_pkg/share/bringup_turtlebot3_pkg/hook/cmake_prefix_path.dsv'
[0.833s] INFO:colcon.colcon_core.shell:Creating environment hook '/home/zhihuili/RM_prac/install/bringup_turtlebot3_pkg/share/bringup_turtlebot3_pkg/hook/cmake_prefix_path.sh'
[0.835s] Level 1:colcon.colcon_core.environment:checking '/home/zhihuili/RM_prac/install/bringup_turtlebot3_pkg/lib'
[0.835s] Level 1:colcon.colcon_core.environment:checking '/home/zhihuili/RM_prac/install/bringup_turtlebot3_pkg/bin'
[0.835s] Level 1:colcon.colcon_core.environment:checking '/home/zhihuili/RM_prac/install/bringup_turtlebot3_pkg/lib/pkgconfig/bringup_turtlebot3_pkg.pc'
[0.835s] Level 1:colcon.colcon_core.environment:checking '/home/zhihuili/RM_prac/install/bringup_turtlebot3_pkg/lib/python3.10/site-packages'
[0.836s] Level 1:colcon.colcon_core.environment:checking '/home/zhihuili/RM_prac/install/bringup_turtlebot3_pkg/bin'
[0.837s] INFO:colcon.colcon_core.shell:Creating package script '/home/zhihuili/RM_prac/install/bringup_turtlebot3_pkg/share/bringup_turtlebot3_pkg/package.ps1'
[0.839s] INFO:colcon.colcon_core.shell:Creating package descriptor '/home/zhihuili/RM_prac/install/bringup_turtlebot3_pkg/share/bringup_turtlebot3_pkg/package.dsv'
[0.841s] INFO:colcon.colcon_core.shell:Creating package script '/home/zhihuili/RM_prac/install/bringup_turtlebot3_pkg/share/bringup_turtlebot3_pkg/package.sh'
[0.844s] INFO:colcon.colcon_core.shell:Creating package script '/home/zhihuili/RM_prac/install/bringup_turtlebot3_pkg/share/bringup_turtlebot3_pkg/package.bash'
[0.844s] INFO:colcon.colcon_core.shell:Creating package script '/home/zhihuili/RM_prac/install/bringup_turtlebot3_pkg/share/bringup_turtlebot3_pkg/package.zsh'
[0.847s] Level 1:colcon.colcon_core.environment:create_file_with_runtime_dependencies(/home/zhihuili/RM_prac/install/bringup_turtlebot3_pkg/share/colcon-core/packages/bringup_turtlebot3_pkg)
[0.848s] Level 1:colcon.colcon_core.environment:create_environment_scripts_only(navigation_pkg)
[0.851s] Level 1:colcon.colcon_core.environment:checking '/home/zhihuili/RM_prac/install/navigation_pkg' for CMake module files
[0.851s] Level 1:colcon.colcon_core.environment:checking '/home/zhihuili/RM_prac/install/navigation_pkg' for CMake config files
[0.853s] Level 1:colcon.colcon_core.shell:create_environment_hook('navigation_pkg', 'cmake_prefix_path')
[0.854s] INFO:colcon.colcon_core.shell:Creating environment hook '/home/zhihuili/RM_prac/install/navigation_pkg/share/navigation_pkg/hook/cmake_prefix_path.ps1'
[0.858s] DEBUG:colcon.colcon_core.event_handler.log_command:Invoked command in '/home/zhihuili/RM_prac/build/navigation_pkg' returned '0': CMAKE_PREFIX_PATH=${CMAKE_PREFIX_PATH}:/home/zhihuili/RM_prac/install/turtlebot3_dqn:/opt/ros/humble /usr/bin/cmake --install /home/zhihuili/RM_prac/build/navigation_pkg
[0.859s] INFO:colcon.colcon_core.shell:Creating environment descriptor '/home/zhihuili/RM_prac/install/navigation_pkg/share/navigation_pkg/hook/cmake_prefix_path.dsv'
[0.860s] INFO:colcon.colcon_core.shell:Creating environment hook '/home/zhihuili/RM_prac/install/navigation_pkg/share/navigation_pkg/hook/cmake_prefix_path.sh'
[0.861s] Level 1:colcon.colcon_core.environment:checking '/home/zhihuili/RM_prac/install/navigation_pkg/bin'
[0.861s] Level 1:colcon.colcon_core.environment:checking '/home/zhihuili/RM_prac/install/navigation_pkg/lib/pkgconfig/navigation_pkg.pc'
[0.862s] Level 1:colcon.colcon_core.environment:checking '/home/zhihuili/RM_prac/install/navigation_pkg/lib/python3.10/site-packages'
[0.863s] Level 1:colcon.colcon_core.environment:checking '/home/zhihuili/RM_prac/install/navigation_pkg/bin'
[0.864s] INFO:colcon.colcon_core.shell:Creating package script '/home/zhihuili/RM_prac/install/navigation_pkg/share/navigation_pkg/package.ps1'
[0.866s] INFO:colcon.colcon_core.shell:Creating package descriptor '/home/zhihuili/RM_prac/install/navigation_pkg/share/navigation_pkg/package.dsv'
[0.867s] INFO:colcon.colcon_core.shell:Creating package script '/home/zhihuili/RM_prac/install/navigation_pkg/share/navigation_pkg/package.sh'
[0.868s] INFO:colcon.colcon_core.shell:Creating package script '/home/zhihuili/RM_prac/install/navigation_pkg/share/navigation_pkg/package.bash'
[0.868s] INFO:colcon.colcon_core.shell:Creating package script '/home/zhihuili/RM_prac/install/navigation_pkg/share/navigation_pkg/package.zsh'
[0.869s] Level 1:colcon.colcon_core.environment:create_file_with_runtime_dependencies(/home/zhihuili/RM_prac/install/navigation_pkg/share/colcon-core/packages/navigation_pkg)
[0.870s] Level 1:colcon.colcon_core.environment:create_environment_scripts_only(navigation_pkg)
[0.870s] Level 1:colcon.colcon_core.environment:checking '/home/zhihuili/RM_prac/install/navigation_pkg' for CMake module files
[0.871s] Level 1:colcon.colcon_core.environment:checking '/home/zhihuili/RM_prac/install/navigation_pkg' for CMake config files
[0.871s] Level 1:colcon.colcon_core.shell:create_environment_hook('navigation_pkg', 'cmake_prefix_path')
[0.872s] INFO:colcon.colcon_core.shell:Creating environment hook '/home/zhihuili/RM_prac/install/navigation_pkg/share/navigation_pkg/hook/cmake_prefix_path.ps1'
[0.873s] INFO:colcon.colcon_core.shell:Creating environment descriptor '/home/zhihuili/RM_prac/install/navigation_pkg/share/navigation_pkg/hook/cmake_prefix_path.dsv'
[0.873s] INFO:colcon.colcon_core.shell:Creating environment hook '/home/zhihuili/RM_prac/install/navigation_pkg/share/navigation_pkg/hook/cmake_prefix_path.sh'
[0.875s] Level 1:colcon.colcon_core.environment:checking '/home/zhihuili/RM_prac/install/navigation_pkg/bin'
[0.875s] Level 1:colcon.colcon_core.environment:checking '/home/zhihuili/RM_prac/install/navigation_pkg/lib/pkgconfig/navigation_pkg.pc'
[0.875s] Level 1:colcon.colcon_core.environment:checking '/home/zhihuili/RM_prac/install/navigation_pkg/lib/python3.10/site-packages'
[0.876s] Level 1:colcon.colcon_core.environment:checking '/home/zhihuili/RM_prac/install/navigation_pkg/bin'
[0.876s] INFO:colcon.colcon_core.shell:Creating package script '/home/zhihuili/RM_prac/install/navigation_pkg/share/navigation_pkg/package.ps1'
[0.878s] INFO:colcon.colcon_core.shell:Creating package descriptor '/home/zhihuili/RM_prac/install/navigation_pkg/share/navigation_pkg/package.dsv'
[0.878s] INFO:colcon.colcon_core.shell:Creating package script '/home/zhihuili/RM_prac/install/navigation_pkg/share/navigation_pkg/package.sh'
[0.879s] INFO:colcon.colcon_core.shell:Creating package script '/home/zhihuili/RM_prac/install/navigation_pkg/share/navigation_pkg/package.bash'
[0.880s] INFO:colcon.colcon_core.shell:Creating package script '/home/zhihuili/RM_prac/install/navigation_pkg/share/navigation_pkg/package.zsh'
[0.880s] Level 1:colcon.colcon_core.environment:create_file_with_runtime_dependencies(/home/zhihuili/RM_prac/install/navigation_pkg/share/colcon-core/packages/navigation_pkg)
[0.887s] Level 1:colcon.colcon_core.environment:create_environment_scripts_only(intro_ros_pkg)
[0.888s] Level 1:colcon.colcon_core.environment:checking '/home/zhihuili/RM_prac/install/intro_ros_pkg' for CMake module files
[0.893s] Level 1:colcon.colcon_core.environment:checking '/home/zhihuili/RM_prac/install/intro_ros_pkg' for CMake config files
[0.896s] Level 1:colcon.colcon_core.shell:create_environment_hook('intro_ros_pkg', 'cmake_prefix_path')
[0.896s] INFO:colcon.colcon_core.shell:Creating environment hook '/home/zhihuili/RM_prac/install/intro_ros_pkg/share/intro_ros_pkg/hook/cmake_prefix_path.ps1'
[0.898s] DEBUG:colcon.colcon_core.event_handler.log_command:Invoked command in '/home/zhihuili/RM_prac/build/intro_ros_pkg' returned '0': CMAKE_PREFIX_PATH=${CMAKE_PREFIX_PATH}:/home/zhihuili/RM_prac/install/turtlebot3_dqn:/opt/ros/humble /usr/bin/cmake --install /home/zhihuili/RM_prac/build/intro_ros_pkg
[0.899s] INFO:colcon.colcon_core.shell:Creating environment descriptor '/home/zhihuili/RM_prac/install/intro_ros_pkg/share/intro_ros_pkg/hook/cmake_prefix_path.dsv'
[0.899s] INFO:colcon.colcon_core.shell:Creating environment hook '/home/zhihuili/RM_prac/install/intro_ros_pkg/share/intro_ros_pkg/hook/cmake_prefix_path.sh'
[0.900s] Level 1:colcon.colcon_core.environment:checking '/home/zhihuili/RM_prac/install/intro_ros_pkg/lib'
[0.900s] Level 1:colcon.colcon_core.environment:checking '/home/zhihuili/RM_prac/install/intro_ros_pkg/bin'
[0.901s] Level 1:colcon.colcon_core.environment:checking '/home/zhihuili/RM_prac/install/intro_ros_pkg/lib/pkgconfig/intro_ros_pkg.pc'
[0.901s] Level 1:colcon.colcon_core.environment:checking '/home/zhihuili/RM_prac/install/intro_ros_pkg/lib/python3.10/site-packages'
[0.901s] Level 1:colcon.colcon_core.environment:checking '/home/zhihuili/RM_prac/install/intro_ros_pkg/bin'
[0.902s] INFO:colcon.colcon_core.shell:Creating package script '/home/zhihuili/RM_prac/install/intro_ros_pkg/share/intro_ros_pkg/package.ps1'
[0.903s] INFO:colcon.colcon_core.shell:Creating package descriptor '/home/zhihuili/RM_prac/install/intro_ros_pkg/share/intro_ros_pkg/package.dsv'
[0.904s] INFO:colcon.colcon_core.shell:Creating package script '/home/zhihuili/RM_prac/install/intro_ros_pkg/share/intro_ros_pkg/package.sh'
[0.905s] INFO:colcon.colcon_core.shell:Creating package script '/home/zhihuili/RM_prac/install/intro_ros_pkg/share/intro_ros_pkg/package.bash'
[0.908s] INFO:colcon.colcon_core.shell:Creating package script '/home/zhihuili/RM_prac/install/intro_ros_pkg/share/intro_ros_pkg/package.zsh'
[0.909s] Level 1:colcon.colcon_core.environment:create_file_with_runtime_dependencies(/home/zhihuili/RM_prac/install/intro_ros_pkg/share/colcon-core/packages/intro_ros_pkg)
[0.911s] Level 1:colcon.colcon_core.environment:create_environment_scripts_only(intro_ros_pkg)
[0.912s] Level 1:colcon.colcon_core.environment:checking '/home/zhihuili/RM_prac/install/intro_ros_pkg' for CMake module files
[0.912s] Level 1:colcon.colcon_core.environment:checking '/home/zhihuili/RM_prac/install/intro_ros_pkg' for CMake config files
[0.913s] Level 1:colcon.colcon_core.shell:create_environment_hook('intro_ros_pkg', 'cmake_prefix_path')
[0.913s] INFO:colcon.colcon_core.shell:Creating environment hook '/home/zhihuili/RM_prac/install/intro_ros_pkg/share/intro_ros_pkg/hook/cmake_prefix_path.ps1'
[0.914s] INFO:colcon.colcon_core.shell:Creating environment descriptor '/home/zhihuili/RM_prac/install/intro_ros_pkg/share/intro_ros_pkg/hook/cmake_prefix_path.dsv'
[0.914s] INFO:colcon.colcon_core.shell:Creating environment hook '/home/zhihuili/RM_prac/install/intro_ros_pkg/share/intro_ros_pkg/hook/cmake_prefix_path.sh'
[0.915s] Level 1:colcon.colcon_core.environment:checking '/home/zhihuili/RM_prac/install/intro_ros_pkg/lib'
[0.915s] Level 1:colcon.colcon_core.environment:checking '/home/zhihuili/RM_prac/install/intro_ros_pkg/bin'
[0.915s] Level 1:colcon.colcon_core.environment:checking '/home/zhihuili/RM_prac/install/intro_ros_pkg/lib/pkgconfig/intro_ros_pkg.pc'
[0.915s] Level 1:colcon.colcon_core.environment:checking '/home/zhihuili/RM_prac/install/intro_ros_pkg/lib/python3.10/site-packages'
[0.916s] Level 1:colcon.colcon_core.environment:checking '/home/zhihuili/RM_prac/install/intro_ros_pkg/bin'
[0.916s] INFO:colcon.colcon_core.shell:Creating package script '/home/zhihuili/RM_prac/install/intro_ros_pkg/share/intro_ros_pkg/package.ps1'
[0.917s] INFO:colcon.colcon_core.shell:Creating package descriptor '/home/zhihuili/RM_prac/install/intro_ros_pkg/share/intro_ros_pkg/package.dsv'
[0.917s] INFO:colcon.colcon_core.shell:Creating package script '/home/zhihuili/RM_prac/install/intro_ros_pkg/share/intro_ros_pkg/package.sh'
[0.918s] INFO:colcon.colcon_core.shell:Creating package script '/home/zhihuili/RM_prac/install/intro_ros_pkg/share/intro_ros_pkg/package.bash'
[0.919s] INFO:colcon.colcon_core.shell:Creating package script '/home/zhihuili/RM_prac/install/intro_ros_pkg/share/intro_ros_pkg/package.zsh'
[0.919s] Level 1:colcon.colcon_core.environment:create_file_with_runtime_dependencies(/home/zhihuili/RM_prac/install/intro_ros_pkg/share/colcon-core/packages/intro_ros_pkg)
[0.919s] Level 1:colcon.colcon_core.environment:create_environment_scripts_only(turtlebot3_coppeliasim)
[0.920s] Level 1:colcon.colcon_core.environment:checking '/home/zhihuili/RM_prac/install/turtlebot3_coppeliasim' for CMake module files
[0.921s] Level 1:colcon.colcon_core.environment:checking '/home/zhihuili/RM_prac/install/turtlebot3_coppeliasim' for CMake config files
[0.921s] DEBUG:colcon.colcon_core.event_handler.log_command:Invoked command in '/home/zhihuili/RM_prac/build/turtlebot3_coppeliasim' returned '0': CMAKE_PREFIX_PATH=${CMAKE_PREFIX_PATH}:/home/zhihuili/RM_prac/install/turtlebot3_dqn:/opt/ros/humble /usr/bin/cmake --install /home/zhihuili/RM_prac/build/turtlebot3_coppeliasim
[0.922s] Level 1:colcon.colcon_core.shell:create_environment_hook('turtlebot3_coppeliasim', 'cmake_prefix_path')
[0.922s] INFO:colcon.colcon_core.shell:Creating environment hook '/home/zhihuili/RM_prac/install/turtlebot3_coppeliasim/share/turtlebot3_coppeliasim/hook/cmake_prefix_path.ps1'
[0.923s] INFO:colcon.colcon_core.shell:Creating environment descriptor '/home/zhihuili/RM_prac/install/turtlebot3_coppeliasim/share/turtlebot3_coppeliasim/hook/cmake_prefix_path.dsv'
[0.923s] INFO:colcon.colcon_core.shell:Creating environment hook '/home/zhihuili/RM_prac/install/turtlebot3_coppeliasim/share/turtlebot3_coppeliasim/hook/cmake_prefix_path.sh'
[0.924s] Level 1:colcon.colcon_core.environment:checking '/home/zhihuili/RM_prac/install/turtlebot3_coppeliasim/bin'
[0.924s] Level 1:colcon.colcon_core.environment:checking '/home/zhihuili/RM_prac/install/turtlebot3_coppeliasim/lib/pkgconfig/turtlebot3_coppeliasim.pc'
[0.924s] Level 1:colcon.colcon_core.environment:checking '/home/zhihuili/RM_prac/install/turtlebot3_coppeliasim/lib/python3.10/site-packages'
[0.924s] Level 1:colcon.colcon_core.environment:checking '/home/zhihuili/RM_prac/install/turtlebot3_coppeliasim/bin'
[0.925s] INFO:colcon.colcon_core.shell:Creating package script '/home/zhihuili/RM_prac/install/turtlebot3_coppeliasim/share/turtlebot3_coppeliasim/package.ps1'
[0.925s] INFO:colcon.colcon_core.shell:Creating package descriptor '/home/zhihuili/RM_prac/install/turtlebot3_coppeliasim/share/turtlebot3_coppeliasim/package.dsv'
[0.926s] INFO:colcon.colcon_core.shell:Creating package script '/home/zhihuili/RM_prac/install/turtlebot3_coppeliasim/share/turtlebot3_coppeliasim/package.sh'
[0.927s] INFO:colcon.colcon_core.shell:Creating package script '/home/zhihuili/RM_prac/install/turtlebot3_coppeliasim/share/turtlebot3_coppeliasim/package.bash'
[0.927s] INFO:colcon.colcon_core.shell:Creating package script '/home/zhihuili/RM_prac/install/turtlebot3_coppeliasim/share/turtlebot3_coppeliasim/package.zsh'
[0.928s] Level 1:colcon.colcon_core.environment:create_file_with_runtime_dependencies(/home/zhihuili/RM_prac/install/turtlebot3_coppeliasim/share/colcon-core/packages/turtlebot3_coppeliasim)
[0.928s] Level 1:colcon.colcon_core.environment:create_environment_scripts_only(turtlebot3_coppeliasim)
[0.929s] Level 1:colcon.colcon_core.environment:checking '/home/zhihuili/RM_prac/install/turtlebot3_coppeliasim' for CMake module files
[0.929s] Level 1:colcon.colcon_core.environment:checking '/home/zhihuili/RM_prac/install/turtlebot3_coppeliasim' for CMake config files
[0.929s] Level 1:colcon.colcon_core.shell:create_environment_hook('turtlebot3_coppeliasim', 'cmake_prefix_path')
[0.930s] INFO:colcon.colcon_core.shell:Creating environment hook '/home/zhihuili/RM_prac/install/turtlebot3_coppeliasim/share/turtlebot3_coppeliasim/hook/cmake_prefix_path.ps1'
[0.930s] INFO:colcon.colcon_core.shell:Creating environment descriptor '/home/zhihuili/RM_prac/install/turtlebot3_coppeliasim/share/turtlebot3_coppeliasim/hook/cmake_prefix_path.dsv'
[0.931s] INFO:colcon.colcon_core.shell:Creating environment hook '/home/zhihuili/RM_prac/install/turtlebot3_coppeliasim/share/turtlebot3_coppeliasim/hook/cmake_prefix_path.sh'
[0.931s] Level 1:colcon.colcon_core.environment:checking '/home/zhihuili/RM_prac/install/turtlebot3_coppeliasim/bin'
[0.931s] Level 1:colcon.colcon_core.environment:checking '/home/zhihuili/RM_prac/install/turtlebot3_coppeliasim/lib/pkgconfig/turtlebot3_coppeliasim.pc'
[0.932s] Level 1:colcon.colcon_core.environment:checking '/home/zhihuili/RM_prac/install/turtlebot3_coppeliasim/lib/python3.10/site-packages'
[0.932s] Level 1:colcon.colcon_core.environment:checking '/home/zhihuili/RM_prac/install/turtlebot3_coppeliasim/bin'
[0.932s] INFO:colcon.colcon_core.shell:Creating package script '/home/zhihuili/RM_prac/install/turtlebot3_coppeliasim/share/turtlebot3_coppeliasim/package.ps1'
[0.933s] INFO:colcon.colcon_core.shell:Creating package descriptor '/home/zhihuili/RM_prac/install/turtlebot3_coppeliasim/share/turtlebot3_coppeliasim/package.dsv'
[0.934s] INFO:colcon.colcon_core.shell:Creating package script '/home/zhihuili/RM_prac/install/turtlebot3_coppeliasim/share/turtlebot3_coppeliasim/package.sh'
[0.934s] INFO:colcon.colcon_core.shell:Creating package script '/home/zhihuili/RM_prac/install/turtlebot3_coppeliasim/share/turtlebot3_coppeliasim/package.bash'
[0.935s] INFO:colcon.colcon_core.shell:Creating package script '/home/zhihuili/RM_prac/install/turtlebot3_coppeliasim/share/turtlebot3_coppeliasim/package.zsh'
[0.935s] Level 1:colcon.colcon_core.environment:create_file_with_runtime_dependencies(/home/zhihuili/RM_prac/install/turtlebot3_coppeliasim/share/colcon-core/packages/turtlebot3_coppeliasim)
[0.936s] Level 1:colcon.colcon_core.environment:create_environment_scripts_only(upv_maps_pkg)
[0.938s] Level 1:colcon.colcon_core.environment:checking '/home/zhihuili/RM_prac/install/upv_maps_pkg' for CMake module files
[0.940s] Level 1:colcon.colcon_core.environment:checking '/home/zhihuili/RM_prac/install/upv_maps_pkg' for CMake config files
[0.940s] Level 1:colcon.colcon_core.shell:create_environment_hook('upv_maps_pkg', 'cmake_prefix_path')
[0.944s] INFO:colcon.colcon_core.shell:Creating environment hook '/home/zhihuili/RM_prac/install/upv_maps_pkg/share/upv_maps_pkg/hook/cmake_prefix_path.ps1'
[0.944s] DEBUG:colcon.colcon_core.event_handler.log_command:Invoked command in '/home/zhihuili/RM_prac/build/upv_maps_pkg' returned '0': CMAKE_PREFIX_PATH=${CMAKE_PREFIX_PATH}:/home/zhihuili/RM_prac/install/turtlebot3_dqn:/opt/ros/humble /usr/bin/cmake --install /home/zhihuili/RM_prac/build/upv_maps_pkg
[0.946s] INFO:colcon.colcon_core.shell:Creating environment descriptor '/home/zhihuili/RM_prac/install/upv_maps_pkg/share/upv_maps_pkg/hook/cmake_prefix_path.dsv'
[0.946s] INFO:colcon.colcon_core.shell:Creating environment hook '/home/zhihuili/RM_prac/install/upv_maps_pkg/share/upv_maps_pkg/hook/cmake_prefix_path.sh'
[0.947s] Level 1:colcon.colcon_core.environment:checking '/home/zhihuili/RM_prac/install/upv_maps_pkg/bin'
[0.947s] Level 1:colcon.colcon_core.environment:checking '/home/zhihuili/RM_prac/install/upv_maps_pkg/lib/pkgconfig/upv_maps_pkg.pc'
[0.947s] Level 1:colcon.colcon_core.environment:checking '/home/zhihuili/RM_prac/install/upv_maps_pkg/lib/python3.10/site-packages'
[0.948s] Level 1:colcon.colcon_core.environment:checking '/home/zhihuili/RM_prac/install/upv_maps_pkg/bin'
[0.948s] INFO:colcon.colcon_core.shell:Creating package script '/home/zhihuili/RM_prac/install/upv_maps_pkg/share/upv_maps_pkg/package.ps1'
[0.949s] INFO:colcon.colcon_core.shell:Creating package descriptor '/home/zhihuili/RM_prac/install/upv_maps_pkg/share/upv_maps_pkg/package.dsv'
[0.949s] INFO:colcon.colcon_core.shell:Creating package script '/home/zhihuili/RM_prac/install/upv_maps_pkg/share/upv_maps_pkg/package.sh'
[0.950s] INFO:colcon.colcon_core.shell:Creating package script '/home/zhihuili/RM_prac/install/upv_maps_pkg/share/upv_maps_pkg/package.bash'
[0.950s] INFO:colcon.colcon_core.shell:Creating package script '/home/zhihuili/RM_prac/install/upv_maps_pkg/share/upv_maps_pkg/package.zsh'
[0.951s] Level 1:colcon.colcon_core.environment:create_file_with_runtime_dependencies(/home/zhihuili/RM_prac/install/upv_maps_pkg/share/colcon-core/packages/upv_maps_pkg)
[0.951s] Level 1:colcon.colcon_core.environment:create_environment_scripts_only(upv_maps_pkg)
[0.952s] Level 1:colcon.colcon_core.environment:checking '/home/zhihuili/RM_prac/install/upv_maps_pkg' for CMake module files
[0.952s] Level 1:colcon.colcon_core.environment:checking '/home/zhihuili/RM_prac/install/upv_maps_pkg' for CMake config files
[0.953s] Level 1:colcon.colcon_core.shell:create_environment_hook('upv_maps_pkg', 'cmake_prefix_path')
[0.953s] INFO:colcon.colcon_core.shell:Creating environment hook '/home/zhihuili/RM_prac/install/upv_maps_pkg/share/upv_maps_pkg/hook/cmake_prefix_path.ps1'
[0.953s] INFO:colcon.colcon_core.shell:Creating environment descriptor '/home/zhihuili/RM_prac/install/upv_maps_pkg/share/upv_maps_pkg/hook/cmake_prefix_path.dsv'
[0.954s] INFO:colcon.colcon_core.shell:Creating environment hook '/home/zhihuili/RM_prac/install/upv_maps_pkg/share/upv_maps_pkg/hook/cmake_prefix_path.sh'
[0.955s] Level 1:colcon.colcon_core.environment:checking '/home/zhihuili/RM_prac/install/upv_maps_pkg/bin'
[0.956s] Level 1:colcon.colcon_core.environment:checking '/home/zhihuili/RM_prac/install/upv_maps_pkg/lib/pkgconfig/upv_maps_pkg.pc'
[0.956s] Level 1:colcon.colcon_core.environment:checking '/home/zhihuili/RM_prac/install/upv_maps_pkg/lib/python3.10/site-packages'
[0.956s] Level 1:colcon.colcon_core.environment:checking '/home/zhihuili/RM_prac/install/upv_maps_pkg/bin'
[0.957s] INFO:colcon.colcon_core.shell:Creating package script '/home/zhihuili/RM_prac/install/upv_maps_pkg/share/upv_maps_pkg/package.ps1'
[0.963s] INFO:colcon.colcon_core.shell:Creating package descriptor '/home/zhihuili/RM_prac/install/upv_maps_pkg/share/upv_maps_pkg/package.dsv'
[0.964s] INFO:colcon.colcon_core.shell:Creating package script '/home/zhihuili/RM_prac/install/upv_maps_pkg/share/upv_maps_pkg/package.sh'
[0.965s] INFO:colcon.colcon_core.shell:Creating package script '/home/zhihuili/RM_prac/install/upv_maps_pkg/share/upv_maps_pkg/package.bash'
[0.966s] INFO:colcon.colcon_core.shell:Creating package script '/home/zhihuili/RM_prac/install/upv_maps_pkg/share/upv_maps_pkg/package.zsh'
[0.967s] Level 1:colcon.colcon_core.environment:create_file_with_runtime_dependencies(/home/zhihuili/RM_prac/install/upv_maps_pkg/share/colcon-core/packages/upv_maps_pkg)
[0.971s] DEBUG:colcon.colcon_core.event_handler.log_command:Invoked command in '/home/zhihuili/RM_prac/build/ros2_vfh' returned '0': CMAKE_PREFIX_PATH=${CMAKE_PREFIX_PATH}:/home/zhihuili/RM_prac/install/turtlebot3_dqn:/opt/ros/humble /usr/bin/cmake --build /home/zhihuili/RM_prac/build/ros2_vfh -- -j14 -l14
[0.972s] DEBUG:colcon.colcon_core.event_handler.log_command:Invoking command in '/home/zhihuili/RM_prac/build/ros2_vfh': CMAKE_PREFIX_PATH=${CMAKE_PREFIX_PATH}:/home/zhihuili/RM_prac/install/turtlebot3_dqn:/opt/ros/humble /usr/bin/cmake --install /home/zhihuili/RM_prac/build/ros2_vfh
[0.976s] Level 1:colcon.colcon_core.environment:create_environment_scripts_only(transformations_pkg)
[0.977s] Level 1:colcon.colcon_core.environment:checking '/home/zhihuili/RM_prac/install/transformations_pkg' for CMake module files
[0.977s] Level 1:colcon.colcon_core.environment:checking '/home/zhihuili/RM_prac/install/transformations_pkg' for CMake config files
[0.977s] Level 1:colcon.colcon_core.shell:create_environment_hook('transformations_pkg', 'cmake_prefix_path')
[0.978s] INFO:colcon.colcon_core.shell:Creating environment hook '/home/zhihuili/RM_prac/install/transformations_pkg/share/transformations_pkg/hook/cmake_prefix_path.ps1'
[0.979s] DEBUG:colcon.colcon_core.event_handler.log_command:Invoked command in '/home/zhihuili/RM_prac/build/transformations_pkg' returned '0': CMAKE_PREFIX_PATH=${CMAKE_PREFIX_PATH}:/home/zhihuili/RM_prac/install/turtlebot3_dqn:/opt/ros/humble /usr/bin/cmake --install /home/zhihuili/RM_prac/build/transformations_pkg
[0.980s] INFO:colcon.colcon_core.shell:Creating environment descriptor '/home/zhihuili/RM_prac/install/transformations_pkg/share/transformations_pkg/hook/cmake_prefix_path.dsv'
[0.981s] INFO:colcon.colcon_core.shell:Creating environment hook '/home/zhihuili/RM_prac/install/transformations_pkg/share/transformations_pkg/hook/cmake_prefix_path.sh'
[0.981s] Level 1:colcon.colcon_core.environment:checking '/home/zhihuili/RM_prac/install/transformations_pkg/lib'
[0.982s] Level 1:colcon.colcon_core.environment:checking '/home/zhihuili/RM_prac/install/transformations_pkg/bin'
[0.982s] Level 1:colcon.colcon_core.environment:checking '/home/zhihuili/RM_prac/install/transformations_pkg/lib/pkgconfig/transformations_pkg.pc'
[0.982s] Level 1:colcon.colcon_core.environment:checking '/home/zhihuili/RM_prac/install/transformations_pkg/lib/python3.10/site-packages'
[0.982s] Level 1:colcon.colcon_core.environment:checking '/home/zhihuili/RM_prac/install/transformations_pkg/bin'
[0.983s] INFO:colcon.colcon_core.shell:Creating package script '/home/zhihuili/RM_prac/install/transformations_pkg/share/transformations_pkg/package.ps1'
[0.984s] INFO:colcon.colcon_core.shell:Creating package descriptor '/home/zhihuili/RM_prac/install/transformations_pkg/share/transformations_pkg/package.dsv'
[0.985s] INFO:colcon.colcon_core.shell:Creating package script '/home/zhihuili/RM_prac/install/transformations_pkg/share/transformations_pkg/package.sh'
[0.988s] INFO:colcon.colcon_core.shell:Creating package script '/home/zhihuili/RM_prac/install/transformations_pkg/share/transformations_pkg/package.bash'
[0.989s] INFO:colcon.colcon_core.shell:Creating package script '/home/zhihuili/RM_prac/install/transformations_pkg/share/transformations_pkg/package.zsh'
[0.989s] Level 1:colcon.colcon_core.environment:create_file_with_runtime_dependencies(/home/zhihuili/RM_prac/install/transformations_pkg/share/colcon-core/packages/transformations_pkg)
[0.996s] Level 1:colcon.colcon_core.environment:create_environment_scripts_only(transformations_pkg)
[0.996s] Level 1:colcon.colcon_core.environment:checking '/home/zhihuili/RM_prac/install/transformations_pkg' for CMake module files
[0.997s] Level 1:colcon.colcon_core.environment:checking '/home/zhihuili/RM_prac/install/transformations_pkg' for CMake config files
[0.997s] Level 1:colcon.colcon_core.shell:create_environment_hook('transformations_pkg', 'cmake_prefix_path')
[0.997s] INFO:colcon.colcon_core.shell:Creating environment hook '/home/zhihuili/RM_prac/install/transformations_pkg/share/transformations_pkg/hook/cmake_prefix_path.ps1'
[0.998s] INFO:colcon.colcon_core.shell:Creating environment descriptor '/home/zhihuili/RM_prac/install/transformations_pkg/share/transformations_pkg/hook/cmake_prefix_path.dsv'
[0.998s] INFO:colcon.colcon_core.shell:Creating environment hook '/home/zhihuili/RM_prac/install/transformations_pkg/share/transformations_pkg/hook/cmake_prefix_path.sh'
[0.999s] Level 1:colcon.colcon_core.environment:checking '/home/zhihuili/RM_prac/install/transformations_pkg/lib'
[0.999s] Level 1:colcon.colcon_core.environment:checking '/home/zhihuili/RM_prac/install/transformations_pkg/bin'
[0.999s] Level 1:colcon.colcon_core.environment:checking '/home/zhihuili/RM_prac/install/transformations_pkg/lib/pkgconfig/transformations_pkg.pc'
[1.003s] Level 1:colcon.colcon_core.environment:checking '/home/zhihuili/RM_prac/install/transformations_pkg/lib/python3.10/site-packages'
[1.003s] Level 1:colcon.colcon_core.environment:checking '/home/zhihuili/RM_prac/install/transformations_pkg/bin'
[1.004s] INFO:colcon.colcon_core.shell:Creating package script '/home/zhihuili/RM_prac/install/transformations_pkg/share/transformations_pkg/package.ps1'
[1.007s] INFO:colcon.colcon_core.shell:Creating package descriptor '/home/zhihuili/RM_prac/install/transformations_pkg/share/transformations_pkg/package.dsv'
[1.009s] INFO:colcon.colcon_core.shell:Creating package script '/home/zhihuili/RM_prac/install/transformations_pkg/share/transformations_pkg/package.sh'
[1.010s] INFO:colcon.colcon_core.shell:Creating package script '/home/zhihuili/RM_prac/install/transformations_pkg/share/transformations_pkg/package.bash'
[1.011s] INFO:colcon.colcon_core.shell:Creating package script '/home/zhihuili/RM_prac/install/transformations_pkg/share/transformations_pkg/package.zsh'
[1.012s] Level 1:colcon.colcon_core.environment:create_file_with_runtime_dependencies(/home/zhihuili/RM_prac/install/transformations_pkg/share/colcon-core/packages/transformations_pkg)
[1.013s] Level 1:colcon.colcon_core.environment:create_environment_scripts_only(slam_pkg)
[1.014s] DEBUG:colcon.colcon_core.event_handler.log_command:Invoked command in '/home/zhihuili/RM_prac/build/slam_pkg' returned '0': CMAKE_PREFIX_PATH=${CMAKE_PREFIX_PATH}:/home/zhihuili/RM_prac/install/turtlebot3_dqn:/opt/ros/humble /usr/bin/cmake --install /home/zhihuili/RM_prac/build/slam_pkg
[1.015s] Level 1:colcon.colcon_core.environment:checking '/home/zhihuili/RM_prac/install/slam_pkg' for CMake module files
[1.017s] Level 1:colcon.colcon_core.environment:checking '/home/zhihuili/RM_prac/install/slam_pkg' for CMake config files
[1.018s] Level 1:colcon.colcon_core.shell:create_environment_hook('slam_pkg', 'cmake_prefix_path')
[1.018s] INFO:colcon.colcon_core.shell:Creating environment hook '/home/zhihuili/RM_prac/install/slam_pkg/share/slam_pkg/hook/cmake_prefix_path.ps1'
[1.019s] INFO:colcon.colcon_core.shell:Creating environment descriptor '/home/zhihuili/RM_prac/install/slam_pkg/share/slam_pkg/hook/cmake_prefix_path.dsv'
[1.020s] INFO:colcon.colcon_core.shell:Creating environment hook '/home/zhihuili/RM_prac/install/slam_pkg/share/slam_pkg/hook/cmake_prefix_path.sh'
[1.020s] Level 1:colcon.colcon_core.environment:checking '/home/zhihuili/RM_prac/install/slam_pkg/lib'
[1.021s] Level 1:colcon.colcon_core.environment:checking '/home/zhihuili/RM_prac/install/slam_pkg/bin'
[1.021s] Level 1:colcon.colcon_core.environment:checking '/home/zhihuili/RM_prac/install/slam_pkg/lib/pkgconfig/slam_pkg.pc'
[1.021s] Level 1:colcon.colcon_core.environment:checking '/home/zhihuili/RM_prac/install/slam_pkg/lib/python3.10/site-packages'
[1.021s] Level 1:colcon.colcon_core.environment:checking '/home/zhihuili/RM_prac/install/slam_pkg/bin'
[1.022s] INFO:colcon.colcon_core.shell:Creating package script '/home/zhihuili/RM_prac/install/slam_pkg/share/slam_pkg/package.ps1'
[1.022s] INFO:colcon.colcon_core.shell:Creating package descriptor '/home/zhihuili/RM_prac/install/slam_pkg/share/slam_pkg/package.dsv'
[1.023s] INFO:colcon.colcon_core.shell:Creating package script '/home/zhihuili/RM_prac/install/slam_pkg/share/slam_pkg/package.sh'
[1.023s] INFO:colcon.colcon_core.shell:Creating package script '/home/zhihuili/RM_prac/install/slam_pkg/share/slam_pkg/package.bash'
[1.025s] INFO:colcon.colcon_core.shell:Creating package script '/home/zhihuili/RM_prac/install/slam_pkg/share/slam_pkg/package.zsh'
[1.025s] Level 1:colcon.colcon_core.environment:create_file_with_runtime_dependencies(/home/zhihuili/RM_prac/install/slam_pkg/share/colcon-core/packages/slam_pkg)
[1.027s] Level 1:colcon.colcon_core.environment:create_environment_scripts_only(slam_pkg)
[1.027s] Level 1:colcon.colcon_core.environment:checking '/home/zhihuili/RM_prac/install/slam_pkg' for CMake module files
[1.029s] Level 1:colcon.colcon_core.environment:checking '/home/zhihuili/RM_prac/install/slam_pkg' for CMake config files
[1.030s] Level 1:colcon.colcon_core.shell:create_environment_hook('slam_pkg', 'cmake_prefix_path')
[1.030s] INFO:colcon.colcon_core.shell:Creating environment hook '/home/zhihuili/RM_prac/install/slam_pkg/share/slam_pkg/hook/cmake_prefix_path.ps1'
[1.031s] INFO:colcon.colcon_core.shell:Creating environment descriptor '/home/zhihuili/RM_prac/install/slam_pkg/share/slam_pkg/hook/cmake_prefix_path.dsv'
[1.032s] INFO:colcon.colcon_core.shell:Creating environment hook '/home/zhihuili/RM_prac/install/slam_pkg/share/slam_pkg/hook/cmake_prefix_path.sh'
[1.033s] Level 1:colcon.colcon_core.environment:checking '/home/zhihuili/RM_prac/install/slam_pkg/lib'
[1.033s] Level 1:colcon.colcon_core.environment:checking '/home/zhihuili/RM_prac/install/slam_pkg/bin'
[1.033s] Level 1:colcon.colcon_core.environment:checking '/home/zhihuili/RM_prac/install/slam_pkg/lib/pkgconfig/slam_pkg.pc'
[1.033s] Level 1:colcon.colcon_core.environment:checking '/home/zhihuili/RM_prac/install/slam_pkg/lib/python3.10/site-packages'
[1.034s] Level 1:colcon.colcon_core.environment:checking '/home/zhihuili/RM_prac/install/slam_pkg/bin'
[1.034s] INFO:colcon.colcon_core.shell:Creating package script '/home/zhihuili/RM_prac/install/slam_pkg/share/slam_pkg/package.ps1'
[1.035s] INFO:colcon.colcon_core.shell:Creating package descriptor '/home/zhihuili/RM_prac/install/slam_pkg/share/slam_pkg/package.dsv'
[1.036s] INFO:colcon.colcon_core.shell:Creating package script '/home/zhihuili/RM_prac/install/slam_pkg/share/slam_pkg/package.sh'
[1.036s] INFO:colcon.colcon_core.shell:Creating package script '/home/zhihuili/RM_prac/install/slam_pkg/share/slam_pkg/package.bash'
[1.037s] INFO:colcon.colcon_core.shell:Creating package script '/home/zhihuili/RM_prac/install/slam_pkg/share/slam_pkg/package.zsh'
[1.038s] Level 1:colcon.colcon_core.environment:create_file_with_runtime_dependencies(/home/zhihuili/RM_prac/install/slam_pkg/share/colcon-core/packages/slam_pkg)
[1.043s] DEBUG:colcon.colcon_core.event_handler.log_command:Invoked command in '/home/zhihuili/RM_prac/build/turtlebot3_msgs' returned '0': CMAKE_PREFIX_PATH=${CMAKE_PREFIX_PATH}:/home/zhihuili/RM_prac/install/turtlebot3_dqn:/opt/ros/humble /usr/bin/cmake --build /home/zhihuili/RM_prac/build/turtlebot3_msgs -- -j14 -l14
[1.051s] Level 1:colcon.colcon_core.environment:create_environment_scripts_only(ros2_vfh)
[1.056s] Level 1:colcon.colcon_core.environment:checking '/home/zhihuili/RM_prac/install/ros2_vfh' for CMake module files
[1.057s] Level 1:colcon.colcon_core.environment:checking '/home/zhihuili/RM_prac/install/ros2_vfh' for CMake config files
[1.055s] DEBUG:colcon.colcon_core.event_handler.log_command:Invoking command in '/home/zhihuili/RM_prac/build/turtlebot3_msgs': CMAKE_PREFIX_PATH=${CMAKE_PREFIX_PATH}:/home/zhihuili/RM_prac/install/turtlebot3_dqn:/opt/ros/humble /usr/bin/cmake --install /home/zhihuili/RM_prac/build/turtlebot3_msgs
[1.058s] DEBUG:colcon.colcon_core.event_handler.log_command:Invoked command in '/home/zhihuili/RM_prac/build/ros2_vfh' returned '0': CMAKE_PREFIX_PATH=${CMAKE_PREFIX_PATH}:/home/zhihuili/RM_prac/install/turtlebot3_dqn:/opt/ros/humble /usr/bin/cmake --install /home/zhihuili/RM_prac/build/ros2_vfh
[1.059s] Level 1:colcon.colcon_core.shell:create_environment_hook('ros2_vfh', 'cmake_prefix_path')
[1.059s] INFO:colcon.colcon_core.shell:Creating environment hook '/home/zhihuili/RM_prac/install/ros2_vfh/share/ros2_vfh/hook/cmake_prefix_path.ps1'
[1.060s] INFO:colcon.colcon_core.shell:Creating environment descriptor '/home/zhihuili/RM_prac/install/ros2_vfh/share/ros2_vfh/hook/cmake_prefix_path.dsv'
[1.061s] INFO:colcon.colcon_core.shell:Creating environment hook '/home/zhihuili/RM_prac/install/ros2_vfh/share/ros2_vfh/hook/cmake_prefix_path.sh'
[1.064s] Level 1:colcon.colcon_core.environment:checking '/home/zhihuili/RM_prac/install/ros2_vfh/lib'
[1.065s] Level 1:colcon.colcon_core.environment:checking '/home/zhihuili/RM_prac/install/ros2_vfh/bin'
[1.065s] Level 1:colcon.colcon_core.environment:checking '/home/zhihuili/RM_prac/install/ros2_vfh/lib/pkgconfig/ros2_vfh.pc'
[1.066s] Level 1:colcon.colcon_core.environment:checking '/home/zhihuili/RM_prac/install/ros2_vfh/lib/python3.10/site-packages'
[1.066s] Level 1:colcon.colcon_core.environment:checking '/home/zhihuili/RM_prac/install/ros2_vfh/bin'
[1.067s] INFO:colcon.colcon_core.shell:Creating package script '/home/zhihuili/RM_prac/install/ros2_vfh/share/ros2_vfh/package.ps1'
[1.069s] INFO:colcon.colcon_core.shell:Creating package descriptor '/home/zhihuili/RM_prac/install/ros2_vfh/share/ros2_vfh/package.dsv'
[1.072s] INFO:colcon.colcon_core.shell:Creating package script '/home/zhihuili/RM_prac/install/ros2_vfh/share/ros2_vfh/package.sh'
[1.074s] INFO:colcon.colcon_core.shell:Creating package script '/home/zhihuili/RM_prac/install/ros2_vfh/share/ros2_vfh/package.bash'
[1.076s] INFO:colcon.colcon_core.shell:Creating package script '/home/zhihuili/RM_prac/install/ros2_vfh/share/ros2_vfh/package.zsh'
[1.079s] Level 1:colcon.colcon_core.environment:create_file_with_runtime_dependencies(/home/zhihuili/RM_prac/install/ros2_vfh/share/colcon-core/packages/ros2_vfh)
[1.081s] Level 1:colcon.colcon_core.environment:create_environment_scripts_only(ros2_vfh)
[1.081s] Level 1:colcon.colcon_core.environment:checking '/home/zhihuili/RM_prac/install/ros2_vfh' for CMake module files
[1.084s] Level 1:colcon.colcon_core.environment:checking '/home/zhihuili/RM_prac/install/ros2_vfh' for CMake config files
[1.084s] Level 1:colcon.colcon_core.shell:create_environment_hook('ros2_vfh', 'cmake_prefix_path')
[1.085s] INFO:colcon.colcon_core.shell:Creating environment hook '/home/zhihuili/RM_prac/install/ros2_vfh/share/ros2_vfh/hook/cmake_prefix_path.ps1'
[1.087s] INFO:colcon.colcon_core.shell:Creating environment descriptor '/home/zhihuili/RM_prac/install/ros2_vfh/share/ros2_vfh/hook/cmake_prefix_path.dsv'
[1.089s] INFO:colcon.colcon_core.shell:Creating environment hook '/home/zhihuili/RM_prac/install/ros2_vfh/share/ros2_vfh/hook/cmake_prefix_path.sh'
[1.091s] Level 1:colcon.colcon_core.environment:checking '/home/zhihuili/RM_prac/install/ros2_vfh/lib'
[1.092s] Level 1:colcon.colcon_core.environment:checking '/home/zhihuili/RM_prac/install/ros2_vfh/bin'
[1.092s] Level 1:colcon.colcon_core.environment:checking '/home/zhihuili/RM_prac/install/ros2_vfh/lib/pkgconfig/ros2_vfh.pc'
[1.092s] Level 1:colcon.colcon_core.environment:checking '/home/zhihuili/RM_prac/install/ros2_vfh/lib/python3.10/site-packages'
[1.092s] Level 1:colcon.colcon_core.environment:checking '/home/zhihuili/RM_prac/install/ros2_vfh/bin'
[1.093s] INFO:colcon.colcon_core.shell:Creating package script '/home/zhihuili/RM_prac/install/ros2_vfh/share/ros2_vfh/package.ps1'
[1.095s] INFO:colcon.colcon_core.shell:Creating package descriptor '/home/zhihuili/RM_prac/install/ros2_vfh/share/ros2_vfh/package.dsv'
[1.096s] INFO:colcon.colcon_core.shell:Creating package script '/home/zhihuili/RM_prac/install/ros2_vfh/share/ros2_vfh/package.sh'
[1.097s] INFO:colcon.colcon_core.shell:Creating package script '/home/zhihuili/RM_prac/install/ros2_vfh/share/ros2_vfh/package.bash'
[1.100s] INFO:colcon.colcon_core.shell:Creating package script '/home/zhihuili/RM_prac/install/ros2_vfh/share/ros2_vfh/package.zsh'
[1.101s] Level 1:colcon.colcon_core.environment:create_file_with_runtime_dependencies(/home/zhihuili/RM_prac/install/ros2_vfh/share/colcon-core/packages/ros2_vfh)
[1.133s] DEBUG:colcon.colcon_core.event_handler.log_command:Invoked command in '/home/zhihuili/RM_prac/build/kinematic_control_pkg' returned '0': CMAKE_PREFIX_PATH=${CMAKE_PREFIX_PATH}:/home/zhihuili/RM_prac/install/turtlebot3_dqn:/opt/ros/humble /usr/bin/cmake --build /home/zhihuili/RM_prac/build/kinematic_control_pkg -- -j14 -l14
[1.136s] DEBUG:colcon.colcon_core.event_handler.log_command:Invoking command in '/home/zhihuili/RM_prac/build/kinematic_control_pkg': CMAKE_PREFIX_PATH=${CMAKE_PREFIX_PATH}:/home/zhihuili/RM_prac/install/turtlebot3_dqn:/opt/ros/humble /usr/bin/cmake --install /home/zhihuili/RM_prac/build/kinematic_control_pkg
[1.176s] DEBUG:colcon.colcon_core.event_handler.log_command:Invoked command in '/home/zhihuili/RM_prac/build/pure_pursuit_pkg' returned '0': CMAKE_PREFIX_PATH=${CMAKE_PREFIX_PATH}:/home/zhihuili/RM_prac/install/turtlebot3_dqn:/opt/ros/humble /usr/bin/cmake --build /home/zhihuili/RM_prac/build/pure_pursuit_pkg -- -j14 -l14
[1.178s] DEBUG:colcon.colcon_core.event_handler.log_command:Invoking command in '/home/zhihuili/RM_prac/build/pure_pursuit_pkg': CMAKE_PREFIX_PATH=${CMAKE_PREFIX_PATH}:/home/zhihuili/RM_prac/install/turtlebot3_dqn:/opt/ros/humble /usr/bin/cmake --install /home/zhihuili/RM_prac/build/pure_pursuit_pkg
[1.189s] Level 1:colcon.colcon_core.environment:create_environment_scripts_only(turtlebot3_msgs)
[1.191s] Level 1:colcon.colcon_core.environment:checking '/home/zhihuili/RM_prac/install/turtlebot3_msgs' for CMake module files
[1.195s] DEBUG:colcon.colcon_core.event_handler.log_command:Invoked command in '/home/zhihuili/RM_prac/build/turtlebot3_msgs' returned '0': CMAKE_PREFIX_PATH=${CMAKE_PREFIX_PATH}:/home/zhihuili/RM_prac/install/turtlebot3_dqn:/opt/ros/humble /usr/bin/cmake --install /home/zhihuili/RM_prac/build/turtlebot3_msgs
[1.196s] Level 1:colcon.colcon_core.environment:checking '/home/zhihuili/RM_prac/install/turtlebot3_msgs' for CMake config files
[1.199s] Level 1:colcon.colcon_core.shell:create_environment_hook('turtlebot3_msgs', 'cmake_prefix_path')
[1.200s] INFO:colcon.colcon_core.shell:Creating environment hook '/home/zhihuili/RM_prac/install/turtlebot3_msgs/share/turtlebot3_msgs/hook/cmake_prefix_path.ps1'
[1.201s] INFO:colcon.colcon_core.shell:Creating environment descriptor '/home/zhihuili/RM_prac/install/turtlebot3_msgs/share/turtlebot3_msgs/hook/cmake_prefix_path.dsv'
[1.201s] INFO:colcon.colcon_core.shell:Creating environment hook '/home/zhihuili/RM_prac/install/turtlebot3_msgs/share/turtlebot3_msgs/hook/cmake_prefix_path.sh'
[1.202s] Level 1:colcon.colcon_core.environment:checking '/home/zhihuili/RM_prac/install/turtlebot3_msgs/lib'
[1.202s] Level 1:colcon.colcon_core.shell:create_environment_hook('turtlebot3_msgs', 'ld_library_path_lib')
[1.203s] INFO:colcon.colcon_core.shell:Creating environment hook '/home/zhihuili/RM_prac/install/turtlebot3_msgs/share/turtlebot3_msgs/hook/ld_library_path_lib.ps1'
[1.204s] INFO:colcon.colcon_core.shell:Creating environment descriptor '/home/zhihuili/RM_prac/install/turtlebot3_msgs/share/turtlebot3_msgs/hook/ld_library_path_lib.dsv'
[1.206s] INFO:colcon.colcon_core.shell:Creating environment hook '/home/zhihuili/RM_prac/install/turtlebot3_msgs/share/turtlebot3_msgs/hook/ld_library_path_lib.sh'
[1.208s] Level 1:colcon.colcon_core.environment:checking '/home/zhihuili/RM_prac/install/turtlebot3_msgs/bin'
[1.208s] Level 1:colcon.colcon_core.environment:checking '/home/zhihuili/RM_prac/install/turtlebot3_msgs/lib/pkgconfig/turtlebot3_msgs.pc'
[1.209s] Level 1:colcon.colcon_core.environment:checking '/home/zhihuili/RM_prac/install/turtlebot3_msgs/lib/python3.10/site-packages'
[1.209s] Level 1:colcon.colcon_core.environment:checking '/home/zhihuili/RM_prac/install/turtlebot3_msgs/bin'
[1.210s] INFO:colcon.colcon_core.shell:Creating package script '/home/zhihuili/RM_prac/install/turtlebot3_msgs/share/turtlebot3_msgs/package.ps1'
[1.212s] INFO:colcon.colcon_core.shell:Creating package descriptor '/home/zhihuili/RM_prac/install/turtlebot3_msgs/share/turtlebot3_msgs/package.dsv'
[1.213s] INFO:colcon.colcon_core.shell:Creating package script '/home/zhihuili/RM_prac/install/turtlebot3_msgs/share/turtlebot3_msgs/package.sh'
[1.215s] INFO:colcon.colcon_core.shell:Creating package script '/home/zhihuili/RM_prac/install/turtlebot3_msgs/share/turtlebot3_msgs/package.bash'
[1.217s] INFO:colcon.colcon_core.shell:Creating package script '/home/zhihuili/RM_prac/install/turtlebot3_msgs/share/turtlebot3_msgs/package.zsh'
[1.218s] Level 1:colcon.colcon_core.environment:create_file_with_runtime_dependencies(/home/zhihuili/RM_prac/install/turtlebot3_msgs/share/colcon-core/packages/turtlebot3_msgs)
[1.220s] Level 1:colcon.colcon_core.environment:create_environment_scripts_only(turtlebot3_msgs)
[1.220s] Level 1:colcon.colcon_core.environment:checking '/home/zhihuili/RM_prac/install/turtlebot3_msgs' for CMake module files
[1.225s] Level 1:colcon.colcon_core.environment:checking '/home/zhihuili/RM_prac/install/turtlebot3_msgs' for CMake config files
[1.227s] Level 1:colcon.colcon_core.shell:create_environment_hook('turtlebot3_msgs', 'cmake_prefix_path')
[1.228s] INFO:colcon.colcon_core.shell:Creating environment hook '/home/zhihuili/RM_prac/install/turtlebot3_msgs/share/turtlebot3_msgs/hook/cmake_prefix_path.ps1'
[1.230s] INFO:colcon.colcon_core.shell:Creating environment descriptor '/home/zhihuili/RM_prac/install/turtlebot3_msgs/share/turtlebot3_msgs/hook/cmake_prefix_path.dsv'
[1.232s] INFO:colcon.colcon_core.shell:Creating environment hook '/home/zhihuili/RM_prac/install/turtlebot3_msgs/share/turtlebot3_msgs/hook/cmake_prefix_path.sh'
[1.234s] Level 1:colcon.colcon_core.environment:checking '/home/zhihuili/RM_prac/install/turtlebot3_msgs/lib'
[1.234s] Level 1:colcon.colcon_core.shell:create_environment_hook('turtlebot3_msgs', 'ld_library_path_lib')
[1.235s] INFO:colcon.colcon_core.shell:Creating environment hook '/home/zhihuili/RM_prac/install/turtlebot3_msgs/share/turtlebot3_msgs/hook/ld_library_path_lib.ps1'
[1.237s] INFO:colcon.colcon_core.shell:Creating environment descriptor '/home/zhihuili/RM_prac/install/turtlebot3_msgs/share/turtlebot3_msgs/hook/ld_library_path_lib.dsv'
[1.239s] INFO:colcon.colcon_core.shell:Creating environment hook '/home/zhihuili/RM_prac/install/turtlebot3_msgs/share/turtlebot3_msgs/hook/ld_library_path_lib.sh'
[1.240s] Level 1:colcon.colcon_core.environment:checking '/home/zhihuili/RM_prac/install/turtlebot3_msgs/bin'
[1.241s] Level 1:colcon.colcon_core.environment:checking '/home/zhihuili/RM_prac/install/turtlebot3_msgs/lib/pkgconfig/turtlebot3_msgs.pc'
[1.241s] Level 1:colcon.colcon_core.environment:checking '/home/zhihuili/RM_prac/install/turtlebot3_msgs/lib/python3.10/site-packages'
[1.242s] Level 1:colcon.colcon_core.environment:checking '/home/zhihuili/RM_prac/install/turtlebot3_msgs/bin'
[1.243s] INFO:colcon.colcon_core.shell:Creating package script '/home/zhihuili/RM_prac/install/turtlebot3_msgs/share/turtlebot3_msgs/package.ps1'
[1.246s] INFO:colcon.colcon_core.shell:Creating package descriptor '/home/zhihuili/RM_prac/install/turtlebot3_msgs/share/turtlebot3_msgs/package.dsv'
[1.249s] INFO:colcon.colcon_core.shell:Creating package script '/home/zhihuili/RM_prac/install/turtlebot3_msgs/share/turtlebot3_msgs/package.sh'
[1.252s] INFO:colcon.colcon_core.shell:Creating package script '/home/zhihuili/RM_prac/install/turtlebot3_msgs/share/turtlebot3_msgs/package.bash'
[1.253s] INFO:colcon.colcon_core.shell:Creating package script '/home/zhihuili/RM_prac/install/turtlebot3_msgs/share/turtlebot3_msgs/package.zsh'
[1.254s] Level 1:colcon.colcon_core.environment:create_file_with_runtime_dependencies(/home/zhihuili/RM_prac/install/turtlebot3_msgs/share/colcon-core/packages/turtlebot3_msgs)
[1.255s] INFO:colcon.colcon_ros.task.ament_cmake.build:Building ROS package in '/home/zhihuili/RM_prac/src/maintenance_mode_pkg' with build type 'ament_cmake'
[1.255s] INFO:colcon.colcon_cmake.task.cmake.build:Building CMake package in '/home/zhihuili/RM_prac/src/maintenance_mode_pkg'
[1.255s] INFO:colcon.colcon_core.shell:Skip shell extension 'powershell' for command environment: Not usable outside of PowerShell
[1.256s] DEBUG:colcon.colcon_core.shell:Skip shell extension 'dsv' for command environment
[1.272s] INFO:colcon.colcon_ros.task.ament_python.build:Building ROS package in '/home/zhihuili/RM_prac/src/turtlebot3_dqn' with build type 'ament_python'
[1.273s] Level 1:colcon.colcon_core.shell:create_environment_hook('turtlebot3_dqn', 'ament_prefix_path')
[1.273s] INFO:colcon.colcon_core.shell:Creating environment hook '/home/zhihuili/RM_prac/install/turtlebot3_dqn/share/turtlebot3_dqn/hook/ament_prefix_path.ps1'
[1.275s] INFO:colcon.colcon_core.shell:Creating environment descriptor '/home/zhihuili/RM_prac/install/turtlebot3_dqn/share/turtlebot3_dqn/hook/ament_prefix_path.dsv'
[1.278s] INFO:colcon.colcon_core.shell:Creating environment hook '/home/zhihuili/RM_prac/install/turtlebot3_dqn/share/turtlebot3_dqn/hook/ament_prefix_path.sh'
[1.280s] INFO:colcon.colcon_core.shell:Skip shell extension 'powershell' for command environment: Not usable outside of PowerShell
[1.280s] DEBUG:colcon.colcon_core.shell:Skip shell extension 'dsv' for command environment
[1.287s] Level 1:colcon.colcon_core.environment:create_environment_scripts_only(kinematic_control_pkg)
[1.288s] Level 1:colcon.colcon_core.environment:checking '/home/zhihuili/RM_prac/install/kinematic_control_pkg' for CMake module files
[1.289s] DEBUG:colcon.colcon_core.event_handler.log_command:Invoked command in '/home/zhihuili/RM_prac/build/kinematic_control_pkg' returned '0': CMAKE_PREFIX_PATH=${CMAKE_PREFIX_PATH}:/home/zhihuili/RM_prac/install/turtlebot3_dqn:/opt/ros/humble /usr/bin/cmake --install /home/zhihuili/RM_prac/build/kinematic_control_pkg
[1.289s] Level 1:colcon.colcon_core.environment:checking '/home/zhihuili/RM_prac/install/kinematic_control_pkg' for CMake config files
[1.290s] Level 1:colcon.colcon_core.shell:create_environment_hook('kinematic_control_pkg', 'cmake_prefix_path')
[1.290s] INFO:colcon.colcon_core.shell:Creating environment hook '/home/zhihuili/RM_prac/install/kinematic_control_pkg/share/kinematic_control_pkg/hook/cmake_prefix_path.ps1'
[1.292s] INFO:colcon.colcon_core.shell:Creating environment descriptor '/home/zhihuili/RM_prac/install/kinematic_control_pkg/share/kinematic_control_pkg/hook/cmake_prefix_path.dsv'
[1.292s] INFO:colcon.colcon_core.shell:Creating environment hook '/home/zhihuili/RM_prac/install/kinematic_control_pkg/share/kinematic_control_pkg/hook/cmake_prefix_path.sh'
[1.293s] Level 1:colcon.colcon_core.environment:checking '/home/zhihuili/RM_prac/install/kinematic_control_pkg/lib'
[1.293s] Level 1:colcon.colcon_core.shell:create_environment_hook('kinematic_control_pkg', 'ld_library_path_lib')
[1.294s] INFO:colcon.colcon_core.shell:Creating environment hook '/home/zhihuili/RM_prac/install/kinematic_control_pkg/share/kinematic_control_pkg/hook/ld_library_path_lib.ps1'
[1.294s] INFO:colcon.colcon_core.shell:Creating environment descriptor '/home/zhihuili/RM_prac/install/kinematic_control_pkg/share/kinematic_control_pkg/hook/ld_library_path_lib.dsv'
[1.295s] INFO:colcon.colcon_core.shell:Creating environment hook '/home/zhihuili/RM_prac/install/kinematic_control_pkg/share/kinematic_control_pkg/hook/ld_library_path_lib.sh'
[1.295s] Level 1:colcon.colcon_core.environment:checking '/home/zhihuili/RM_prac/install/kinematic_control_pkg/bin'
[1.295s] Level 1:colcon.colcon_core.environment:checking '/home/zhihuili/RM_prac/install/kinematic_control_pkg/lib/pkgconfig/kinematic_control_pkg.pc'
[1.296s] Level 1:colcon.colcon_core.environment:checking '/home/zhihuili/RM_prac/install/kinematic_control_pkg/lib/python3.10/site-packages'
[1.296s] Level 1:colcon.colcon_core.environment:checking '/home/zhihuili/RM_prac/install/kinematic_control_pkg/bin'
[1.297s] INFO:colcon.colcon_core.shell:Creating package script '/home/zhihuili/RM_prac/install/kinematic_control_pkg/share/kinematic_control_pkg/package.ps1'
[1.298s] INFO:colcon.colcon_core.shell:Creating package descriptor '/home/zhihuili/RM_prac/install/kinematic_control_pkg/share/kinematic_control_pkg/package.dsv'
[1.298s] INFO:colcon.colcon_core.shell:Creating package script '/home/zhihuili/RM_prac/install/kinematic_control_pkg/share/kinematic_control_pkg/package.sh'
[1.299s] INFO:colcon.colcon_core.shell:Creating package script '/home/zhihuili/RM_prac/install/kinematic_control_pkg/share/kinematic_control_pkg/package.bash'
[1.299s] INFO:colcon.colcon_core.shell:Creating package script '/home/zhihuili/RM_prac/install/kinematic_control_pkg/share/kinematic_control_pkg/package.zsh'
[1.300s] Level 1:colcon.colcon_core.environment:create_file_with_runtime_dependencies(/home/zhihuili/RM_prac/install/kinematic_control_pkg/share/colcon-core/packages/kinematic_control_pkg)
[1.301s] Level 1:colcon.colcon_core.environment:create_environment_scripts_only(kinematic_control_pkg)
[1.301s] Level 1:colcon.colcon_core.environment:checking '/home/zhihuili/RM_prac/install/kinematic_control_pkg' for CMake module files
[1.302s] Level 1:colcon.colcon_core.environment:checking '/home/zhihuili/RM_prac/install/kinematic_control_pkg' for CMake config files
[1.303s] Level 1:colcon.colcon_core.shell:create_environment_hook('kinematic_control_pkg', 'cmake_prefix_path')
[1.303s] INFO:colcon.colcon_core.shell:Creating environment hook '/home/zhihuili/RM_prac/install/kinematic_control_pkg/share/kinematic_control_pkg/hook/cmake_prefix_path.ps1'
[1.304s] INFO:colcon.colcon_core.shell:Creating environment descriptor '/home/zhihuili/RM_prac/install/kinematic_control_pkg/share/kinematic_control_pkg/hook/cmake_prefix_path.dsv'
[1.304s] INFO:colcon.colcon_core.shell:Creating environment hook '/home/zhihuili/RM_prac/install/kinematic_control_pkg/share/kinematic_control_pkg/hook/cmake_prefix_path.sh'
[1.305s] Level 1:colcon.colcon_core.environment:checking '/home/zhihuili/RM_prac/install/kinematic_control_pkg/lib'
[1.305s] Level 1:colcon.colcon_core.shell:create_environment_hook('kinematic_control_pkg', 'ld_library_path_lib')
[1.306s] INFO:colcon.colcon_core.shell:Creating environment hook '/home/zhihuili/RM_prac/install/kinematic_control_pkg/share/kinematic_control_pkg/hook/ld_library_path_lib.ps1'
[1.306s] INFO:colcon.colcon_core.shell:Creating environment descriptor '/home/zhihuili/RM_prac/install/kinematic_control_pkg/share/kinematic_control_pkg/hook/ld_library_path_lib.dsv'
[1.307s] INFO:colcon.colcon_core.shell:Creating environment hook '/home/zhihuili/RM_prac/install/kinematic_control_pkg/share/kinematic_control_pkg/hook/ld_library_path_lib.sh'
[1.307s] Level 1:colcon.colcon_core.environment:checking '/home/zhihuili/RM_prac/install/kinematic_control_pkg/bin'
[1.307s] Level 1:colcon.colcon_core.environment:checking '/home/zhihuili/RM_prac/install/kinematic_control_pkg/lib/pkgconfig/kinematic_control_pkg.pc'
[1.308s] Level 1:colcon.colcon_core.environment:checking '/home/zhihuili/RM_prac/install/kinematic_control_pkg/lib/python3.10/site-packages'
[1.308s] Level 1:colcon.colcon_core.environment:checking '/home/zhihuili/RM_prac/install/kinematic_control_pkg/bin'
[1.309s] INFO:colcon.colcon_core.shell:Creating package script '/home/zhihuili/RM_prac/install/kinematic_control_pkg/share/kinematic_control_pkg/package.ps1'
[1.309s] INFO:colcon.colcon_core.shell:Creating package descriptor '/home/zhihuili/RM_prac/install/kinematic_control_pkg/share/kinematic_control_pkg/package.dsv'
[1.310s] INFO:colcon.colcon_core.shell:Creating package script '/home/zhihuili/RM_prac/install/kinematic_control_pkg/share/kinematic_control_pkg/package.sh'
[1.311s] INFO:colcon.colcon_core.shell:Creating package script '/home/zhihuili/RM_prac/install/kinematic_control_pkg/share/kinematic_control_pkg/package.bash'
[1.312s] INFO:colcon.colcon_core.shell:Creating package script '/home/zhihuili/RM_prac/install/kinematic_control_pkg/share/kinematic_control_pkg/package.zsh'
[1.312s] Level 1:colcon.colcon_core.environment:create_file_with_runtime_dependencies(/home/zhihuili/RM_prac/install/kinematic_control_pkg/share/colcon-core/packages/kinematic_control_pkg)
[1.313s] Level 1:colcon.colcon_core.environment:create_environment_scripts_only(pure_pursuit_pkg)
[1.313s] Level 1:colcon.colcon_core.environment:checking '/home/zhihuili/RM_prac/install/pure_pursuit_pkg' for CMake module files
[1.315s] DEBUG:colcon.colcon_core.event_handler.log_command:Invoked command in '/home/zhihuili/RM_prac/build/pure_pursuit_pkg' returned '0': CMAKE_PREFIX_PATH=${CMAKE_PREFIX_PATH}:/home/zhihuili/RM_prac/install/turtlebot3_dqn:/opt/ros/humble /usr/bin/cmake --install /home/zhihuili/RM_prac/build/pure_pursuit_pkg
[1.316s] Level 1:colcon.colcon_core.environment:checking '/home/zhihuili/RM_prac/install/pure_pursuit_pkg' for CMake config files
[1.317s] Level 1:colcon.colcon_core.shell:create_environment_hook('pure_pursuit_pkg', 'cmake_prefix_path')
[1.318s] INFO:colcon.colcon_core.shell:Creating environment hook '/home/zhihuili/RM_prac/install/pure_pursuit_pkg/share/pure_pursuit_pkg/hook/cmake_prefix_path.ps1'
[1.321s] INFO:colcon.colcon_core.shell:Creating environment descriptor '/home/zhihuili/RM_prac/install/pure_pursuit_pkg/share/pure_pursuit_pkg/hook/cmake_prefix_path.dsv'
[1.323s] INFO:colcon.colcon_core.shell:Creating environment hook '/home/zhihuili/RM_prac/install/pure_pursuit_pkg/share/pure_pursuit_pkg/hook/cmake_prefix_path.sh'
[1.325s] Level 1:colcon.colcon_core.environment:checking '/home/zhihuili/RM_prac/install/pure_pursuit_pkg/lib'
[1.326s] Level 1:colcon.colcon_core.shell:create_environment_hook('pure_pursuit_pkg', 'ld_library_path_lib')
[1.327s] INFO:colcon.colcon_core.shell:Creating environment hook '/home/zhihuili/RM_prac/install/pure_pursuit_pkg/share/pure_pursuit_pkg/hook/ld_library_path_lib.ps1'
[1.328s] INFO:colcon.colcon_core.shell:Creating environment descriptor '/home/zhihuili/RM_prac/install/pure_pursuit_pkg/share/pure_pursuit_pkg/hook/ld_library_path_lib.dsv'
[1.330s] INFO:colcon.colcon_core.shell:Creating environment hook '/home/zhihuili/RM_prac/install/pure_pursuit_pkg/share/pure_pursuit_pkg/hook/ld_library_path_lib.sh'
[1.331s] Level 1:colcon.colcon_core.environment:checking '/home/zhihuili/RM_prac/install/pure_pursuit_pkg/bin'
[1.331s] Level 1:colcon.colcon_core.environment:checking '/home/zhihuili/RM_prac/install/pure_pursuit_pkg/lib/pkgconfig/pure_pursuit_pkg.pc'
[1.332s] Level 1:colcon.colcon_core.environment:checking '/home/zhihuili/RM_prac/install/pure_pursuit_pkg/lib/python3.10/site-packages'
[1.332s] Level 1:colcon.colcon_core.environment:checking '/home/zhihuili/RM_prac/install/pure_pursuit_pkg/bin'
[1.333s] INFO:colcon.colcon_core.shell:Creating package script '/home/zhihuili/RM_prac/install/pure_pursuit_pkg/share/pure_pursuit_pkg/package.ps1'
[1.334s] INFO:colcon.colcon_core.shell:Creating package descriptor '/home/zhihuili/RM_prac/install/pure_pursuit_pkg/share/pure_pursuit_pkg/package.dsv'
[1.335s] INFO:colcon.colcon_core.shell:Creating package script '/home/zhihuili/RM_prac/install/pure_pursuit_pkg/share/pure_pursuit_pkg/package.sh'
[1.335s] INFO:colcon.colcon_core.shell:Creating package script '/home/zhihuili/RM_prac/install/pure_pursuit_pkg/share/pure_pursuit_pkg/package.bash'
[1.336s] INFO:colcon.colcon_core.shell:Creating package script '/home/zhihuili/RM_prac/install/pure_pursuit_pkg/share/pure_pursuit_pkg/package.zsh'
[1.336s] Level 1:colcon.colcon_core.environment:create_file_with_runtime_dependencies(/home/zhihuili/RM_prac/install/pure_pursuit_pkg/share/colcon-core/packages/pure_pursuit_pkg)
[1.337s] Level 1:colcon.colcon_core.environment:create_environment_scripts_only(pure_pursuit_pkg)
[1.337s] Level 1:colcon.colcon_core.environment:checking '/home/zhihuili/RM_prac/install/pure_pursuit_pkg' for CMake module files
[1.338s] Level 1:colcon.colcon_core.environment:checking '/home/zhihuili/RM_prac/install/pure_pursuit_pkg' for CMake config files
[1.339s] Level 1:colcon.colcon_core.shell:create_environment_hook('pure_pursuit_pkg', 'cmake_prefix_path')
[1.339s] INFO:colcon.colcon_core.shell:Creating environment hook '/home/zhihuili/RM_prac/install/pure_pursuit_pkg/share/pure_pursuit_pkg/hook/cmake_prefix_path.ps1'
[1.340s] INFO:colcon.colcon_core.shell:Creating environment descriptor '/home/zhihuili/RM_prac/install/pure_pursuit_pkg/share/pure_pursuit_pkg/hook/cmake_prefix_path.dsv'
[1.341s] INFO:colcon.colcon_core.shell:Creating environment hook '/home/zhihuili/RM_prac/install/pure_pursuit_pkg/share/pure_pursuit_pkg/hook/cmake_prefix_path.sh'
[1.342s] Level 1:colcon.colcon_core.environment:checking '/home/zhihuili/RM_prac/install/pure_pursuit_pkg/lib'
[1.342s] Level 1:colcon.colcon_core.shell:create_environment_hook('pure_pursuit_pkg', 'ld_library_path_lib')
[1.342s] INFO:colcon.colcon_core.shell:Creating environment hook '/home/zhihuili/RM_prac/install/pure_pursuit_pkg/share/pure_pursuit_pkg/hook/ld_library_path_lib.ps1'
[1.343s] INFO:colcon.colcon_core.shell:Creating environment descriptor '/home/zhihuili/RM_prac/install/pure_pursuit_pkg/share/pure_pursuit_pkg/hook/ld_library_path_lib.dsv'
[1.343s] INFO:colcon.colcon_core.shell:Creating environment hook '/home/zhihuili/RM_prac/install/pure_pursuit_pkg/share/pure_pursuit_pkg/hook/ld_library_path_lib.sh'
[1.343s] Level 1:colcon.colcon_core.environment:checking '/home/zhihuili/RM_prac/install/pure_pursuit_pkg/bin'
[1.344s] Level 1:colcon.colcon_core.environment:checking '/home/zhihuili/RM_prac/install/pure_pursuit_pkg/lib/pkgconfig/pure_pursuit_pkg.pc'
[1.344s] Level 1:colcon.colcon_core.environment:checking '/home/zhihuili/RM_prac/install/pure_pursuit_pkg/lib/python3.10/site-packages'
[1.344s] Level 1:colcon.colcon_core.environment:checking '/home/zhihuili/RM_prac/install/pure_pursuit_pkg/bin'
[1.345s] INFO:colcon.colcon_core.shell:Creating package script '/home/zhihuili/RM_prac/install/pure_pursuit_pkg/share/pure_pursuit_pkg/package.ps1'
[1.346s] INFO:colcon.colcon_core.shell:Creating package descriptor '/home/zhihuili/RM_prac/install/pure_pursuit_pkg/share/pure_pursuit_pkg/package.dsv'
[1.347s] INFO:colcon.colcon_core.shell:Creating package script '/home/zhihuili/RM_prac/install/pure_pursuit_pkg/share/pure_pursuit_pkg/package.sh'
[1.347s] INFO:colcon.colcon_core.shell:Creating package script '/home/zhihuili/RM_prac/install/pure_pursuit_pkg/share/pure_pursuit_pkg/package.bash'
[1.348s] INFO:colcon.colcon_core.shell:Creating package script '/home/zhihuili/RM_prac/install/pure_pursuit_pkg/share/pure_pursuit_pkg/package.zsh'
[1.348s] Level 1:colcon.colcon_core.environment:create_file_with_runtime_dependencies(/home/zhihuili/RM_prac/install/pure_pursuit_pkg/share/colcon-core/packages/pure_pursuit_pkg)
[1.358s] DEBUG:colcon.colcon_core.event_handler.log_command:Invoking command in '/home/zhihuili/RM_prac/build/maintenance_mode_pkg': CMAKE_PREFIX_PATH=/home/zhihuili/RM_prac/install/turtlebot3_msgs:/home/zhihuili/RM_prac/install/upv_maps_pkg:/home/zhihuili/RM_prac/install/maintenance_mode_pkg:/home/zhihuili/RM_prac/install/turtlebot3_coppeliasim:/home/zhihuili/RM_prac/install/transformations_pkg:/home/zhihuili/RM_prac/install/slam_pkg:/home/zhihuili/RM_prac/install/ros2_vfh:/home/zhihuili/RM_prac/install/pure_pursuit_pkg:/home/zhihuili/RM_prac/install/navigation_pkg:/home/zhihuili/RM_prac/install/kinematic_control_pkg:/home/zhihuili/RM_prac/install/intro_ros_pkg:/home/zhihuili/RM_prac/install/bringup_turtlebot3_pkg:/home/zhihuili/RM_prac/install/turtlebot3_dqn:/opt/ros/humble LD_LIBRARY_PATH=/home/zhihuili/RM_prac/install/turtlebot3_msgs/lib:/home/zhihuili/sumo_env/lib:/home/zhihuili/RM_prac/install/pure_pursuit_pkg/lib:/home/zhihuili/RM_prac/install/kinematic_control_pkg/lib:/opt/ros/humble/opt/rviz_ogre_vendor/lib:/opt/ros/humble/lib/x86_64-linux-gnu:/opt/ros/humble/lib /usr/bin/cmake --build /home/zhihuili/RM_prac/build/maintenance_mode_pkg -- -j14 -l14
[1.587s] INFO:colcon.colcon_core.task.python.build:Building Python package in '/home/zhihuili/RM_prac/src/turtlebot3_dqn'
[1.588s] INFO:colcon.colcon_core.shell:Skip shell extension 'powershell' for command environment: Not usable outside of PowerShell
[1.588s] DEBUG:colcon.colcon_core.shell:Skip shell extension 'dsv' for command environment
[1.598s] DEBUG:colcon.colcon_core.event_handler.log_command:Invoked command in '/home/zhihuili/RM_prac/build/maintenance_mode_pkg' returned '0': CMAKE_PREFIX_PATH=/home/zhihuili/RM_prac/install/turtlebot3_msgs:/home/zhihuili/RM_prac/install/upv_maps_pkg:/home/zhihuili/RM_prac/install/maintenance_mode_pkg:/home/zhihuili/RM_prac/install/turtlebot3_coppeliasim:/home/zhihuili/RM_prac/install/transformations_pkg:/home/zhihuili/RM_prac/install/slam_pkg:/home/zhihuili/RM_prac/install/ros2_vfh:/home/zhihuili/RM_prac/install/pure_pursuit_pkg:/home/zhihuili/RM_prac/install/navigation_pkg:/home/zhihuili/RM_prac/install/kinematic_control_pkg:/home/zhihuili/RM_prac/install/intro_ros_pkg:/home/zhihuili/RM_prac/install/bringup_turtlebot3_pkg:/home/zhihuili/RM_prac/install/turtlebot3_dqn:/opt/ros/humble LD_LIBRARY_PATH=/home/zhihuili/RM_prac/install/turtlebot3_msgs/lib:/home/zhihuili/sumo_env/lib:/home/zhihuili/RM_prac/install/pure_pursuit_pkg/lib:/home/zhihuili/RM_prac/install/kinematic_control_pkg/lib:/opt/ros/humble/opt/rviz_ogre_vendor/lib:/opt/ros/humble/lib/x86_64-linux-gnu:/opt/ros/humble/lib /usr/bin/cmake --build /home/zhihuili/RM_prac/build/maintenance_mode_pkg -- -j14 -l14
[1.602s] DEBUG:colcon.colcon_core.event_handler.log_command:Invoking command in '/home/zhihuili/RM_prac/build/maintenance_mode_pkg': CMAKE_PREFIX_PATH=/home/zhihuili/RM_prac/install/turtlebot3_msgs:/home/zhihuili/RM_prac/install/upv_maps_pkg:/home/zhihuili/RM_prac/install/maintenance_mode_pkg:/home/zhihuili/RM_prac/install/turtlebot3_coppeliasim:/home/zhihuili/RM_prac/install/transformations_pkg:/home/zhihuili/RM_prac/install/slam_pkg:/home/zhihuili/RM_prac/install/ros2_vfh:/home/zhihuili/RM_prac/install/pure_pursuit_pkg:/home/zhihuili/RM_prac/install/navigation_pkg:/home/zhihuili/RM_prac/install/kinematic_control_pkg:/home/zhihuili/RM_prac/install/intro_ros_pkg:/home/zhihuili/RM_prac/install/bringup_turtlebot3_pkg:/home/zhihuili/RM_prac/install/turtlebot3_dqn:/opt/ros/humble LD_LIBRARY_PATH=/home/zhihuili/RM_prac/install/turtlebot3_msgs/lib:/home/zhihuili/sumo_env/lib:/home/zhihuili/RM_prac/install/pure_pursuit_pkg/lib:/home/zhihuili/RM_prac/install/kinematic_control_pkg/lib:/opt/ros/humble/opt/rviz_ogre_vendor/lib:/opt/ros/humble/lib/x86_64-linux-gnu:/opt/ros/humble/lib /usr/bin/cmake --install /home/zhihuili/RM_prac/build/maintenance_mode_pkg
[1.647s] Level 1:colcon.colcon_core.environment:create_environment_scripts_only(maintenance_mode_pkg)
[1.648s] Level 1:colcon.colcon_core.environment:checking '/home/zhihuili/RM_prac/install/maintenance_mode_pkg' for CMake module files
[1.650s] DEBUG:colcon.colcon_core.event_handler.log_command:Invoked command in '/home/zhihuili/RM_prac/build/maintenance_mode_pkg' returned '0': CMAKE_PREFIX_PATH=/home/zhihuili/RM_prac/install/turtlebot3_msgs:/home/zhihuili/RM_prac/install/upv_maps_pkg:/home/zhihuili/RM_prac/install/maintenance_mode_pkg:/home/zhihuili/RM_prac/install/turtlebot3_coppeliasim:/home/zhihuili/RM_prac/install/transformations_pkg:/home/zhihuili/RM_prac/install/slam_pkg:/home/zhihuili/RM_prac/install/ros2_vfh:/home/zhihuili/RM_prac/install/pure_pursuit_pkg:/home/zhihuili/RM_prac/install/navigation_pkg:/home/zhihuili/RM_prac/install/kinematic_control_pkg:/home/zhihuili/RM_prac/install/intro_ros_pkg:/home/zhihuili/RM_prac/install/bringup_turtlebot3_pkg:/home/zhihuili/RM_prac/install/turtlebot3_dqn:/opt/ros/humble LD_LIBRARY_PATH=/home/zhihuili/RM_prac/install/turtlebot3_msgs/lib:/home/zhihuili/sumo_env/lib:/home/zhihuili/RM_prac/install/pure_pursuit_pkg/lib:/home/zhihuili/RM_prac/install/kinematic_control_pkg/lib:/opt/ros/humble/opt/rviz_ogre_vendor/lib:/opt/ros/humble/lib/x86_64-linux-gnu:/opt/ros/humble/lib /usr/bin/cmake --install /home/zhihuili/RM_prac/build/maintenance_mode_pkg
[1.651s] Level 1:colcon.colcon_core.environment:checking '/home/zhihuili/RM_prac/install/maintenance_mode_pkg' for CMake config files
[1.652s] Level 1:colcon.colcon_core.shell:create_environment_hook('maintenance_mode_pkg', 'cmake_prefix_path')
[1.652s] INFO:colcon.colcon_core.shell:Creating environment hook '/home/zhihuili/RM_prac/install/maintenance_mode_pkg/share/maintenance_mode_pkg/hook/cmake_prefix_path.ps1'
[1.654s] INFO:colcon.colcon_core.shell:Creating environment descriptor '/home/zhihuili/RM_prac/install/maintenance_mode_pkg/share/maintenance_mode_pkg/hook/cmake_prefix_path.dsv'
[1.655s] INFO:colcon.colcon_core.shell:Creating environment hook '/home/zhihuili/RM_prac/install/maintenance_mode_pkg/share/maintenance_mode_pkg/hook/cmake_prefix_path.sh'
[1.656s] Level 1:colcon.colcon_core.environment:checking '/home/zhihuili/RM_prac/install/maintenance_mode_pkg/lib'
[1.657s] Level 1:colcon.colcon_core.environment:checking '/home/zhihuili/RM_prac/install/maintenance_mode_pkg/bin'
[1.657s] Level 1:colcon.colcon_core.environment:checking '/home/zhihuili/RM_prac/install/maintenance_mode_pkg/lib/pkgconfig/maintenance_mode_pkg.pc'
[1.657s] Level 1:colcon.colcon_core.environment:checking '/home/zhihuili/RM_prac/install/maintenance_mode_pkg/lib/python3.10/site-packages'
[1.658s] Level 1:colcon.colcon_core.environment:checking '/home/zhihuili/RM_prac/install/maintenance_mode_pkg/bin'
[1.659s] INFO:colcon.colcon_core.shell:Creating package script '/home/zhihuili/RM_prac/install/maintenance_mode_pkg/share/maintenance_mode_pkg/package.ps1'
[1.661s] INFO:colcon.colcon_core.shell:Creating package descriptor '/home/zhihuili/RM_prac/install/maintenance_mode_pkg/share/maintenance_mode_pkg/package.dsv'
[1.662s] INFO:colcon.colcon_core.shell:Creating package script '/home/zhihuili/RM_prac/install/maintenance_mode_pkg/share/maintenance_mode_pkg/package.sh'
[1.663s] INFO:colcon.colcon_core.shell:Creating package script '/home/zhihuili/RM_prac/install/maintenance_mode_pkg/share/maintenance_mode_pkg/package.bash'
[1.664s] INFO:colcon.colcon_core.shell:Creating package script '/home/zhihuili/RM_prac/install/maintenance_mode_pkg/share/maintenance_mode_pkg/package.zsh'
[1.664s] Level 1:colcon.colcon_core.environment:create_file_with_runtime_dependencies(/home/zhihuili/RM_prac/install/maintenance_mode_pkg/share/colcon-core/packages/maintenance_mode_pkg)
[1.666s] Level 1:colcon.colcon_core.environment:create_environment_scripts_only(maintenance_mode_pkg)
[1.666s] Level 1:colcon.colcon_core.environment:checking '/home/zhihuili/RM_prac/install/maintenance_mode_pkg' for CMake module files
[1.667s] Level 1:colcon.colcon_core.environment:checking '/home/zhihuili/RM_prac/install/maintenance_mode_pkg' for CMake config files
[1.668s] Level 1:colcon.colcon_core.shell:create_environment_hook('maintenance_mode_pkg', 'cmake_prefix_path')
[1.668s] INFO:colcon.colcon_core.shell:Creating environment hook '/home/zhihuili/RM_prac/install/maintenance_mode_pkg/share/maintenance_mode_pkg/hook/cmake_prefix_path.ps1'
[1.669s] INFO:colcon.colcon_core.shell:Creating environment descriptor '/home/zhihuili/RM_prac/install/maintenance_mode_pkg/share/maintenance_mode_pkg/hook/cmake_prefix_path.dsv'
[1.670s] INFO:colcon.colcon_core.shell:Creating environment hook '/home/zhihuili/RM_prac/install/maintenance_mode_pkg/share/maintenance_mode_pkg/hook/cmake_prefix_path.sh'
[1.671s] Level 1:colcon.colcon_core.environment:checking '/home/zhihuili/RM_prac/install/maintenance_mode_pkg/lib'
[1.671s] Level 1:colcon.colcon_core.environment:checking '/home/zhihuili/RM_prac/install/maintenance_mode_pkg/bin'
[1.671s] Level 1:colcon.colcon_core.environment:checking '/home/zhihuili/RM_prac/install/maintenance_mode_pkg/lib/pkgconfig/maintenance_mode_pkg.pc'
[1.672s] Level 1:colcon.colcon_core.environment:checking '/home/zhihuili/RM_prac/install/maintenance_mode_pkg/lib/python3.10/site-packages'
[1.672s] Level 1:colcon.colcon_core.environment:checking '/home/zhihuili/RM_prac/install/maintenance_mode_pkg/bin'
[1.673s] INFO:colcon.colcon_core.shell:Creating package script '/home/zhihuili/RM_prac/install/maintenance_mode_pkg/share/maintenance_mode_pkg/package.ps1'
[1.674s] INFO:colcon.colcon_core.shell:Creating package descriptor '/home/zhihuili/RM_prac/install/maintenance_mode_pkg/share/maintenance_mode_pkg/package.dsv'
[1.675s] INFO:colcon.colcon_core.shell:Creating package script '/home/zhihuili/RM_prac/install/maintenance_mode_pkg/share/maintenance_mode_pkg/package.sh'
[1.676s] INFO:colcon.colcon_core.shell:Creating package script '/home/zhihuili/RM_prac/install/maintenance_mode_pkg/share/maintenance_mode_pkg/package.bash'
[1.677s] INFO:colcon.colcon_core.shell:Creating package script '/home/zhihuili/RM_prac/install/maintenance_mode_pkg/share/maintenance_mode_pkg/package.zsh'
[1.677s] Level 1:colcon.colcon_core.environment:create_file_with_runtime_dependencies(/home/zhihuili/RM_prac/install/maintenance_mode_pkg/share/colcon-core/packages/maintenance_mode_pkg)
[1.953s] DEBUG:colcon.colcon_core.event_handler.log_command:Invoking command in '/home/zhihuili/RM_prac/src/turtlebot3_dqn': CMAKE_PREFIX_PATH=/home/zhihuili/RM_prac/install/turtlebot3_msgs:/home/zhihuili/RM_prac/install/upv_maps_pkg:/home/zhihuili/RM_prac/install/maintenance_mode_pkg:/home/zhihuili/RM_prac/install/turtlebot3_coppeliasim:/home/zhihuili/RM_prac/install/transformations_pkg:/home/zhihuili/RM_prac/install/slam_pkg:/home/zhihuili/RM_prac/install/ros2_vfh:/home/zhihuili/RM_prac/install/pure_pursuit_pkg:/home/zhihuili/RM_prac/install/navigation_pkg:/home/zhihuili/RM_prac/install/kinematic_control_pkg:/home/zhihuili/RM_prac/install/intro_ros_pkg:/home/zhihuili/RM_prac/install/bringup_turtlebot3_pkg LD_LIBRARY_PATH=/home/zhihuili/RM_prac/install/turtlebot3_msgs/lib:/home/zhihuili/sumo_env/lib:/home/zhihuili/RM_prac/install/pure_pursuit_pkg/lib:/home/zhihuili/RM_prac/install/kinematic_control_pkg/lib:/opt/ros/humble/opt/rviz_ogre_vendor/lib:/opt/ros/humble/lib/x86_64-linux-gnu:/opt/ros/humble/lib PYTHONPATH=/home/zhihuili/RM_prac/build/turtlebot3_dqn/prefix_override:/usr/lib/python3/dist-packages/colcon_core/task/python/colcon_distutils_commands:/home/zhihuili/RM_prac/install/turtlebot3_dqn/lib/python3.10/site-packages:${PYTHONPATH} /usr/bin/python3 -W ignore:setup.py install is deprecated -W ignore:easy_install command is deprecated setup.py egg_info --egg-base ../../build/turtlebot3_dqn build --build-base /home/zhihuili/RM_prac/build/turtlebot3_dqn/build install --record /home/zhihuili/RM_prac/build/turtlebot3_dqn/install.log --single-version-externally-managed install_data
[2.286s] Level 1:colcon.colcon_core.environment:checking '/home/zhihuili/RM_prac/install/turtlebot3_dqn' for CMake module files
[2.287s] DEBUG:colcon.colcon_core.event_handler.log_command:Invoked command in '/home/zhihuili/RM_prac/src/turtlebot3_dqn' returned '0': CMAKE_PREFIX_PATH=/home/zhihuili/RM_prac/install/turtlebot3_msgs:/home/zhihuili/RM_prac/install/upv_maps_pkg:/home/zhihuili/RM_prac/install/maintenance_mode_pkg:/home/zhihuili/RM_prac/install/turtlebot3_coppeliasim:/home/zhihuili/RM_prac/install/transformations_pkg:/home/zhihuili/RM_prac/install/slam_pkg:/home/zhihuili/RM_prac/install/ros2_vfh:/home/zhihuili/RM_prac/install/pure_pursuit_pkg:/home/zhihuili/RM_prac/install/navigation_pkg:/home/zhihuili/RM_prac/install/kinematic_control_pkg:/home/zhihuili/RM_prac/install/intro_ros_pkg:/home/zhihuili/RM_prac/install/bringup_turtlebot3_pkg LD_LIBRARY_PATH=/home/zhihuili/RM_prac/install/turtlebot3_msgs/lib:/home/zhihuili/sumo_env/lib:/home/zhihuili/RM_prac/install/pure_pursuit_pkg/lib:/home/zhihuili/RM_prac/install/kinematic_control_pkg/lib:/opt/ros/humble/opt/rviz_ogre_vendor/lib:/opt/ros/humble/lib/x86_64-linux-gnu:/opt/ros/humble/lib PYTHONPATH=/home/zhihuili/RM_prac/build/turtlebot3_dqn/prefix_override:/usr/lib/python3/dist-packages/colcon_core/task/python/colcon_distutils_commands:/home/zhihuili/RM_prac/install/turtlebot3_dqn/lib/python3.10/site-packages:${PYTHONPATH} /usr/bin/python3 -W ignore:setup.py install is deprecated -W ignore:easy_install command is deprecated setup.py egg_info --egg-base ../../build/turtlebot3_dqn build --build-base /home/zhihuili/RM_prac/build/turtlebot3_dqn/build install --record /home/zhihuili/RM_prac/build/turtlebot3_dqn/install.log --single-version-externally-managed install_data
[2.288s] Level 1:colcon.colcon_core.environment:checking '/home/zhihuili/RM_prac/install/turtlebot3_dqn' for CMake config files
[2.289s] Level 1:colcon.colcon_core.environment:checking '/home/zhihuili/RM_prac/install/turtlebot3_dqn/lib'
[2.289s] Level 1:colcon.colcon_core.environment:checking '/home/zhihuili/RM_prac/install/turtlebot3_dqn/bin'
[2.289s] Level 1:colcon.colcon_core.environment:checking '/home/zhihuili/RM_prac/install/turtlebot3_dqn/lib/pkgconfig/turtlebot3_dqn.pc'
[2.289s] Level 1:colcon.colcon_core.environment:checking '/home/zhihuili/RM_prac/install/turtlebot3_dqn/lib/python3.10/site-packages'
[2.289s] Level 1:colcon.colcon_core.shell:create_environment_hook('turtlebot3_dqn', 'pythonpath')
[2.290s] INFO:colcon.colcon_core.shell:Creating environment hook '/home/zhihuili/RM_prac/install/turtlebot3_dqn/share/turtlebot3_dqn/hook/pythonpath.ps1'
[2.291s] INFO:colcon.colcon_core.shell:Creating environment descriptor '/home/zhihuili/RM_prac/install/turtlebot3_dqn/share/turtlebot3_dqn/hook/pythonpath.dsv'
[2.291s] INFO:colcon.colcon_core.shell:Creating environment hook '/home/zhihuili/RM_prac/install/turtlebot3_dqn/share/turtlebot3_dqn/hook/pythonpath.sh'
[2.292s] Level 1:colcon.colcon_core.environment:checking '/home/zhihuili/RM_prac/install/turtlebot3_dqn/bin'
[2.292s] Level 1:colcon.colcon_core.environment:create_environment_scripts_only(turtlebot3_dqn)
[2.293s] INFO:colcon.colcon_core.shell:Creating package script '/home/zhihuili/RM_prac/install/turtlebot3_dqn/share/turtlebot3_dqn/package.ps1'
[2.294s] INFO:colcon.colcon_core.shell:Creating package descriptor '/home/zhihuili/RM_prac/install/turtlebot3_dqn/share/turtlebot3_dqn/package.dsv'
[2.294s] INFO:colcon.colcon_core.shell:Creating package script '/home/zhihuili/RM_prac/install/turtlebot3_dqn/share/turtlebot3_dqn/package.sh'
[2.295s] INFO:colcon.colcon_core.shell:Creating package script '/home/zhihuili/RM_prac/install/turtlebot3_dqn/share/turtlebot3_dqn/package.bash'
[2.295s] INFO:colcon.colcon_core.shell:Creating package script '/home/zhihuili/RM_prac/install/turtlebot3_dqn/share/turtlebot3_dqn/package.zsh'
[2.296s] Level 1:colcon.colcon_core.environment:create_file_with_runtime_dependencies(/home/zhihuili/RM_prac/install/turtlebot3_dqn/share/colcon-core/packages/turtlebot3_dqn)
[2.296s] DEBUG:colcon.colcon_parallel_executor.executor.parallel:closing loop
[2.297s] DEBUG:colcon.colcon_parallel_executor.executor.parallel:loop closed
[2.297s] DEBUG:colcon.colcon_parallel_executor.executor.parallel:run_until_complete finished with '0'
[2.297s] DEBUG:colcon.colcon_core.event_reactor:joining thread
[2.307s] INFO:colcon.colcon_core.plugin_system:Skipping extension 'colcon_notification.desktop_notification.notify_send': Could not find 'notify-send'
[2.307s] INFO:colcon.colcon_core.plugin_system:Skipping extension 'colcon_notification.desktop_notification.terminal_notifier': Not used on non-Darwin systems
[2.307s] INFO:colcon.colcon_core.plugin_system:Skipping extension 'colcon_notification.desktop_notification.win32': Not used on non-Windows systems
[2.307s] INFO:colcon.colcon_notification.desktop_notification:Sending desktop notification using 'notify2'
[2.328s] DEBUG:colcon.colcon_core.event_reactor:joined thread
[2.329s] INFO:colcon.colcon_core.shell:Creating prefix script '/home/zhihuili/RM_prac/install/local_setup.ps1'
[2.331s] INFO:colcon.colcon_core.shell:Creating prefix util module '/home/zhihuili/RM_prac/install/_local_setup_util_ps1.py'
[2.333s] INFO:colcon.colcon_core.shell:Creating prefix chain script '/home/zhihuili/RM_prac/install/setup.ps1'
[2.336s] INFO:colcon.colcon_core.shell:Creating prefix script '/home/zhihuili/RM_prac/install/local_setup.sh'
[2.336s] INFO:colcon.colcon_core.shell:Creating prefix util module '/home/zhihuili/RM_prac/install/_local_setup_util_sh.py'
[2.337s] INFO:colcon.colcon_core.shell:Creating prefix chain script '/home/zhihuili/RM_prac/install/setup.sh'
[2.339s] INFO:colcon.colcon_core.shell:Creating prefix script '/home/zhihuili/RM_prac/install/local_setup.bash'
[2.340s] INFO:colcon.colcon_core.shell:Creating prefix chain script '/home/zhihuili/RM_prac/install/setup.bash'
[2.342s] INFO:colcon.colcon_core.shell:Creating prefix script '/home/zhihuili/RM_prac/install/local_setup.zsh'
[2.343s] INFO:colcon.colcon_core.shell:Creating prefix chain script '/home/zhihuili/RM_prac/install/setup.zsh'
