[0.121s] DEBUG:colcon:Command line arguments: ['/usr/bin/colcon', 'build']
[0.121s] DEBUG:colcon:Parsed command line arguments: Namespace(log_base=None, log_level=None, verb_name='build', build_base='build', install_base='install', merge_install=False, symlink_install=False, test_result_base=None, continue_on_error=False, executor='parallel', parallel_workers=14, event_handlers=None, ignore_user_meta=False, metas=['./colcon.meta'], base_paths=['.'], packages_ignore=None, packages_ignore_regex=None, paths=None, packages_up_to=None, packages_up_to_regex=None, packages_above=None, packages_above_and_dependencies=None, packages_above_depth=None, packages_select_by_dep=None, packages_skip_by_dep=None, packages_skip_up_to=None, packages_select_build_failed=False, packages_skip_build_finished=False, packages_select_test_failures=False, packages_skip_test_passed=False, packages_select=None, packages_skip=None, packages_select_regex=None, packages_skip_regex=None, packages_start=None, packages_end=None, allow_overriding=[], cmake_args=None, cmake_target=None, cmake_target_skip_unavailable=False, cmake_clean_cache=False, cmake_clean_first=False, cmake_force_configure=False, ament_cmake_args=None, catkin_cmake_args=None, catkin_skip_building_tests=False, mixin_files=None, mixin=None, verb_parser=<colcon_mixin.mixin.mixin_argument.MixinArgumentDecorator object at 0x706e2f5ab490>, verb_extension=<colcon_core.verb.build.BuildVerb object at 0x706e2f6ec430>, main=<bound method BuildVerb.main of <colcon_core.verb.build.BuildVerb object at 0x706e2f6ec430>>, mixin_verb=('build',))
[0.271s] Level 1:colcon.colcon_core.package_discovery:discover_packages(colcon_meta) check parameters
[0.271s] Level 1:colcon.colcon_core.package_discovery:discover_packages(recursive) check parameters
[0.271s] Level 1:colcon.colcon_core.package_discovery:discover_packages(ignore) check parameters
[0.271s] Level 1:colcon.colcon_core.package_discovery:discover_packages(path) check parameters
[0.271s] Level 1:colcon.colcon_core.package_discovery:discover_packages(colcon_meta) discover
[0.271s] Level 1:colcon.colcon_core.package_discovery:discover_packages(recursive) discover
[0.272s] INFO:colcon.colcon_core.package_discovery:Crawling recursively for packages in '/home/zhihuili/RM_prac'
[0.272s] Level 1:colcon.colcon_core.package_identification:_identify(.) by extensions ['ignore', 'ignore_ament_install']
[0.272s] Level 1:colcon.colcon_core.package_identification:_identify(.) by extension 'ignore'
[0.272s] Level 1:colcon.colcon_core.package_identification:_identify(.) by extension 'ignore_ament_install'
[0.272s] Level 1:colcon.colcon_core.package_identification:_identify(.) by extensions ['colcon_pkg']
[0.272s] Level 1:colcon.colcon_core.package_identification:_identify(.) by extension 'colcon_pkg'
[0.272s] Level 1:colcon.colcon_core.package_identification:_identify(.) by extensions ['colcon_meta']
[0.272s] Level 1:colcon.colcon_core.package_identification:_identify(.) by extension 'colcon_meta'
[0.272s] Level 1:colcon.colcon_core.package_identification:_identify(.) by extensions ['ros']
[0.272s] Level 1:colcon.colcon_core.package_identification:_identify(.) by extension 'ros'
[0.283s] Level 1:colcon.colcon_core.package_identification:_identify(.) by extensions ['cmake', 'python']
[0.283s] Level 1:colcon.colcon_core.package_identification:_identify(.) by extension 'cmake'
[0.283s] Level 1:colcon.colcon_core.package_identification:_identify(.) by extension 'python'
[0.283s] Level 1:colcon.colcon_core.package_identification:_identify(.) by extensions ['python_setup_py']
[0.283s] Level 1:colcon.colcon_core.package_identification:_identify(.) by extension 'python_setup_py'
[0.283s] Level 1:colcon.colcon_core.package_identification:_identify(build) by extensions ['ignore', 'ignore_ament_install']
[0.284s] Level 1:colcon.colcon_core.package_identification:_identify(build) by extension 'ignore'
[0.284s] Level 1:colcon.colcon_core.package_identification:_identify(build) ignored
[0.284s] Level 1:colcon.colcon_core.package_identification:_identify(install) by extensions ['ignore', 'ignore_ament_install']
[0.284s] Level 1:colcon.colcon_core.package_identification:_identify(install) by extension 'ignore'
[0.284s] Level 1:colcon.colcon_core.package_identification:_identify(install) ignored
[0.284s] Level 1:colcon.colcon_core.package_identification:_identify(log) by extensions ['ignore', 'ignore_ament_install']
[0.284s] Level 1:colcon.colcon_core.package_identification:_identify(log) by extension 'ignore'
[0.284s] Level 1:colcon.colcon_core.package_identification:_identify(log) ignored
[0.284s] Level 1:colcon.colcon_core.package_identification:_identify(src) by extensions ['ignore', 'ignore_ament_install']
[0.284s] Level 1:colcon.colcon_core.package_identification:_identify(src) by extension 'ignore'
[0.284s] Level 1:colcon.colcon_core.package_identification:_identify(src) by extension 'ignore_ament_install'
[0.284s] Level 1:colcon.colcon_core.package_identification:_identify(src) by extensions ['colcon_pkg']
[0.284s] Level 1:colcon.colcon_core.package_identification:_identify(src) by extension 'colcon_pkg'
[0.285s] Level 1:colcon.colcon_core.package_identification:_identify(src) by extensions ['colcon_meta']
[0.285s] Level 1:colcon.colcon_core.package_identification:_identify(src) by extension 'colcon_meta'
[0.285s] Level 1:colcon.colcon_core.package_identification:_identify(src) by extensions ['ros']
[0.285s] Level 1:colcon.colcon_core.package_identification:_identify(src) by extension 'ros'
[0.285s] Level 1:colcon.colcon_core.package_identification:_identify(src) by extensions ['cmake', 'python']
[0.285s] Level 1:colcon.colcon_core.package_identification:_identify(src) by extension 'cmake'
[0.285s] Level 1:colcon.colcon_core.package_identification:_identify(src) by extension 'python'
[0.285s] Level 1:colcon.colcon_core.package_identification:_identify(src) by extensions ['python_setup_py']
[0.285s] Level 1:colcon.colcon_core.package_identification:_identify(src) by extension 'python_setup_py'
[0.285s] Level 1:colcon.colcon_core.package_identification:_identify(src/bringup_turtlebot3_pkg) by extensions ['ignore', 'ignore_ament_install']
[0.285s] Level 1:colcon.colcon_core.package_identification:_identify(src/bringup_turtlebot3_pkg) by extension 'ignore'
[0.285s] Level 1:colcon.colcon_core.package_identification:_identify(src/bringup_turtlebot3_pkg) by extension 'ignore_ament_install'
[0.285s] Level 1:colcon.colcon_core.package_identification:_identify(src/bringup_turtlebot3_pkg) by extensions ['colcon_pkg']
[0.285s] Level 1:colcon.colcon_core.package_identification:_identify(src/bringup_turtlebot3_pkg) by extension 'colcon_pkg'
[0.285s] Level 1:colcon.colcon_core.package_identification:_identify(src/bringup_turtlebot3_pkg) by extensions ['colcon_meta']
[0.285s] Level 1:colcon.colcon_core.package_identification:_identify(src/bringup_turtlebot3_pkg) by extension 'colcon_meta'
[0.285s] Level 1:colcon.colcon_core.package_identification:_identify(src/bringup_turtlebot3_pkg) by extensions ['ros']
[0.285s] Level 1:colcon.colcon_core.package_identification:_identify(src/bringup_turtlebot3_pkg) by extension 'ros'
[0.288s] DEBUG:colcon.colcon_core.package_identification:Package 'src/bringup_turtlebot3_pkg' with type 'ros.ament_cmake' and name 'bringup_turtlebot3_pkg'
[0.288s] Level 1:colcon.colcon_core.package_identification:_identify(src/intro_ros_pkg) by extensions ['ignore', 'ignore_ament_install']
[0.288s] Level 1:colcon.colcon_core.package_identification:_identify(src/intro_ros_pkg) by extension 'ignore'
[0.288s] Level 1:colcon.colcon_core.package_identification:_identify(src/intro_ros_pkg) by extension 'ignore_ament_install'
[0.288s] Level 1:colcon.colcon_core.package_identification:_identify(src/intro_ros_pkg) by extensions ['colcon_pkg']
[0.288s] Level 1:colcon.colcon_core.package_identification:_identify(src/intro_ros_pkg) by extension 'colcon_pkg'
[0.288s] Level 1:colcon.colcon_core.package_identification:_identify(src/intro_ros_pkg) by extensions ['colcon_meta']
[0.288s] Level 1:colcon.colcon_core.package_identification:_identify(src/intro_ros_pkg) by extension 'colcon_meta'
[0.288s] Level 1:colcon.colcon_core.package_identification:_identify(src/intro_ros_pkg) by extensions ['ros']
[0.288s] Level 1:colcon.colcon_core.package_identification:_identify(src/intro_ros_pkg) by extension 'ros'
[0.289s] DEBUG:colcon.colcon_core.package_identification:Package 'src/intro_ros_pkg' with type 'ros.ament_cmake' and name 'intro_ros_pkg'
[0.289s] Level 1:colcon.colcon_core.package_identification:_identify(src/kinematic_control_pkg) by extensions ['ignore', 'ignore_ament_install']
[0.289s] Level 1:colcon.colcon_core.package_identification:_identify(src/kinematic_control_pkg) by extension 'ignore'
[0.289s] Level 1:colcon.colcon_core.package_identification:_identify(src/kinematic_control_pkg) by extension 'ignore_ament_install'
[0.289s] Level 1:colcon.colcon_core.package_identification:_identify(src/kinematic_control_pkg) by extensions ['colcon_pkg']
[0.289s] Level 1:colcon.colcon_core.package_identification:_identify(src/kinematic_control_pkg) by extension 'colcon_pkg'
[0.289s] Level 1:colcon.colcon_core.package_identification:_identify(src/kinematic_control_pkg) by extensions ['colcon_meta']
[0.289s] Level 1:colcon.colcon_core.package_identification:_identify(src/kinematic_control_pkg) by extension 'colcon_meta'
[0.289s] Level 1:colcon.colcon_core.package_identification:_identify(src/kinematic_control_pkg) by extensions ['ros']
[0.289s] Level 1:colcon.colcon_core.package_identification:_identify(src/kinematic_control_pkg) by extension 'ros'
[0.290s] DEBUG:colcon.colcon_core.package_identification:Package 'src/kinematic_control_pkg' with type 'ros.ament_cmake' and name 'kinematic_control_pkg'
[0.290s] Level 1:colcon.colcon_core.package_identification:_identify(src/maintenance_mode_pkg) by extensions ['ignore', 'ignore_ament_install']
[0.290s] Level 1:colcon.colcon_core.package_identification:_identify(src/maintenance_mode_pkg) by extension 'ignore'
[0.290s] Level 1:colcon.colcon_core.package_identification:_identify(src/maintenance_mode_pkg) by extension 'ignore_ament_install'
[0.290s] Level 1:colcon.colcon_core.package_identification:_identify(src/maintenance_mode_pkg) by extensions ['colcon_pkg']
[0.290s] Level 1:colcon.colcon_core.package_identification:_identify(src/maintenance_mode_pkg) by extension 'colcon_pkg'
[0.290s] Level 1:colcon.colcon_core.package_identification:_identify(src/maintenance_mode_pkg) by extensions ['colcon_meta']
[0.290s] Level 1:colcon.colcon_core.package_identification:_identify(src/maintenance_mode_pkg) by extension 'colcon_meta'
[0.291s] Level 1:colcon.colcon_core.package_identification:_identify(src/maintenance_mode_pkg) by extensions ['ros']
[0.291s] Level 1:colcon.colcon_core.package_identification:_identify(src/maintenance_mode_pkg) by extension 'ros'
[0.291s] DEBUG:colcon.colcon_core.package_identification:Package 'src/maintenance_mode_pkg' with type 'ros.ament_cmake' and name 'maintenance_mode_pkg'
[0.291s] Level 1:colcon.colcon_core.package_identification:_identify(src/navigation_pkg) by extensions ['ignore', 'ignore_ament_install']
[0.292s] Level 1:colcon.colcon_core.package_identification:_identify(src/navigation_pkg) by extension 'ignore'
[0.292s] Level 1:colcon.colcon_core.package_identification:_identify(src/navigation_pkg) by extension 'ignore_ament_install'
[0.292s] Level 1:colcon.colcon_core.package_identification:_identify(src/navigation_pkg) by extensions ['colcon_pkg']
[0.292s] Level 1:colcon.colcon_core.package_identification:_identify(src/navigation_pkg) by extension 'colcon_pkg'
[0.292s] Level 1:colcon.colcon_core.package_identification:_identify(src/navigation_pkg) by extensions ['colcon_meta']
[0.292s] Level 1:colcon.colcon_core.package_identification:_identify(src/navigation_pkg) by extension 'colcon_meta'
[0.292s] Level 1:colcon.colcon_core.package_identification:_identify(src/navigation_pkg) by extensions ['ros']
[0.292s] Level 1:colcon.colcon_core.package_identification:_identify(src/navigation_pkg) by extension 'ros'
[0.292s] DEBUG:colcon.colcon_core.package_identification:Package 'src/navigation_pkg' with type 'ros.ament_cmake' and name 'navigation_pkg'
[0.292s] Level 1:colcon.colcon_core.package_identification:_identify(src/pure_pursuit_pkg) by extensions ['ignore', 'ignore_ament_install']
[0.292s] Level 1:colcon.colcon_core.package_identification:_identify(src/pure_pursuit_pkg) by extension 'ignore'
[0.292s] Level 1:colcon.colcon_core.package_identification:_identify(src/pure_pursuit_pkg) by extension 'ignore_ament_install'
[0.292s] Level 1:colcon.colcon_core.package_identification:_identify(src/pure_pursuit_pkg) by extensions ['colcon_pkg']
[0.292s] Level 1:colcon.colcon_core.package_identification:_identify(src/pure_pursuit_pkg) by extension 'colcon_pkg'
[0.293s] Level 1:colcon.colcon_core.package_identification:_identify(src/pure_pursuit_pkg) by extensions ['colcon_meta']
[0.293s] Level 1:colcon.colcon_core.package_identification:_identify(src/pure_pursuit_pkg) by extension 'colcon_meta'
[0.293s] Level 1:colcon.colcon_core.package_identification:_identify(src/pure_pursuit_pkg) by extensions ['ros']
[0.293s] Level 1:colcon.colcon_core.package_identification:_identify(src/pure_pursuit_pkg) by extension 'ros'
[0.293s] DEBUG:colcon.colcon_core.package_identification:Package 'src/pure_pursuit_pkg' with type 'ros.ament_cmake' and name 'pure_pursuit_pkg'
[0.294s] Level 1:colcon.colcon_core.package_identification:_identify(src/ros2_vfh) by extensions ['ignore', 'ignore_ament_install']
[0.294s] Level 1:colcon.colcon_core.package_identification:_identify(src/ros2_vfh) by extension 'ignore'
[0.294s] Level 1:colcon.colcon_core.package_identification:_identify(src/ros2_vfh) by extension 'ignore_ament_install'
[0.294s] Level 1:colcon.colcon_core.package_identification:_identify(src/ros2_vfh) by extensions ['colcon_pkg']
[0.294s] Level 1:colcon.colcon_core.package_identification:_identify(src/ros2_vfh) by extension 'colcon_pkg'
[0.294s] Level 1:colcon.colcon_core.package_identification:_identify(src/ros2_vfh) by extensions ['colcon_meta']
[0.294s] Level 1:colcon.colcon_core.package_identification:_identify(src/ros2_vfh) by extension 'colcon_meta'
[0.294s] Level 1:colcon.colcon_core.package_identification:_identify(src/ros2_vfh) by extensions ['ros']
[0.294s] Level 1:colcon.colcon_core.package_identification:_identify(src/ros2_vfh) by extension 'ros'
[0.295s] DEBUG:colcon.colcon_core.package_identification:Package 'src/ros2_vfh' with type 'ros.ament_cmake' and name 'ros2_vfh'
[0.295s] Level 1:colcon.colcon_core.package_identification:_identify(src/slam_pkg) by extensions ['ignore', 'ignore_ament_install']
[0.295s] Level 1:colcon.colcon_core.package_identification:_identify(src/slam_pkg) by extension 'ignore'
[0.295s] Level 1:colcon.colcon_core.package_identification:_identify(src/slam_pkg) by extension 'ignore_ament_install'
[0.295s] Level 1:colcon.colcon_core.package_identification:_identify(src/slam_pkg) by extensions ['colcon_pkg']
[0.295s] Level 1:colcon.colcon_core.package_identification:_identify(src/slam_pkg) by extension 'colcon_pkg'
[0.295s] Level 1:colcon.colcon_core.package_identification:_identify(src/slam_pkg) by extensions ['colcon_meta']
[0.295s] Level 1:colcon.colcon_core.package_identification:_identify(src/slam_pkg) by extension 'colcon_meta'
[0.295s] Level 1:colcon.colcon_core.package_identification:_identify(src/slam_pkg) by extensions ['ros']
[0.295s] Level 1:colcon.colcon_core.package_identification:_identify(src/slam_pkg) by extension 'ros'
[0.296s] DEBUG:colcon.colcon_core.package_identification:Package 'src/slam_pkg' with type 'ros.ament_cmake' and name 'slam_pkg'
[0.296s] Level 1:colcon.colcon_core.package_identification:_identify(src/transformations_pkg) by extensions ['ignore', 'ignore_ament_install']
[0.296s] Level 1:colcon.colcon_core.package_identification:_identify(src/transformations_pkg) by extension 'ignore'
[0.296s] Level 1:colcon.colcon_core.package_identification:_identify(src/transformations_pkg) by extension 'ignore_ament_install'
[0.296s] Level 1:colcon.colcon_core.package_identification:_identify(src/transformations_pkg) by extensions ['colcon_pkg']
[0.296s] Level 1:colcon.colcon_core.package_identification:_identify(src/transformations_pkg) by extension 'colcon_pkg'
[0.296s] Level 1:colcon.colcon_core.package_identification:_identify(src/transformations_pkg) by extensions ['colcon_meta']
[0.296s] Level 1:colcon.colcon_core.package_identification:_identify(src/transformations_pkg) by extension 'colcon_meta'
[0.296s] Level 1:colcon.colcon_core.package_identification:_identify(src/transformations_pkg) by extensions ['ros']
[0.296s] Level 1:colcon.colcon_core.package_identification:_identify(src/transformations_pkg) by extension 'ros'
[0.297s] DEBUG:colcon.colcon_core.package_identification:Package 'src/transformations_pkg' with type 'ros.ament_cmake' and name 'transformations_pkg'
[0.297s] Level 1:colcon.colcon_core.package_identification:_identify(src/turtlebot3_coppeliasim) by extensions ['ignore', 'ignore_ament_install']
[0.297s] Level 1:colcon.colcon_core.package_identification:_identify(src/turtlebot3_coppeliasim) by extension 'ignore'
[0.297s] Level 1:colcon.colcon_core.package_identification:_identify(src/turtlebot3_coppeliasim) by extension 'ignore_ament_install'
[0.297s] Level 1:colcon.colcon_core.package_identification:_identify(src/turtlebot3_coppeliasim) by extensions ['colcon_pkg']
[0.297s] Level 1:colcon.colcon_core.package_identification:_identify(src/turtlebot3_coppeliasim) by extension 'colcon_pkg'
[0.297s] Level 1:colcon.colcon_core.package_identification:_identify(src/turtlebot3_coppeliasim) by extensions ['colcon_meta']
[0.297s] Level 1:colcon.colcon_core.package_identification:_identify(src/turtlebot3_coppeliasim) by extension 'colcon_meta'
[0.298s] Level 1:colcon.colcon_core.package_identification:_identify(src/turtlebot3_coppeliasim) by extensions ['ros']
[0.298s] Level 1:colcon.colcon_core.package_identification:_identify(src/turtlebot3_coppeliasim) by extension 'ros'
[0.298s] DEBUG:colcon.colcon_core.package_identification:Package 'src/turtlebot3_coppeliasim' with type 'ros.ament_cmake' and name 'turtlebot3_coppeliasim'
[0.298s] Level 1:colcon.colcon_core.package_identification:_identify(src/turtlebot3_dqn) by extensions ['ignore', 'ignore_ament_install']
[0.298s] Level 1:colcon.colcon_core.package_identification:_identify(src/turtlebot3_dqn) by extension 'ignore'
[0.298s] Level 1:colcon.colcon_core.package_identification:_identify(src/turtlebot3_dqn) by extension 'ignore_ament_install'
[0.298s] Level 1:colcon.colcon_core.package_identification:_identify(src/turtlebot3_dqn) by extensions ['colcon_pkg']
[0.298s] Level 1:colcon.colcon_core.package_identification:_identify(src/turtlebot3_dqn) by extension 'colcon_pkg'
[0.298s] Level 1:colcon.colcon_core.package_identification:_identify(src/turtlebot3_dqn) by extensions ['colcon_meta']
[0.298s] Level 1:colcon.colcon_core.package_identification:_identify(src/turtlebot3_dqn) by extension 'colcon_meta'
[0.298s] Level 1:colcon.colcon_core.package_identification:_identify(src/turtlebot3_dqn) by extensions ['ros']
[0.298s] Level 1:colcon.colcon_core.package_identification:_identify(src/turtlebot3_dqn) by extension 'ros'
[0.299s] DEBUG:colcon.colcon_core.package_identification:Package 'src/turtlebot3_dqn' with type 'ros.ament_python' and name 'turtlebot3_dqn'
[0.299s] Level 1:colcon.colcon_core.package_identification:_identify(src/turtlebot3_msgs) by extensions ['ignore', 'ignore_ament_install']
[0.299s] Level 1:colcon.colcon_core.package_identification:_identify(src/turtlebot3_msgs) by extension 'ignore'
[0.299s] Level 1:colcon.colcon_core.package_identification:_identify(src/turtlebot3_msgs) by extension 'ignore_ament_install'
[0.299s] Level 1:colcon.colcon_core.package_identification:_identify(src/turtlebot3_msgs) by extensions ['colcon_pkg']
[0.299s] Level 1:colcon.colcon_core.package_identification:_identify(src/turtlebot3_msgs) by extension 'colcon_pkg'
[0.299s] Level 1:colcon.colcon_core.package_identification:_identify(src/turtlebot3_msgs) by extensions ['colcon_meta']
[0.299s] Level 1:colcon.colcon_core.package_identification:_identify(src/turtlebot3_msgs) by extension 'colcon_meta'
[0.299s] Level 1:colcon.colcon_core.package_identification:_identify(src/turtlebot3_msgs) by extensions ['ros']
[0.300s] Level 1:colcon.colcon_core.package_identification:_identify(src/turtlebot3_msgs) by extension 'ros'
[0.301s] DEBUG:colcon.colcon_core.package_identification:Package 'src/turtlebot3_msgs' with type 'ros.ament_cmake' and name 'turtlebot3_msgs'
[0.301s] Level 1:colcon.colcon_core.package_identification:_identify(src/upv_maps_pkg) by extensions ['ignore', 'ignore_ament_install']
[0.301s] Level 1:colcon.colcon_core.package_identification:_identify(src/upv_maps_pkg) by extension 'ignore'
[0.302s] Level 1:colcon.colcon_core.package_identification:_identify(src/upv_maps_pkg) by extension 'ignore_ament_install'
[0.302s] Level 1:colcon.colcon_core.package_identification:_identify(src/upv_maps_pkg) by extensions ['colcon_pkg']
[0.302s] Level 1:colcon.colcon_core.package_identification:_identify(src/upv_maps_pkg) by extension 'colcon_pkg'
[0.302s] Level 1:colcon.colcon_core.package_identification:_identify(src/upv_maps_pkg) by extensions ['colcon_meta']
[0.302s] Level 1:colcon.colcon_core.package_identification:_identify(src/upv_maps_pkg) by extension 'colcon_meta'
[0.302s] Level 1:colcon.colcon_core.package_identification:_identify(src/upv_maps_pkg) by extensions ['ros']
[0.302s] Level 1:colcon.colcon_core.package_identification:_identify(src/upv_maps_pkg) by extension 'ros'
[0.302s] DEBUG:colcon.colcon_core.package_identification:Package 'src/upv_maps_pkg' with type 'ros.ament_cmake' and name 'upv_maps_pkg'
[0.302s] Level 1:colcon.colcon_core.package_discovery:discover_packages(recursive) using defaults
[0.302s] Level 1:colcon.colcon_core.package_discovery:discover_packages(ignore) discover
[0.302s] Level 1:colcon.colcon_core.package_discovery:discover_packages(ignore) using defaults
[0.302s] Level 1:colcon.colcon_core.package_discovery:discover_packages(path) discover
[0.302s] Level 1:colcon.colcon_core.package_discovery:discover_packages(path) using defaults
[0.337s] Level 1:colcon.colcon_core.package_discovery:discover_packages(prefix_path) check parameters
[0.337s] Level 1:colcon.colcon_core.package_discovery:discover_packages(prefix_path) discover
[0.339s] DEBUG:colcon.colcon_installed_package_information.package_discovery:Found 13 installed packages in /home/zhihuili/RM_prac/install
[0.339s] DEBUG:colcon.colcon_installed_package_information.package_discovery:Found 1 installed packages in /home/zhihuili/sim_ros2_interface/install
[0.341s] DEBUG:colcon.colcon_installed_package_information.package_discovery:Found 325 installed packages in /opt/ros/humble
[0.342s] Level 1:colcon.colcon_core.package_discovery:discover_packages(prefix_path) using defaults
[0.382s] Level 5:colcon.colcon_core.verb:set package 'bringup_turtlebot3_pkg' build argument 'cmake_args' from command line to 'None'
[0.382s] Level 5:colcon.colcon_core.verb:set package 'bringup_turtlebot3_pkg' build argument 'cmake_target' from command line to 'None'
[0.382s] Level 5:colcon.colcon_core.verb:set package 'bringup_turtlebot3_pkg' build argument 'cmake_target_skip_unavailable' from command line to 'False'
[0.382s] Level 5:colcon.colcon_core.verb:set package 'bringup_turtlebot3_pkg' build argument 'cmake_clean_cache' from command line to 'False'
[0.382s] Level 5:colcon.colcon_core.verb:set package 'bringup_turtlebot3_pkg' build argument 'cmake_clean_first' from command line to 'False'
[0.382s] Level 5:colcon.colcon_core.verb:set package 'bringup_turtlebot3_pkg' build argument 'cmake_force_configure' from command line to 'False'
[0.382s] Level 5:colcon.colcon_core.verb:set package 'bringup_turtlebot3_pkg' build argument 'ament_cmake_args' from command line to 'None'
[0.382s] Level 5:colcon.colcon_core.verb:set package 'bringup_turtlebot3_pkg' build argument 'catkin_cmake_args' from command line to 'None'
[0.382s] Level 5:colcon.colcon_core.verb:set package 'bringup_turtlebot3_pkg' build argument 'catkin_skip_building_tests' from command line to 'False'
[0.382s] DEBUG:colcon.colcon_core.verb:Building package 'bringup_turtlebot3_pkg' with the following arguments: {'ament_cmake_args': None, 'build_base': '/home/zhihuili/RM_prac/build/bringup_turtlebot3_pkg', 'catkin_cmake_args': None, 'catkin_skip_building_tests': False, 'cmake_args': None, 'cmake_clean_cache': False, 'cmake_clean_first': False, 'cmake_force_configure': False, 'cmake_target': None, 'cmake_target_skip_unavailable': False, 'install_base': '/home/zhihuili/RM_prac/install/bringup_turtlebot3_pkg', 'merge_install': False, 'path': '/home/zhihuili/RM_prac/src/bringup_turtlebot3_pkg', 'symlink_install': False, 'test_result_base': None}
[0.383s] Level 5:colcon.colcon_core.verb:set package 'intro_ros_pkg' build argument 'cmake_args' from command line to 'None'
[0.383s] Level 5:colcon.colcon_core.verb:set package 'intro_ros_pkg' build argument 'cmake_target' from command line to 'None'
[0.383s] Level 5:colcon.colcon_core.verb:set package 'intro_ros_pkg' build argument 'cmake_target_skip_unavailable' from command line to 'False'
[0.383s] Level 5:colcon.colcon_core.verb:set package 'intro_ros_pkg' build argument 'cmake_clean_cache' from command line to 'False'
[0.383s] Level 5:colcon.colcon_core.verb:set package 'intro_ros_pkg' build argument 'cmake_clean_first' from command line to 'False'
[0.383s] Level 5:colcon.colcon_core.verb:set package 'intro_ros_pkg' build argument 'cmake_force_configure' from command line to 'False'
[0.383s] Level 5:colcon.colcon_core.verb:set package 'intro_ros_pkg' build argument 'ament_cmake_args' from command line to 'None'
[0.383s] Level 5:colcon.colcon_core.verb:set package 'intro_ros_pkg' build argument 'catkin_cmake_args' from command line to 'None'
[0.383s] Level 5:colcon.colcon_core.verb:set package 'intro_ros_pkg' build argument 'catkin_skip_building_tests' from command line to 'False'
[0.383s] DEBUG:colcon.colcon_core.verb:Building package 'intro_ros_pkg' with the following arguments: {'ament_cmake_args': None, 'build_base': '/home/zhihuili/RM_prac/build/intro_ros_pkg', 'catkin_cmake_args': None, 'catkin_skip_building_tests': False, 'cmake_args': None, 'cmake_clean_cache': False, 'cmake_clean_first': False, 'cmake_force_configure': False, 'cmake_target': None, 'cmake_target_skip_unavailable': False, 'install_base': '/home/zhihuili/RM_prac/install/intro_ros_pkg', 'merge_install': False, 'path': '/home/zhihuili/RM_prac/src/intro_ros_pkg', 'symlink_install': False, 'test_result_base': None}
[0.383s] Level 5:colcon.colcon_core.verb:set package 'kinematic_control_pkg' build argument 'cmake_args' from command line to 'None'
[0.383s] Level 5:colcon.colcon_core.verb:set package 'kinematic_control_pkg' build argument 'cmake_target' from command line to 'None'
[0.383s] Level 5:colcon.colcon_core.verb:set package 'kinematic_control_pkg' build argument 'cmake_target_skip_unavailable' from command line to 'False'
[0.383s] Level 5:colcon.colcon_core.verb:set package 'kinematic_control_pkg' build argument 'cmake_clean_cache' from command line to 'False'
[0.383s] Level 5:colcon.colcon_core.verb:set package 'kinematic_control_pkg' build argument 'cmake_clean_first' from command line to 'False'
[0.383s] Level 5:colcon.colcon_core.verb:set package 'kinematic_control_pkg' build argument 'cmake_force_configure' from command line to 'False'
[0.383s] Level 5:colcon.colcon_core.verb:set package 'kinematic_control_pkg' build argument 'ament_cmake_args' from command line to 'None'
[0.383s] Level 5:colcon.colcon_core.verb:set package 'kinematic_control_pkg' build argument 'catkin_cmake_args' from command line to 'None'
[0.383s] Level 5:colcon.colcon_core.verb:set package 'kinematic_control_pkg' build argument 'catkin_skip_building_tests' from command line to 'False'
[0.383s] DEBUG:colcon.colcon_core.verb:Building package 'kinematic_control_pkg' with the following arguments: {'ament_cmake_args': None, 'build_base': '/home/zhihuili/RM_prac/build/kinematic_control_pkg', 'catkin_cmake_args': None, 'catkin_skip_building_tests': False, 'cmake_args': None, 'cmake_clean_cache': False, 'cmake_clean_first': False, 'cmake_force_configure': False, 'cmake_target': None, 'cmake_target_skip_unavailable': False, 'install_base': '/home/zhihuili/RM_prac/install/kinematic_control_pkg', 'merge_install': False, 'path': '/home/zhihuili/RM_prac/src/kinematic_control_pkg', 'symlink_install': False, 'test_result_base': None}
[0.384s] Level 5:colcon.colcon_core.verb:set package 'navigation_pkg' build argument 'cmake_args' from command line to 'None'
[0.384s] Level 5:colcon.colcon_core.verb:set package 'navigation_pkg' build argument 'cmake_target' from command line to 'None'
[0.384s] Level 5:colcon.colcon_core.verb:set package 'navigation_pkg' build argument 'cmake_target_skip_unavailable' from command line to 'False'
[0.384s] Level 5:colcon.colcon_core.verb:set package 'navigation_pkg' build argument 'cmake_clean_cache' from command line to 'False'
[0.384s] Level 5:colcon.colcon_core.verb:set package 'navigation_pkg' build argument 'cmake_clean_first' from command line to 'False'
[0.384s] Level 5:colcon.colcon_core.verb:set package 'navigation_pkg' build argument 'cmake_force_configure' from command line to 'False'
[0.384s] Level 5:colcon.colcon_core.verb:set package 'navigation_pkg' build argument 'ament_cmake_args' from command line to 'None'
[0.384s] Level 5:colcon.colcon_core.verb:set package 'navigation_pkg' build argument 'catkin_cmake_args' from command line to 'None'
[0.384s] Level 5:colcon.colcon_core.verb:set package 'navigation_pkg' build argument 'catkin_skip_building_tests' from command line to 'False'
[0.384s] DEBUG:colcon.colcon_core.verb:Building package 'navigation_pkg' with the following arguments: {'ament_cmake_args': None, 'build_base': '/home/zhihuili/RM_prac/build/navigation_pkg', 'catkin_cmake_args': None, 'catkin_skip_building_tests': False, 'cmake_args': None, 'cmake_clean_cache': False, 'cmake_clean_first': False, 'cmake_force_configure': False, 'cmake_target': None, 'cmake_target_skip_unavailable': False, 'install_base': '/home/zhihuili/RM_prac/install/navigation_pkg', 'merge_install': False, 'path': '/home/zhihuili/RM_prac/src/navigation_pkg', 'symlink_install': False, 'test_result_base': None}
[0.384s] Level 5:colcon.colcon_core.verb:set package 'pure_pursuit_pkg' build argument 'cmake_args' from command line to 'None'
[0.384s] Level 5:colcon.colcon_core.verb:set package 'pure_pursuit_pkg' build argument 'cmake_target' from command line to 'None'
[0.384s] Level 5:colcon.colcon_core.verb:set package 'pure_pursuit_pkg' build argument 'cmake_target_skip_unavailable' from command line to 'False'
[0.384s] Level 5:colcon.colcon_core.verb:set package 'pure_pursuit_pkg' build argument 'cmake_clean_cache' from command line to 'False'
[0.384s] Level 5:colcon.colcon_core.verb:set package 'pure_pursuit_pkg' build argument 'cmake_clean_first' from command line to 'False'
[0.384s] Level 5:colcon.colcon_core.verb:set package 'pure_pursuit_pkg' build argument 'cmake_force_configure' from command line to 'False'
[0.384s] Level 5:colcon.colcon_core.verb:set package 'pure_pursuit_pkg' build argument 'ament_cmake_args' from command line to 'None'
[0.384s] Level 5:colcon.colcon_core.verb:set package 'pure_pursuit_pkg' build argument 'catkin_cmake_args' from command line to 'None'
[0.384s] Level 5:colcon.colcon_core.verb:set package 'pure_pursuit_pkg' build argument 'catkin_skip_building_tests' from command line to 'False'
[0.384s] DEBUG:colcon.colcon_core.verb:Building package 'pure_pursuit_pkg' with the following arguments: {'ament_cmake_args': None, 'build_base': '/home/zhihuili/RM_prac/build/pure_pursuit_pkg', 'catkin_cmake_args': None, 'catkin_skip_building_tests': False, 'cmake_args': None, 'cmake_clean_cache': False, 'cmake_clean_first': False, 'cmake_force_configure': False, 'cmake_target': None, 'cmake_target_skip_unavailable': False, 'install_base': '/home/zhihuili/RM_prac/install/pure_pursuit_pkg', 'merge_install': False, 'path': '/home/zhihuili/RM_prac/src/pure_pursuit_pkg', 'symlink_install': False, 'test_result_base': None}
[0.385s] Level 5:colcon.colcon_core.verb:set package 'ros2_vfh' build argument 'cmake_args' from command line to 'None'
[0.385s] Level 5:colcon.colcon_core.verb:set package 'ros2_vfh' build argument 'cmake_target' from command line to 'None'
[0.385s] Level 5:colcon.colcon_core.verb:set package 'ros2_vfh' build argument 'cmake_target_skip_unavailable' from command line to 'False'
[0.385s] Level 5:colcon.colcon_core.verb:set package 'ros2_vfh' build argument 'cmake_clean_cache' from command line to 'False'
[0.385s] Level 5:colcon.colcon_core.verb:set package 'ros2_vfh' build argument 'cmake_clean_first' from command line to 'False'
[0.385s] Level 5:colcon.colcon_core.verb:set package 'ros2_vfh' build argument 'cmake_force_configure' from command line to 'False'
[0.385s] Level 5:colcon.colcon_core.verb:set package 'ros2_vfh' build argument 'ament_cmake_args' from command line to 'None'
[0.385s] Level 5:colcon.colcon_core.verb:set package 'ros2_vfh' build argument 'catkin_cmake_args' from command line to 'None'
[0.385s] Level 5:colcon.colcon_core.verb:set package 'ros2_vfh' build argument 'catkin_skip_building_tests' from command line to 'False'
[0.385s] DEBUG:colcon.colcon_core.verb:Building package 'ros2_vfh' with the following arguments: {'ament_cmake_args': None, 'build_base': '/home/zhihuili/RM_prac/build/ros2_vfh', 'catkin_cmake_args': None, 'catkin_skip_building_tests': False, 'cmake_args': None, 'cmake_clean_cache': False, 'cmake_clean_first': False, 'cmake_force_configure': False, 'cmake_target': None, 'cmake_target_skip_unavailable': False, 'install_base': '/home/zhihuili/RM_prac/install/ros2_vfh', 'merge_install': False, 'path': '/home/zhihuili/RM_prac/src/ros2_vfh', 'symlink_install': False, 'test_result_base': None}
[0.385s] Level 5:colcon.colcon_core.verb:set package 'slam_pkg' build argument 'cmake_args' from command line to 'None'
[0.385s] Level 5:colcon.colcon_core.verb:set package 'slam_pkg' build argument 'cmake_target' from command line to 'None'
[0.385s] Level 5:colcon.colcon_core.verb:set package 'slam_pkg' build argument 'cmake_target_skip_unavailable' from command line to 'False'
[0.385s] Level 5:colcon.colcon_core.verb:set package 'slam_pkg' build argument 'cmake_clean_cache' from command line to 'False'
[0.385s] Level 5:colcon.colcon_core.verb:set package 'slam_pkg' build argument 'cmake_clean_first' from command line to 'False'
[0.385s] Level 5:colcon.colcon_core.verb:set package 'slam_pkg' build argument 'cmake_force_configure' from command line to 'False'
[0.385s] Level 5:colcon.colcon_core.verb:set package 'slam_pkg' build argument 'ament_cmake_args' from command line to 'None'
[0.385s] Level 5:colcon.colcon_core.verb:set package 'slam_pkg' build argument 'catkin_cmake_args' from command line to 'None'
[0.385s] Level 5:colcon.colcon_core.verb:set package 'slam_pkg' build argument 'catkin_skip_building_tests' from command line to 'False'
[0.385s] DEBUG:colcon.colcon_core.verb:Building package 'slam_pkg' with the following arguments: {'ament_cmake_args': None, 'build_base': '/home/zhihuili/RM_prac/build/slam_pkg', 'catkin_cmake_args': None, 'catkin_skip_building_tests': False, 'cmake_args': None, 'cmake_clean_cache': False, 'cmake_clean_first': False, 'cmake_force_configure': False, 'cmake_target': None, 'cmake_target_skip_unavailable': False, 'install_base': '/home/zhihuili/RM_prac/install/slam_pkg', 'merge_install': False, 'path': '/home/zhihuili/RM_prac/src/slam_pkg', 'symlink_install': False, 'test_result_base': None}
[0.386s] Level 5:colcon.colcon_core.verb:set package 'transformations_pkg' build argument 'cmake_args' from command line to 'None'
[0.386s] Level 5:colcon.colcon_core.verb:set package 'transformations_pkg' build argument 'cmake_target' from command line to 'None'
[0.386s] Level 5:colcon.colcon_core.verb:set package 'transformations_pkg' build argument 'cmake_target_skip_unavailable' from command line to 'False'
[0.386s] Level 5:colcon.colcon_core.verb:set package 'transformations_pkg' build argument 'cmake_clean_cache' from command line to 'False'
[0.386s] Level 5:colcon.colcon_core.verb:set package 'transformations_pkg' build argument 'cmake_clean_first' from command line to 'False'
[0.386s] Level 5:colcon.colcon_core.verb:set package 'transformations_pkg' build argument 'cmake_force_configure' from command line to 'False'
[0.386s] Level 5:colcon.colcon_core.verb:set package 'transformations_pkg' build argument 'ament_cmake_args' from command line to 'None'
[0.386s] Level 5:colcon.colcon_core.verb:set package 'transformations_pkg' build argument 'catkin_cmake_args' from command line to 'None'
[0.386s] Level 5:colcon.colcon_core.verb:set package 'transformations_pkg' build argument 'catkin_skip_building_tests' from command line to 'False'
[0.386s] DEBUG:colcon.colcon_core.verb:Building package 'transformations_pkg' with the following arguments: {'ament_cmake_args': None, 'build_base': '/home/zhihuili/RM_prac/build/transformations_pkg', 'catkin_cmake_args': None, 'catkin_skip_building_tests': False, 'cmake_args': None, 'cmake_clean_cache': False, 'cmake_clean_first': False, 'cmake_force_configure': False, 'cmake_target': None, 'cmake_target_skip_unavailable': False, 'install_base': '/home/zhihuili/RM_prac/install/transformations_pkg', 'merge_install': False, 'path': '/home/zhihuili/RM_prac/src/transformations_pkg', 'symlink_install': False, 'test_result_base': None}
[0.386s] Level 5:colcon.colcon_core.verb:set package 'turtlebot3_coppeliasim' build argument 'cmake_args' from command line to 'None'
[0.386s] Level 5:colcon.colcon_core.verb:set package 'turtlebot3_coppeliasim' build argument 'cmake_target' from command line to 'None'
[0.386s] Level 5:colcon.colcon_core.verb:set package 'turtlebot3_coppeliasim' build argument 'cmake_target_skip_unavailable' from command line to 'False'
[0.386s] Level 5:colcon.colcon_core.verb:set package 'turtlebot3_coppeliasim' build argument 'cmake_clean_cache' from command line to 'False'
[0.386s] Level 5:colcon.colcon_core.verb:set package 'turtlebot3_coppeliasim' build argument 'cmake_clean_first' from command line to 'False'
[0.386s] Level 5:colcon.colcon_core.verb:set package 'turtlebot3_coppeliasim' build argument 'cmake_force_configure' from command line to 'False'
[0.386s] Level 5:colcon.colcon_core.verb:set package 'turtlebot3_coppeliasim' build argument 'ament_cmake_args' from command line to 'None'
[0.386s] Level 5:colcon.colcon_core.verb:set package 'turtlebot3_coppeliasim' build argument 'catkin_cmake_args' from command line to 'None'
[0.386s] Level 5:colcon.colcon_core.verb:set package 'turtlebot3_coppeliasim' build argument 'catkin_skip_building_tests' from command line to 'False'
[0.386s] DEBUG:colcon.colcon_core.verb:Building package 'turtlebot3_coppeliasim' with the following arguments: {'ament_cmake_args': None, 'build_base': '/home/zhihuili/RM_prac/build/turtlebot3_coppeliasim', 'catkin_cmake_args': None, 'catkin_skip_building_tests': False, 'cmake_args': None, 'cmake_clean_cache': False, 'cmake_clean_first': False, 'cmake_force_configure': False, 'cmake_target': None, 'cmake_target_skip_unavailable': False, 'install_base': '/home/zhihuili/RM_prac/install/turtlebot3_coppeliasim', 'merge_install': False, 'path': '/home/zhihuili/RM_prac/src/turtlebot3_coppeliasim', 'symlink_install': False, 'test_result_base': None}
[0.387s] Level 5:colcon.colcon_core.verb:set package 'turtlebot3_msgs' build argument 'cmake_args' from command line to 'None'
[0.387s] Level 5:colcon.colcon_core.verb:set package 'turtlebot3_msgs' build argument 'cmake_target' from command line to 'None'
[0.387s] Level 5:colcon.colcon_core.verb:set package 'turtlebot3_msgs' build argument 'cmake_target_skip_unavailable' from command line to 'False'
[0.387s] Level 5:colcon.colcon_core.verb:set package 'turtlebot3_msgs' build argument 'cmake_clean_cache' from command line to 'False'
[0.387s] Level 5:colcon.colcon_core.verb:set package 'turtlebot3_msgs' build argument 'cmake_clean_first' from command line to 'False'
[0.387s] Level 5:colcon.colcon_core.verb:set package 'turtlebot3_msgs' build argument 'cmake_force_configure' from command line to 'False'
[0.387s] Level 5:colcon.colcon_core.verb:set package 'turtlebot3_msgs' build argument 'ament_cmake_args' from command line to 'None'
[0.387s] Level 5:colcon.colcon_core.verb:set package 'turtlebot3_msgs' build argument 'catkin_cmake_args' from command line to 'None'
[0.387s] Level 5:colcon.colcon_core.verb:set package 'turtlebot3_msgs' build argument 'catkin_skip_building_tests' from command line to 'False'
[0.387s] DEBUG:colcon.colcon_core.verb:Building package 'turtlebot3_msgs' with the following arguments: {'ament_cmake_args': None, 'build_base': '/home/zhihuili/RM_prac/build/turtlebot3_msgs', 'catkin_cmake_args': None, 'catkin_skip_building_tests': False, 'cmake_args': None, 'cmake_clean_cache': False, 'cmake_clean_first': False, 'cmake_force_configure': False, 'cmake_target': None, 'cmake_target_skip_unavailable': False, 'install_base': '/home/zhihuili/RM_prac/install/turtlebot3_msgs', 'merge_install': False, 'path': '/home/zhihuili/RM_prac/src/turtlebot3_msgs', 'symlink_install': False, 'test_result_base': None}
[0.387s] Level 5:colcon.colcon_core.verb:set package 'upv_maps_pkg' build argument 'cmake_args' from command line to 'None'
[0.387s] Level 5:colcon.colcon_core.verb:set package 'upv_maps_pkg' build argument 'cmake_target' from command line to 'None'
[0.387s] Level 5:colcon.colcon_core.verb:set package 'upv_maps_pkg' build argument 'cmake_target_skip_unavailable' from command line to 'False'
[0.387s] Level 5:colcon.colcon_core.verb:set package 'upv_maps_pkg' build argument 'cmake_clean_cache' from command line to 'False'
[0.387s] Level 5:colcon.colcon_core.verb:set package 'upv_maps_pkg' build argument 'cmake_clean_first' from command line to 'False'
[0.387s] Level 5:colcon.colcon_core.verb:set package 'upv_maps_pkg' build argument 'cmake_force_configure' from command line to 'False'
[0.387s] Level 5:colcon.colcon_core.verb:set package 'upv_maps_pkg' build argument 'ament_cmake_args' from command line to 'None'
[0.387s] Level 5:colcon.colcon_core.verb:set package 'upv_maps_pkg' build argument 'catkin_cmake_args' from command line to 'None'
[0.387s] Level 5:colcon.colcon_core.verb:set package 'upv_maps_pkg' build argument 'catkin_skip_building_tests' from command line to 'False'
[0.387s] DEBUG:colcon.colcon_core.verb:Building package 'upv_maps_pkg' with the following arguments: {'ament_cmake_args': None, 'build_base': '/home/zhihuili/RM_prac/build/upv_maps_pkg', 'catkin_cmake_args': None, 'catkin_skip_building_tests': False, 'cmake_args': None, 'cmake_clean_cache': False, 'cmake_clean_first': False, 'cmake_force_configure': False, 'cmake_target': None, 'cmake_target_skip_unavailable': False, 'install_base': '/home/zhihuili/RM_prac/install/upv_maps_pkg', 'merge_install': False, 'path': '/home/zhihuili/RM_prac/src/upv_maps_pkg', 'symlink_install': False, 'test_result_base': None}
[0.387s] Level 5:colcon.colcon_core.verb:set package 'maintenance_mode_pkg' build argument 'cmake_args' from command line to 'None'
[0.387s] Level 5:colcon.colcon_core.verb:set package 'maintenance_mode_pkg' build argument 'cmake_target' from command line to 'None'
[0.387s] Level 5:colcon.colcon_core.verb:set package 'maintenance_mode_pkg' build argument 'cmake_target_skip_unavailable' from command line to 'False'
[0.388s] Level 5:colcon.colcon_core.verb:set package 'maintenance_mode_pkg' build argument 'cmake_clean_cache' from command line to 'False'
[0.388s] Level 5:colcon.colcon_core.verb:set package 'maintenance_mode_pkg' build argument 'cmake_clean_first' from command line to 'False'
[0.388s] Level 5:colcon.colcon_core.verb:set package 'maintenance_mode_pkg' build argument 'cmake_force_configure' from command line to 'False'
[0.388s] Level 5:colcon.colcon_core.verb:set package 'maintenance_mode_pkg' build argument 'ament_cmake_args' from command line to 'None'
[0.388s] Level 5:colcon.colcon_core.verb:set package 'maintenance_mode_pkg' build argument 'catkin_cmake_args' from command line to 'None'
[0.388s] Level 5:colcon.colcon_core.verb:set package 'maintenance_mode_pkg' build argument 'catkin_skip_building_tests' from command line to 'False'
[0.388s] DEBUG:colcon.colcon_core.verb:Building package 'maintenance_mode_pkg' with the following arguments: {'ament_cmake_args': None, 'build_base': '/home/zhihuili/RM_prac/build/maintenance_mode_pkg', 'catkin_cmake_args': None, 'catkin_skip_building_tests': False, 'cmake_args': None, 'cmake_clean_cache': False, 'cmake_clean_first': False, 'cmake_force_configure': False, 'cmake_target': None, 'cmake_target_skip_unavailable': False, 'install_base': '/home/zhihuili/RM_prac/install/maintenance_mode_pkg', 'merge_install': False, 'path': '/home/zhihuili/RM_prac/src/maintenance_mode_pkg', 'symlink_install': False, 'test_result_base': None}
[0.388s] Level 5:colcon.colcon_core.verb:set package 'turtlebot3_dqn' build argument 'cmake_args' from command line to 'None'
[0.388s] Level 5:colcon.colcon_core.verb:set package 'turtlebot3_dqn' build argument 'cmake_target' from command line to 'None'
[0.388s] Level 5:colcon.colcon_core.verb:set package 'turtlebot3_dqn' build argument 'cmake_target_skip_unavailable' from command line to 'False'
[0.388s] Level 5:colcon.colcon_core.verb:set package 'turtlebot3_dqn' build argument 'cmake_clean_cache' from command line to 'False'
[0.388s] Level 5:colcon.colcon_core.verb:set package 'turtlebot3_dqn' build argument 'cmake_clean_first' from command line to 'False'
[0.388s] Level 5:colcon.colcon_core.verb:set package 'turtlebot3_dqn' build argument 'cmake_force_configure' from command line to 'False'
[0.388s] Level 5:colcon.colcon_core.verb:set package 'turtlebot3_dqn' build argument 'ament_cmake_args' from command line to 'None'
[0.388s] Level 5:colcon.colcon_core.verb:set package 'turtlebot3_dqn' build argument 'catkin_cmake_args' from command line to 'None'
[0.388s] Level 5:colcon.colcon_core.verb:set package 'turtlebot3_dqn' build argument 'catkin_skip_building_tests' from command line to 'False'
[0.388s] DEBUG:colcon.colcon_core.verb:Building package 'turtlebot3_dqn' with the following arguments: {'ament_cmake_args': None, 'build_base': '/home/zhihuili/RM_prac/build/turtlebot3_dqn', 'catkin_cmake_args': None, 'catkin_skip_building_tests': False, 'cmake_args': None, 'cmake_clean_cache': False, 'cmake_clean_first': False, 'cmake_force_configure': False, 'cmake_target': None, 'cmake_target_skip_unavailable': False, 'install_base': '/home/zhihuili/RM_prac/install/turtlebot3_dqn', 'merge_install': False, 'path': '/home/zhihuili/RM_prac/src/turtlebot3_dqn', 'symlink_install': False, 'test_result_base': None}
[0.388s] INFO:colcon.colcon_core.executor:Executing jobs using 'parallel' executor
[0.390s] DEBUG:colcon.colcon_parallel_executor.executor.parallel:run_until_complete
[0.390s] INFO:colcon.colcon_ros.task.ament_cmake.build:Building ROS package in '/home/zhihuili/RM_prac/src/turtlebot3_msgs' with build type 'ament_cmake'
[0.391s] INFO:colcon.colcon_cmake.task.cmake.build:Building CMake package in '/home/zhihuili/RM_prac/src/turtlebot3_msgs'
[0.393s] INFO:colcon.colcon_core.plugin_system:Skipping extension 'colcon_core.shell.bat': Not used on non-Windows systems
[0.393s] INFO:colcon.colcon_core.shell:Skip shell extension 'powershell' for command environment: Not usable outside of PowerShell
[0.393s] DEBUG:colcon.colcon_core.shell:Skip shell extension 'dsv' for command environment
[0.398s] INFO:colcon.colcon_ros.task.ament_cmake.build:Building ROS package in '/home/zhihuili/RM_prac/src/bringup_turtlebot3_pkg' with build type 'ament_cmake'
[0.398s] INFO:colcon.colcon_cmake.task.cmake.build:Building CMake package in '/home/zhihuili/RM_prac/src/bringup_turtlebot3_pkg'
[0.398s] INFO:colcon.colcon_core.shell:Skip shell extension 'powershell' for command environment: Not usable outside of PowerShell
[0.398s] DEBUG:colcon.colcon_core.shell:Skip shell extension 'dsv' for command environment
[0.402s] INFO:colcon.colcon_ros.task.ament_cmake.build:Building ROS package in '/home/zhihuili/RM_prac/src/intro_ros_pkg' with build type 'ament_cmake'
[0.402s] INFO:colcon.colcon_cmake.task.cmake.build:Building CMake package in '/home/zhihuili/RM_prac/src/intro_ros_pkg'
[0.402s] INFO:colcon.colcon_core.shell:Skip shell extension 'powershell' for command environment: Not usable outside of PowerShell
[0.402s] DEBUG:colcon.colcon_core.shell:Skip shell extension 'dsv' for command environment
[0.407s] INFO:colcon.colcon_ros.task.ament_cmake.build:Building ROS package in '/home/zhihuili/RM_prac/src/kinematic_control_pkg' with build type 'ament_cmake'
[0.407s] INFO:colcon.colcon_cmake.task.cmake.build:Building CMake package in '/home/zhihuili/RM_prac/src/kinematic_control_pkg'
[0.407s] INFO:colcon.colcon_core.shell:Skip shell extension 'powershell' for command environment: Not usable outside of PowerShell
[0.407s] DEBUG:colcon.colcon_core.shell:Skip shell extension 'dsv' for command environment
[0.411s] INFO:colcon.colcon_ros.task.ament_cmake.build:Building ROS package in '/home/zhihuili/RM_prac/src/navigation_pkg' with build type 'ament_cmake'
[0.411s] INFO:colcon.colcon_cmake.task.cmake.build:Building CMake package in '/home/zhihuili/RM_prac/src/navigation_pkg'
[0.412s] INFO:colcon.colcon_core.shell:Skip shell extension 'powershell' for command environment: Not usable outside of PowerShell
[0.412s] DEBUG:colcon.colcon_core.shell:Skip shell extension 'dsv' for command environment
[0.416s] INFO:colcon.colcon_ros.task.ament_cmake.build:Building ROS package in '/home/zhihuili/RM_prac/src/pure_pursuit_pkg' with build type 'ament_cmake'
[0.416s] INFO:colcon.colcon_cmake.task.cmake.build:Building CMake package in '/home/zhihuili/RM_prac/src/pure_pursuit_pkg'
[0.416s] INFO:colcon.colcon_core.shell:Skip shell extension 'powershell' for command environment: Not usable outside of PowerShell
[0.416s] DEBUG:colcon.colcon_core.shell:Skip shell extension 'dsv' for command environment
[0.421s] INFO:colcon.colcon_ros.task.ament_cmake.build:Building ROS package in '/home/zhihuili/RM_prac/src/ros2_vfh' with build type 'ament_cmake'
[0.421s] INFO:colcon.colcon_cmake.task.cmake.build:Building CMake package in '/home/zhihuili/RM_prac/src/ros2_vfh'
[0.421s] INFO:colcon.colcon_core.shell:Skip shell extension 'powershell' for command environment: Not usable outside of PowerShell
[0.421s] DEBUG:colcon.colcon_core.shell:Skip shell extension 'dsv' for command environment
[0.425s] INFO:colcon.colcon_ros.task.ament_cmake.build:Building ROS package in '/home/zhihuili/RM_prac/src/slam_pkg' with build type 'ament_cmake'
[0.425s] INFO:colcon.colcon_cmake.task.cmake.build:Building CMake package in '/home/zhihuili/RM_prac/src/slam_pkg'
[0.425s] INFO:colcon.colcon_core.shell:Skip shell extension 'powershell' for command environment: Not usable outside of PowerShell
[0.425s] DEBUG:colcon.colcon_core.shell:Skip shell extension 'dsv' for command environment
[0.430s] INFO:colcon.colcon_ros.task.ament_cmake.build:Building ROS package in '/home/zhihuili/RM_prac/src/transformations_pkg' with build type 'ament_cmake'
[0.430s] INFO:colcon.colcon_cmake.task.cmake.build:Building CMake package in '/home/zhihuili/RM_prac/src/transformations_pkg'
[0.430s] INFO:colcon.colcon_core.shell:Skip shell extension 'powershell' for command environment: Not usable outside of PowerShell
[0.430s] DEBUG:colcon.colcon_core.shell:Skip shell extension 'dsv' for command environment
[0.434s] INFO:colcon.colcon_ros.task.ament_cmake.build:Building ROS package in '/home/zhihuili/RM_prac/src/turtlebot3_coppeliasim' with build type 'ament_cmake'
[0.435s] INFO:colcon.colcon_cmake.task.cmake.build:Building CMake package in '/home/zhihuili/RM_prac/src/turtlebot3_coppeliasim'
[0.435s] INFO:colcon.colcon_core.shell:Skip shell extension 'powershell' for command environment: Not usable outside of PowerShell
[0.435s] DEBUG:colcon.colcon_core.shell:Skip shell extension 'dsv' for command environment
[0.439s] INFO:colcon.colcon_ros.task.ament_cmake.build:Building ROS package in '/home/zhihuili/RM_prac/src/upv_maps_pkg' with build type 'ament_cmake'
[0.439s] INFO:colcon.colcon_cmake.task.cmake.build:Building CMake package in '/home/zhihuili/RM_prac/src/upv_maps_pkg'
[0.439s] INFO:colcon.colcon_core.shell:Skip shell extension 'powershell' for command environment: Not usable outside of PowerShell
[0.439s] DEBUG:colcon.colcon_core.shell:Skip shell extension 'dsv' for command environment
[0.451s] DEBUG:colcon.colcon_core.event_handler.log_command:Invoking command in '/home/zhihuili/RM_prac/build/turtlebot3_msgs': CMAKE_PREFIX_PATH=${CMAKE_PREFIX_PATH}:/home/zhihuili/RM_prac/install/turtlebot3_dqn:/opt/ros/humble /usr/bin/cmake --build /home/zhihuili/RM_prac/build/turtlebot3_msgs -- -j14 -l14
[0.455s] DEBUG:colcon.colcon_core.event_handler.log_command:Invoking command in '/home/zhihuili/RM_prac/build/bringup_turtlebot3_pkg': CMAKE_PREFIX_PATH=${CMAKE_PREFIX_PATH}:/home/zhihuili/RM_prac/install/turtlebot3_dqn:/opt/ros/humble /usr/bin/cmake --build /home/zhihuili/RM_prac/build/bringup_turtlebot3_pkg -- -j14 -l14
[0.457s] DEBUG:colcon.colcon_core.event_handler.log_command:Invoking command in '/home/zhihuili/RM_prac/build/intro_ros_pkg': CMAKE_PREFIX_PATH=${CMAKE_PREFIX_PATH}:/home/zhihuili/RM_prac/install/turtlebot3_dqn:/opt/ros/humble /usr/bin/cmake --build /home/zhihuili/RM_prac/build/intro_ros_pkg -- -j14 -l14
[0.466s] DEBUG:colcon.colcon_core.event_handler.log_command:Invoking command in '/home/zhihuili/RM_prac/build/kinematic_control_pkg': CMAKE_PREFIX_PATH=${CMAKE_PREFIX_PATH}:/home/zhihuili/RM_prac/install/turtlebot3_dqn:/opt/ros/humble /usr/bin/cmake --build /home/zhihuili/RM_prac/build/kinematic_control_pkg -- -j14 -l14
[0.470s] DEBUG:colcon.colcon_core.event_handler.log_command:Invoking command in '/home/zhihuili/RM_prac/build/navigation_pkg': CMAKE_PREFIX_PATH=${CMAKE_PREFIX_PATH}:/home/zhihuili/RM_prac/install/turtlebot3_dqn:/opt/ros/humble /usr/bin/cmake --build /home/zhihuili/RM_prac/build/navigation_pkg -- -j14 -l14
[0.475s] DEBUG:colcon.colcon_core.event_handler.log_command:Invoking command in '/home/zhihuili/RM_prac/build/pure_pursuit_pkg': CMAKE_PREFIX_PATH=${CMAKE_PREFIX_PATH}:/home/zhihuili/RM_prac/install/turtlebot3_dqn:/opt/ros/humble /usr/bin/cmake --build /home/zhihuili/RM_prac/build/pure_pursuit_pkg -- -j14 -l14
[0.482s] DEBUG:colcon.colcon_core.event_handler.log_command:Invoking command in '/home/zhihuili/RM_prac/build/ros2_vfh': CMAKE_PREFIX_PATH=${CMAKE_PREFIX_PATH}:/home/zhihuili/RM_prac/install/turtlebot3_dqn:/opt/ros/humble /usr/bin/cmake --build /home/zhihuili/RM_prac/build/ros2_vfh -- -j14 -l14
[0.488s] DEBUG:colcon.colcon_core.event_handler.log_command:Invoking command in '/home/zhihuili/RM_prac/build/slam_pkg': CMAKE_PREFIX_PATH=${CMAKE_PREFIX_PATH}:/home/zhihuili/RM_prac/install/turtlebot3_dqn:/opt/ros/humble /usr/bin/cmake --build /home/zhihuili/RM_prac/build/slam_pkg -- -j14 -l14
[0.493s] DEBUG:colcon.colcon_core.event_handler.log_command:Invoking command in '/home/zhihuili/RM_prac/build/transformations_pkg': CMAKE_PREFIX_PATH=${CMAKE_PREFIX_PATH}:/home/zhihuili/RM_prac/install/turtlebot3_dqn:/opt/ros/humble /usr/bin/cmake --build /home/zhihuili/RM_prac/build/transformations_pkg -- -j14 -l14
[0.512s] DEBUG:colcon.colcon_core.event_handler.log_command:Invoking command in '/home/zhihuili/RM_prac/build/turtlebot3_coppeliasim': CMAKE_PREFIX_PATH=${CMAKE_PREFIX_PATH}:/home/zhihuili/RM_prac/install/turtlebot3_dqn:/opt/ros/humble /usr/bin/cmake --build /home/zhihuili/RM_prac/build/turtlebot3_coppeliasim -- -j14 -l14
[0.613s] DEBUG:colcon.colcon_core.event_handler.log_command:Invoking command in '/home/zhihuili/RM_prac/build/upv_maps_pkg': CMAKE_PREFIX_PATH=${CMAKE_PREFIX_PATH}:/home/zhihuili/RM_prac/install/turtlebot3_dqn:/opt/ros/humble /usr/bin/cmake --build /home/zhihuili/RM_prac/build/upv_maps_pkg -- -j14 -l14
[0.614s] DEBUG:colcon.colcon_core.event_handler.log_command:Invoked command in '/home/zhihuili/RM_prac/build/navigation_pkg' returned '0': CMAKE_PREFIX_PATH=${CMAKE_PREFIX_PATH}:/home/zhihuili/RM_prac/install/turtlebot3_dqn:/opt/ros/humble /usr/bin/cmake --build /home/zhihuili/RM_prac/build/navigation_pkg -- -j14 -l14
[0.646s] DEBUG:colcon.colcon_core.event_handler.log_command:Invoking command in '/home/zhihuili/RM_prac/build/navigation_pkg': CMAKE_PREFIX_PATH=${CMAKE_PREFIX_PATH}:/home/zhihuili/RM_prac/install/turtlebot3_dqn:/opt/ros/humble /usr/bin/cmake --install /home/zhihuili/RM_prac/build/navigation_pkg
[0.657s] DEBUG:colcon.colcon_core.event_handler.log_command:Invoked command in '/home/zhihuili/RM_prac/build/turtlebot3_coppeliasim' returned '0': CMAKE_PREFIX_PATH=${CMAKE_PREFIX_PATH}:/home/zhihuili/RM_prac/install/turtlebot3_dqn:/opt/ros/humble /usr/bin/cmake --build /home/zhihuili/RM_prac/build/turtlebot3_coppeliasim -- -j14 -l14
[0.664s] DEBUG:colcon.colcon_core.event_handler.log_command:Invoking command in '/home/zhihuili/RM_prac/build/turtlebot3_coppeliasim': CMAKE_PREFIX_PATH=${CMAKE_PREFIX_PATH}:/home/zhihuili/RM_prac/install/turtlebot3_dqn:/opt/ros/humble /usr/bin/cmake --install /home/zhihuili/RM_prac/build/turtlebot3_coppeliasim
[0.676s] DEBUG:colcon.colcon_core.event_handler.log_command:Invoked command in '/home/zhihuili/RM_prac/build/intro_ros_pkg' returned '0': CMAKE_PREFIX_PATH=${CMAKE_PREFIX_PATH}:/home/zhihuili/RM_prac/install/turtlebot3_dqn:/opt/ros/humble /usr/bin/cmake --build /home/zhihuili/RM_prac/build/intro_ros_pkg -- -j14 -l14
[0.677s] DEBUG:colcon.colcon_core.event_handler.log_command:Invoking command in '/home/zhihuili/RM_prac/build/intro_ros_pkg': CMAKE_PREFIX_PATH=${CMAKE_PREFIX_PATH}:/home/zhihuili/RM_prac/install/turtlebot3_dqn:/opt/ros/humble /usr/bin/cmake --install /home/zhihuili/RM_prac/build/intro_ros_pkg
[0.682s] DEBUG:colcon.colcon_core.event_handler.log_command:Invoked command in '/home/zhihuili/RM_prac/build/ros2_vfh' returned '0': CMAKE_PREFIX_PATH=${CMAKE_PREFIX_PATH}:/home/zhihuili/RM_prac/install/turtlebot3_dqn:/opt/ros/humble /usr/bin/cmake --build /home/zhihuili/RM_prac/build/ros2_vfh -- -j14 -l14
[0.725s] Level 1:colcon.colcon_core.environment:create_environment_scripts_only(navigation_pkg)
[0.728s] DEBUG:colcon.colcon_core.event_handler.log_command:Invoking command in '/home/zhihuili/RM_prac/build/ros2_vfh': CMAKE_PREFIX_PATH=${CMAKE_PREFIX_PATH}:/home/zhihuili/RM_prac/install/turtlebot3_dqn:/opt/ros/humble /usr/bin/cmake --install /home/zhihuili/RM_prac/build/ros2_vfh
[0.784s] Level 1:colcon.colcon_core.environment:checking '/home/zhihuili/RM_prac/install/navigation_pkg' for CMake module files
[0.787s] Level 1:colcon.colcon_core.environment:checking '/home/zhihuili/RM_prac/install/navigation_pkg' for CMake config files
[0.788s] Level 1:colcon.colcon_core.shell:create_environment_hook('navigation_pkg', 'cmake_prefix_path')
[0.791s] INFO:colcon.colcon_core.shell:Creating environment hook '/home/zhihuili/RM_prac/install/navigation_pkg/share/navigation_pkg/hook/cmake_prefix_path.ps1'
[0.801s] DEBUG:colcon.colcon_core.event_handler.log_command:Invoked command in '/home/zhihuili/RM_prac/build/upv_maps_pkg' returned '0': CMAKE_PREFIX_PATH=${CMAKE_PREFIX_PATH}:/home/zhihuili/RM_prac/install/turtlebot3_dqn:/opt/ros/humble /usr/bin/cmake --build /home/zhihuili/RM_prac/build/upv_maps_pkg -- -j14 -l14
[0.802s] INFO:colcon.colcon_core.shell:Creating environment descriptor '/home/zhihuili/RM_prac/install/navigation_pkg/share/navigation_pkg/hook/cmake_prefix_path.dsv'
[0.808s] INFO:colcon.colcon_core.shell:Creating environment hook '/home/zhihuili/RM_prac/install/navigation_pkg/share/navigation_pkg/hook/cmake_prefix_path.sh'
[0.810s] DEBUG:colcon.colcon_core.event_handler.log_command:Invoking command in '/home/zhihuili/RM_prac/build/upv_maps_pkg': CMAKE_PREFIX_PATH=${CMAKE_PREFIX_PATH}:/home/zhihuili/RM_prac/install/turtlebot3_dqn:/opt/ros/humble /usr/bin/cmake --install /home/zhihuili/RM_prac/build/upv_maps_pkg
[0.813s] DEBUG:colcon.colcon_core.event_handler.log_command:Invoked command in '/home/zhihuili/RM_prac/build/navigation_pkg' returned '0': CMAKE_PREFIX_PATH=${CMAKE_PREFIX_PATH}:/home/zhihuili/RM_prac/install/turtlebot3_dqn:/opt/ros/humble /usr/bin/cmake --install /home/zhihuili/RM_prac/build/navigation_pkg
[0.816s] Level 1:colcon.colcon_core.environment:checking '/home/zhihuili/RM_prac/install/navigation_pkg/bin'
[0.816s] Level 1:colcon.colcon_core.environment:checking '/home/zhihuili/RM_prac/install/navigation_pkg/lib/pkgconfig/navigation_pkg.pc'
[0.816s] Level 1:colcon.colcon_core.environment:checking '/home/zhihuili/RM_prac/install/navigation_pkg/lib/python3.10/site-packages'
[0.817s] Level 1:colcon.colcon_core.environment:checking '/home/zhihuili/RM_prac/install/navigation_pkg/bin'
[0.819s] INFO:colcon.colcon_core.shell:Creating package script '/home/zhihuili/RM_prac/install/navigation_pkg/share/navigation_pkg/package.ps1'
[0.823s] INFO:colcon.colcon_core.shell:Creating package descriptor '/home/zhihuili/RM_prac/install/navigation_pkg/share/navigation_pkg/package.dsv'
[0.825s] INFO:colcon.colcon_core.shell:Creating package script '/home/zhihuili/RM_prac/install/navigation_pkg/share/navigation_pkg/package.sh'
[0.828s] INFO:colcon.colcon_core.shell:Creating package script '/home/zhihuili/RM_prac/install/navigation_pkg/share/navigation_pkg/package.bash'
[0.829s] INFO:colcon.colcon_core.shell:Creating package script '/home/zhihuili/RM_prac/install/navigation_pkg/share/navigation_pkg/package.zsh'
[0.830s] Level 1:colcon.colcon_core.environment:create_file_with_runtime_dependencies(/home/zhihuili/RM_prac/install/navigation_pkg/share/colcon-core/packages/navigation_pkg)
[0.830s] Level 1:colcon.colcon_core.environment:create_environment_scripts_only(navigation_pkg)
[0.831s] Level 1:colcon.colcon_core.environment:checking '/home/zhihuili/RM_prac/install/navigation_pkg' for CMake module files
[0.831s] Level 1:colcon.colcon_core.environment:checking '/home/zhihuili/RM_prac/install/navigation_pkg' for CMake config files
[0.832s] Level 1:colcon.colcon_core.shell:create_environment_hook('navigation_pkg', 'cmake_prefix_path')
[0.832s] INFO:colcon.colcon_core.shell:Creating environment hook '/home/zhihuili/RM_prac/install/navigation_pkg/share/navigation_pkg/hook/cmake_prefix_path.ps1'
[0.833s] INFO:colcon.colcon_core.shell:Creating environment descriptor '/home/zhihuili/RM_prac/install/navigation_pkg/share/navigation_pkg/hook/cmake_prefix_path.dsv'
[0.833s] INFO:colcon.colcon_core.shell:Creating environment hook '/home/zhihuili/RM_prac/install/navigation_pkg/share/navigation_pkg/hook/cmake_prefix_path.sh'
[0.834s] Level 1:colcon.colcon_core.environment:checking '/home/zhihuili/RM_prac/install/navigation_pkg/bin'
[0.834s] Level 1:colcon.colcon_core.environment:checking '/home/zhihuili/RM_prac/install/navigation_pkg/lib/pkgconfig/navigation_pkg.pc'
[0.834s] Level 1:colcon.colcon_core.environment:checking '/home/zhihuili/RM_prac/install/navigation_pkg/lib/python3.10/site-packages'
[0.835s] Level 1:colcon.colcon_core.environment:checking '/home/zhihuili/RM_prac/install/navigation_pkg/bin'
[0.835s] INFO:colcon.colcon_core.shell:Creating package script '/home/zhihuili/RM_prac/install/navigation_pkg/share/navigation_pkg/package.ps1'
[0.836s] INFO:colcon.colcon_core.shell:Creating package descriptor '/home/zhihuili/RM_prac/install/navigation_pkg/share/navigation_pkg/package.dsv'
[0.837s] INFO:colcon.colcon_core.shell:Creating package script '/home/zhihuili/RM_prac/install/navigation_pkg/share/navigation_pkg/package.sh'
[0.837s] INFO:colcon.colcon_core.shell:Creating package script '/home/zhihuili/RM_prac/install/navigation_pkg/share/navigation_pkg/package.bash'
[0.838s] INFO:colcon.colcon_core.shell:Creating package script '/home/zhihuili/RM_prac/install/navigation_pkg/share/navigation_pkg/package.zsh'
[0.839s] Level 1:colcon.colcon_core.environment:create_file_with_runtime_dependencies(/home/zhihuili/RM_prac/install/navigation_pkg/share/colcon-core/packages/navigation_pkg)
[0.847s] DEBUG:colcon.colcon_core.event_handler.log_command:Invoked command in '/home/zhihuili/RM_prac/build/transformations_pkg' returned '0': CMAKE_PREFIX_PATH=${CMAKE_PREFIX_PATH}:/home/zhihuili/RM_prac/install/turtlebot3_dqn:/opt/ros/humble /usr/bin/cmake --build /home/zhihuili/RM_prac/build/transformations_pkg -- -j14 -l14
[0.848s] DEBUG:colcon.colcon_core.event_handler.log_command:Invoking command in '/home/zhihuili/RM_prac/build/transformations_pkg': CMAKE_PREFIX_PATH=${CMAKE_PREFIX_PATH}:/home/zhihuili/RM_prac/install/turtlebot3_dqn:/opt/ros/humble /usr/bin/cmake --install /home/zhihuili/RM_prac/build/transformations_pkg
[0.853s] Level 1:colcon.colcon_core.environment:create_environment_scripts_only(intro_ros_pkg)
[0.854s] Level 1:colcon.colcon_core.environment:checking '/home/zhihuili/RM_prac/install/intro_ros_pkg' for CMake module files
[0.857s] Level 1:colcon.colcon_core.environment:checking '/home/zhihuili/RM_prac/install/intro_ros_pkg' for CMake config files
[0.859s] Level 1:colcon.colcon_core.shell:create_environment_hook('intro_ros_pkg', 'cmake_prefix_path')
[0.860s] INFO:colcon.colcon_core.shell:Creating environment hook '/home/zhihuili/RM_prac/install/intro_ros_pkg/share/intro_ros_pkg/hook/cmake_prefix_path.ps1'
[0.865s] INFO:colcon.colcon_core.shell:Creating environment descriptor '/home/zhihuili/RM_prac/install/intro_ros_pkg/share/intro_ros_pkg/hook/cmake_prefix_path.dsv'
[0.868s] INFO:colcon.colcon_core.shell:Creating environment hook '/home/zhihuili/RM_prac/install/intro_ros_pkg/share/intro_ros_pkg/hook/cmake_prefix_path.sh'
[0.873s] DEBUG:colcon.colcon_core.event_handler.log_command:Invoked command in '/home/zhihuili/RM_prac/build/intro_ros_pkg' returned '0': CMAKE_PREFIX_PATH=${CMAKE_PREFIX_PATH}:/home/zhihuili/RM_prac/install/turtlebot3_dqn:/opt/ros/humble /usr/bin/cmake --install /home/zhihuili/RM_prac/build/intro_ros_pkg
[0.873s] Level 1:colcon.colcon_core.environment:checking '/home/zhihuili/RM_prac/install/intro_ros_pkg/lib'
[0.874s] Level 1:colcon.colcon_core.environment:checking '/home/zhihuili/RM_prac/install/intro_ros_pkg/bin'
[0.875s] Level 1:colcon.colcon_core.environment:checking '/home/zhihuili/RM_prac/install/intro_ros_pkg/lib/pkgconfig/intro_ros_pkg.pc'
[0.876s] Level 1:colcon.colcon_core.environment:checking '/home/zhihuili/RM_prac/install/intro_ros_pkg/lib/python3.10/site-packages'
[0.877s] Level 1:colcon.colcon_core.environment:checking '/home/zhihuili/RM_prac/install/intro_ros_pkg/bin'
[0.879s] INFO:colcon.colcon_core.shell:Creating package script '/home/zhihuili/RM_prac/install/intro_ros_pkg/share/intro_ros_pkg/package.ps1'
[0.884s] INFO:colcon.colcon_core.shell:Creating package descriptor '/home/zhihuili/RM_prac/install/intro_ros_pkg/share/intro_ros_pkg/package.dsv'
[0.887s] INFO:colcon.colcon_core.shell:Creating package script '/home/zhihuili/RM_prac/install/intro_ros_pkg/share/intro_ros_pkg/package.sh'
[0.888s] INFO:colcon.colcon_core.shell:Creating package script '/home/zhihuili/RM_prac/install/intro_ros_pkg/share/intro_ros_pkg/package.bash'
[0.889s] INFO:colcon.colcon_core.shell:Creating package script '/home/zhihuili/RM_prac/install/intro_ros_pkg/share/intro_ros_pkg/package.zsh'
[0.890s] Level 1:colcon.colcon_core.environment:create_file_with_runtime_dependencies(/home/zhihuili/RM_prac/install/intro_ros_pkg/share/colcon-core/packages/intro_ros_pkg)
[0.891s] Level 1:colcon.colcon_core.environment:create_environment_scripts_only(intro_ros_pkg)
[0.892s] Level 1:colcon.colcon_core.environment:checking '/home/zhihuili/RM_prac/install/intro_ros_pkg' for CMake module files
[0.893s] Level 1:colcon.colcon_core.environment:checking '/home/zhihuili/RM_prac/install/intro_ros_pkg' for CMake config files
[0.893s] Level 1:colcon.colcon_core.shell:create_environment_hook('intro_ros_pkg', 'cmake_prefix_path')
[0.894s] INFO:colcon.colcon_core.shell:Creating environment hook '/home/zhihuili/RM_prac/install/intro_ros_pkg/share/intro_ros_pkg/hook/cmake_prefix_path.ps1'
[0.894s] INFO:colcon.colcon_core.shell:Creating environment descriptor '/home/zhihuili/RM_prac/install/intro_ros_pkg/share/intro_ros_pkg/hook/cmake_prefix_path.dsv'
[0.895s] INFO:colcon.colcon_core.shell:Creating environment hook '/home/zhihuili/RM_prac/install/intro_ros_pkg/share/intro_ros_pkg/hook/cmake_prefix_path.sh'
[0.897s] Level 1:colcon.colcon_core.environment:checking '/home/zhihuili/RM_prac/install/intro_ros_pkg/lib'
[0.897s] Level 1:colcon.colcon_core.environment:checking '/home/zhihuili/RM_prac/install/intro_ros_pkg/bin'
[0.897s] Level 1:colcon.colcon_core.environment:checking '/home/zhihuili/RM_prac/install/intro_ros_pkg/lib/pkgconfig/intro_ros_pkg.pc'
[0.897s] Level 1:colcon.colcon_core.environment:checking '/home/zhihuili/RM_prac/install/intro_ros_pkg/lib/python3.10/site-packages'
[0.898s] Level 1:colcon.colcon_core.environment:checking '/home/zhihuili/RM_prac/install/intro_ros_pkg/bin'
[0.899s] INFO:colcon.colcon_core.shell:Creating package script '/home/zhihuili/RM_prac/install/intro_ros_pkg/share/intro_ros_pkg/package.ps1'
[0.900s] INFO:colcon.colcon_core.shell:Creating package descriptor '/home/zhihuili/RM_prac/install/intro_ros_pkg/share/intro_ros_pkg/package.dsv'
[0.902s] INFO:colcon.colcon_core.shell:Creating package script '/home/zhihuili/RM_prac/install/intro_ros_pkg/share/intro_ros_pkg/package.sh'
[0.903s] INFO:colcon.colcon_core.shell:Creating package script '/home/zhihuili/RM_prac/install/intro_ros_pkg/share/intro_ros_pkg/package.bash'
[0.904s] INFO:colcon.colcon_core.shell:Creating package script '/home/zhihuili/RM_prac/install/intro_ros_pkg/share/intro_ros_pkg/package.zsh'
[0.905s] Level 1:colcon.colcon_core.environment:create_file_with_runtime_dependencies(/home/zhihuili/RM_prac/install/intro_ros_pkg/share/colcon-core/packages/intro_ros_pkg)
[0.913s] DEBUG:colcon.colcon_core.event_handler.log_command:Invoked command in '/home/zhihuili/RM_prac/build/bringup_turtlebot3_pkg' returned '0': CMAKE_PREFIX_PATH=${CMAKE_PREFIX_PATH}:/home/zhihuili/RM_prac/install/turtlebot3_dqn:/opt/ros/humble /usr/bin/cmake --build /home/zhihuili/RM_prac/build/bringup_turtlebot3_pkg -- -j14 -l14
[0.915s] DEBUG:colcon.colcon_core.event_handler.log_command:Invoking command in '/home/zhihuili/RM_prac/build/bringup_turtlebot3_pkg': CMAKE_PREFIX_PATH=${CMAKE_PREFIX_PATH}:/home/zhihuili/RM_prac/install/turtlebot3_dqn:/opt/ros/humble /usr/bin/cmake --install /home/zhihuili/RM_prac/build/bringup_turtlebot3_pkg
[0.943s] Level 1:colcon.colcon_core.environment:create_environment_scripts_only(ros2_vfh)
[0.944s] Level 1:colcon.colcon_core.environment:checking '/home/zhihuili/RM_prac/install/ros2_vfh' for CMake module files
[0.945s] Level 1:colcon.colcon_core.environment:checking '/home/zhihuili/RM_prac/install/ros2_vfh' for CMake config files
[0.946s] DEBUG:colcon.colcon_core.event_handler.log_command:Invoked command in '/home/zhihuili/RM_prac/build/ros2_vfh' returned '0': CMAKE_PREFIX_PATH=${CMAKE_PREFIX_PATH}:/home/zhihuili/RM_prac/install/turtlebot3_dqn:/opt/ros/humble /usr/bin/cmake --install /home/zhihuili/RM_prac/build/ros2_vfh
[0.948s] Level 1:colcon.colcon_core.shell:create_environment_hook('ros2_vfh', 'cmake_prefix_path')
[0.948s] INFO:colcon.colcon_core.shell:Creating environment hook '/home/zhihuili/RM_prac/install/ros2_vfh/share/ros2_vfh/hook/cmake_prefix_path.ps1'
[0.950s] INFO:colcon.colcon_core.shell:Creating environment descriptor '/home/zhihuili/RM_prac/install/ros2_vfh/share/ros2_vfh/hook/cmake_prefix_path.dsv'
[0.954s] INFO:colcon.colcon_core.shell:Creating environment hook '/home/zhihuili/RM_prac/install/ros2_vfh/share/ros2_vfh/hook/cmake_prefix_path.sh'
[0.958s] Level 1:colcon.colcon_core.environment:checking '/home/zhihuili/RM_prac/install/ros2_vfh/lib'
[0.958s] Level 1:colcon.colcon_core.environment:checking '/home/zhihuili/RM_prac/install/ros2_vfh/bin'
[0.958s] Level 1:colcon.colcon_core.environment:checking '/home/zhihuili/RM_prac/install/ros2_vfh/lib/pkgconfig/ros2_vfh.pc'
[0.959s] Level 1:colcon.colcon_core.environment:checking '/home/zhihuili/RM_prac/install/ros2_vfh/lib/python3.10/site-packages'
[0.960s] Level 1:colcon.colcon_core.environment:checking '/home/zhihuili/RM_prac/install/ros2_vfh/bin'
[0.963s] INFO:colcon.colcon_core.shell:Creating package script '/home/zhihuili/RM_prac/install/ros2_vfh/share/ros2_vfh/package.ps1'
[0.966s] INFO:colcon.colcon_core.shell:Creating package descriptor '/home/zhihuili/RM_prac/install/ros2_vfh/share/ros2_vfh/package.dsv'
[0.968s] INFO:colcon.colcon_core.shell:Creating package script '/home/zhihuili/RM_prac/install/ros2_vfh/share/ros2_vfh/package.sh'
[0.970s] INFO:colcon.colcon_core.shell:Creating package script '/home/zhihuili/RM_prac/install/ros2_vfh/share/ros2_vfh/package.bash'
[0.971s] INFO:colcon.colcon_core.shell:Creating package script '/home/zhihuili/RM_prac/install/ros2_vfh/share/ros2_vfh/package.zsh'
[0.973s] Level 1:colcon.colcon_core.environment:create_file_with_runtime_dependencies(/home/zhihuili/RM_prac/install/ros2_vfh/share/colcon-core/packages/ros2_vfh)
[0.976s] Level 1:colcon.colcon_core.environment:create_environment_scripts_only(ros2_vfh)
[0.976s] Level 1:colcon.colcon_core.environment:checking '/home/zhihuili/RM_prac/install/ros2_vfh' for CMake module files
[0.978s] Level 1:colcon.colcon_core.environment:checking '/home/zhihuili/RM_prac/install/ros2_vfh' for CMake config files
[1.003s] Level 1:colcon.colcon_core.shell:create_environment_hook('ros2_vfh', 'cmake_prefix_path')
[1.004s] INFO:colcon.colcon_core.shell:Creating environment hook '/home/zhihuili/RM_prac/install/ros2_vfh/share/ros2_vfh/hook/cmake_prefix_path.ps1'
[1.010s] INFO:colcon.colcon_core.shell:Creating environment descriptor '/home/zhihuili/RM_prac/install/ros2_vfh/share/ros2_vfh/hook/cmake_prefix_path.dsv'
[1.011s] INFO:colcon.colcon_core.shell:Creating environment hook '/home/zhihuili/RM_prac/install/ros2_vfh/share/ros2_vfh/hook/cmake_prefix_path.sh'
[1.012s] Level 1:colcon.colcon_core.environment:checking '/home/zhihuili/RM_prac/install/ros2_vfh/lib'
[1.013s] Level 1:colcon.colcon_core.environment:checking '/home/zhihuili/RM_prac/install/ros2_vfh/bin'
[1.013s] Level 1:colcon.colcon_core.environment:checking '/home/zhihuili/RM_prac/install/ros2_vfh/lib/pkgconfig/ros2_vfh.pc'
[1.014s] Level 1:colcon.colcon_core.environment:checking '/home/zhihuili/RM_prac/install/ros2_vfh/lib/python3.10/site-packages'
[1.016s] Level 1:colcon.colcon_core.environment:checking '/home/zhihuili/RM_prac/install/ros2_vfh/bin'
[1.016s] INFO:colcon.colcon_core.shell:Creating package script '/home/zhihuili/RM_prac/install/ros2_vfh/share/ros2_vfh/package.ps1'
[1.020s] INFO:colcon.colcon_core.shell:Creating package descriptor '/home/zhihuili/RM_prac/install/ros2_vfh/share/ros2_vfh/package.dsv'
[1.021s] INFO:colcon.colcon_core.shell:Creating package script '/home/zhihuili/RM_prac/install/ros2_vfh/share/ros2_vfh/package.sh'
[1.021s] INFO:colcon.colcon_core.shell:Creating package script '/home/zhihuili/RM_prac/install/ros2_vfh/share/ros2_vfh/package.bash'
[1.022s] INFO:colcon.colcon_core.shell:Creating package script '/home/zhihuili/RM_prac/install/ros2_vfh/share/ros2_vfh/package.zsh'
[1.023s] Level 1:colcon.colcon_core.environment:create_file_with_runtime_dependencies(/home/zhihuili/RM_prac/install/ros2_vfh/share/colcon-core/packages/ros2_vfh)
[1.024s] Level 1:colcon.colcon_core.environment:create_environment_scripts_only(upv_maps_pkg)
[1.025s] Level 1:colcon.colcon_core.environment:checking '/home/zhihuili/RM_prac/install/upv_maps_pkg' for CMake module files
[1.029s] Level 1:colcon.colcon_core.environment:checking '/home/zhihuili/RM_prac/install/upv_maps_pkg' for CMake config files
[1.029s] Level 1:colcon.colcon_core.shell:create_environment_hook('upv_maps_pkg', 'cmake_prefix_path')
[1.030s] DEBUG:colcon.colcon_core.event_handler.log_command:Invoked command in '/home/zhihuili/RM_prac/build/upv_maps_pkg' returned '0': CMAKE_PREFIX_PATH=${CMAKE_PREFIX_PATH}:/home/zhihuili/RM_prac/install/turtlebot3_dqn:/opt/ros/humble /usr/bin/cmake --install /home/zhihuili/RM_prac/build/upv_maps_pkg
[1.030s] INFO:colcon.colcon_core.shell:Creating environment hook '/home/zhihuili/RM_prac/install/upv_maps_pkg/share/upv_maps_pkg/hook/cmake_prefix_path.ps1'
[1.034s] INFO:colcon.colcon_core.shell:Creating environment descriptor '/home/zhihuili/RM_prac/install/upv_maps_pkg/share/upv_maps_pkg/hook/cmake_prefix_path.dsv'
[1.038s] INFO:colcon.colcon_core.shell:Creating environment hook '/home/zhihuili/RM_prac/install/upv_maps_pkg/share/upv_maps_pkg/hook/cmake_prefix_path.sh'
[1.041s] Level 1:colcon.colcon_core.environment:checking '/home/zhihuili/RM_prac/install/upv_maps_pkg/bin'
[1.041s] Level 1:colcon.colcon_core.environment:checking '/home/zhihuili/RM_prac/install/upv_maps_pkg/lib/pkgconfig/upv_maps_pkg.pc'
[1.042s] Level 1:colcon.colcon_core.environment:checking '/home/zhihuili/RM_prac/install/upv_maps_pkg/lib/python3.10/site-packages'
[1.043s] Level 1:colcon.colcon_core.environment:checking '/home/zhihuili/RM_prac/install/upv_maps_pkg/bin'
[1.043s] INFO:colcon.colcon_core.shell:Creating package script '/home/zhihuili/RM_prac/install/upv_maps_pkg/share/upv_maps_pkg/package.ps1'
[1.047s] INFO:colcon.colcon_core.shell:Creating package descriptor '/home/zhihuili/RM_prac/install/upv_maps_pkg/share/upv_maps_pkg/package.dsv'
[1.049s] INFO:colcon.colcon_core.shell:Creating package script '/home/zhihuili/RM_prac/install/upv_maps_pkg/share/upv_maps_pkg/package.sh'
[1.051s] INFO:colcon.colcon_core.shell:Creating package script '/home/zhihuili/RM_prac/install/upv_maps_pkg/share/upv_maps_pkg/package.bash'
[1.056s] INFO:colcon.colcon_core.shell:Creating package script '/home/zhihuili/RM_prac/install/upv_maps_pkg/share/upv_maps_pkg/package.zsh'
[1.060s] Level 1:colcon.colcon_core.environment:create_file_with_runtime_dependencies(/home/zhihuili/RM_prac/install/upv_maps_pkg/share/colcon-core/packages/upv_maps_pkg)
[1.061s] Level 1:colcon.colcon_core.environment:create_environment_scripts_only(upv_maps_pkg)
[1.061s] Level 1:colcon.colcon_core.environment:checking '/home/zhihuili/RM_prac/install/upv_maps_pkg' for CMake module files
[1.062s] Level 1:colcon.colcon_core.environment:checking '/home/zhihuili/RM_prac/install/upv_maps_pkg' for CMake config files
[1.063s] Level 1:colcon.colcon_core.shell:create_environment_hook('upv_maps_pkg', 'cmake_prefix_path')
[1.063s] INFO:colcon.colcon_core.shell:Creating environment hook '/home/zhihuili/RM_prac/install/upv_maps_pkg/share/upv_maps_pkg/hook/cmake_prefix_path.ps1'
[1.065s] INFO:colcon.colcon_core.shell:Creating environment descriptor '/home/zhihuili/RM_prac/install/upv_maps_pkg/share/upv_maps_pkg/hook/cmake_prefix_path.dsv'
[1.066s] INFO:colcon.colcon_core.shell:Creating environment hook '/home/zhihuili/RM_prac/install/upv_maps_pkg/share/upv_maps_pkg/hook/cmake_prefix_path.sh'
[1.068s] Level 1:colcon.colcon_core.environment:checking '/home/zhihuili/RM_prac/install/upv_maps_pkg/bin'
[1.068s] Level 1:colcon.colcon_core.environment:checking '/home/zhihuili/RM_prac/install/upv_maps_pkg/lib/pkgconfig/upv_maps_pkg.pc'
[1.068s] Level 1:colcon.colcon_core.environment:checking '/home/zhihuili/RM_prac/install/upv_maps_pkg/lib/python3.10/site-packages'
[1.069s] Level 1:colcon.colcon_core.environment:checking '/home/zhihuili/RM_prac/install/upv_maps_pkg/bin'
[1.070s] INFO:colcon.colcon_core.shell:Creating package script '/home/zhihuili/RM_prac/install/upv_maps_pkg/share/upv_maps_pkg/package.ps1'
[1.071s] INFO:colcon.colcon_core.shell:Creating package descriptor '/home/zhihuili/RM_prac/install/upv_maps_pkg/share/upv_maps_pkg/package.dsv'
[1.072s] INFO:colcon.colcon_core.shell:Creating package script '/home/zhihuili/RM_prac/install/upv_maps_pkg/share/upv_maps_pkg/package.sh'
[1.073s] INFO:colcon.colcon_core.shell:Creating package script '/home/zhihuili/RM_prac/install/upv_maps_pkg/share/upv_maps_pkg/package.bash'
[1.074s] INFO:colcon.colcon_core.shell:Creating package script '/home/zhihuili/RM_prac/install/upv_maps_pkg/share/upv_maps_pkg/package.zsh'
[1.075s] Level 1:colcon.colcon_core.environment:create_file_with_runtime_dependencies(/home/zhihuili/RM_prac/install/upv_maps_pkg/share/colcon-core/packages/upv_maps_pkg)
[1.085s] Level 1:colcon.colcon_core.environment:create_environment_scripts_only(turtlebot3_coppeliasim)
[1.087s] Level 1:colcon.colcon_core.environment:checking '/home/zhihuili/RM_prac/install/turtlebot3_coppeliasim' for CMake module files
[1.089s] Level 1:colcon.colcon_core.environment:checking '/home/zhihuili/RM_prac/install/turtlebot3_coppeliasim' for CMake config files
[1.089s] DEBUG:colcon.colcon_core.event_handler.log_command:Invoked command in '/home/zhihuili/RM_prac/build/turtlebot3_coppeliasim' returned '0': CMAKE_PREFIX_PATH=${CMAKE_PREFIX_PATH}:/home/zhihuili/RM_prac/install/turtlebot3_dqn:/opt/ros/humble /usr/bin/cmake --install /home/zhihuili/RM_prac/build/turtlebot3_coppeliasim
[1.091s] Level 1:colcon.colcon_core.shell:create_environment_hook('turtlebot3_coppeliasim', 'cmake_prefix_path')
[1.092s] INFO:colcon.colcon_core.shell:Creating environment hook '/home/zhihuili/RM_prac/install/turtlebot3_coppeliasim/share/turtlebot3_coppeliasim/hook/cmake_prefix_path.ps1'
[1.093s] INFO:colcon.colcon_core.shell:Creating environment descriptor '/home/zhihuili/RM_prac/install/turtlebot3_coppeliasim/share/turtlebot3_coppeliasim/hook/cmake_prefix_path.dsv'
[1.094s] INFO:colcon.colcon_core.shell:Creating environment hook '/home/zhihuili/RM_prac/install/turtlebot3_coppeliasim/share/turtlebot3_coppeliasim/hook/cmake_prefix_path.sh'
[1.096s] Level 1:colcon.colcon_core.environment:checking '/home/zhihuili/RM_prac/install/turtlebot3_coppeliasim/bin'
[1.096s] Level 1:colcon.colcon_core.environment:checking '/home/zhihuili/RM_prac/install/turtlebot3_coppeliasim/lib/pkgconfig/turtlebot3_coppeliasim.pc'
[1.097s] Level 1:colcon.colcon_core.environment:checking '/home/zhihuili/RM_prac/install/turtlebot3_coppeliasim/lib/python3.10/site-packages'
[1.097s] Level 1:colcon.colcon_core.environment:checking '/home/zhihuili/RM_prac/install/turtlebot3_coppeliasim/bin'
[1.098s] INFO:colcon.colcon_core.shell:Creating package script '/home/zhihuili/RM_prac/install/turtlebot3_coppeliasim/share/turtlebot3_coppeliasim/package.ps1'
[1.103s] INFO:colcon.colcon_core.shell:Creating package descriptor '/home/zhihuili/RM_prac/install/turtlebot3_coppeliasim/share/turtlebot3_coppeliasim/package.dsv'
[1.104s] INFO:colcon.colcon_core.shell:Creating package script '/home/zhihuili/RM_prac/install/turtlebot3_coppeliasim/share/turtlebot3_coppeliasim/package.sh'
[1.106s] INFO:colcon.colcon_core.shell:Creating package script '/home/zhihuili/RM_prac/install/turtlebot3_coppeliasim/share/turtlebot3_coppeliasim/package.bash'
[1.107s] INFO:colcon.colcon_core.shell:Creating package script '/home/zhihuili/RM_prac/install/turtlebot3_coppeliasim/share/turtlebot3_coppeliasim/package.zsh'
[1.108s] Level 1:colcon.colcon_core.environment:create_file_with_runtime_dependencies(/home/zhihuili/RM_prac/install/turtlebot3_coppeliasim/share/colcon-core/packages/turtlebot3_coppeliasim)
[1.109s] Level 1:colcon.colcon_core.environment:create_environment_scripts_only(turtlebot3_coppeliasim)
[1.110s] Level 1:colcon.colcon_core.environment:checking '/home/zhihuili/RM_prac/install/turtlebot3_coppeliasim' for CMake module files
[1.111s] Level 1:colcon.colcon_core.environment:checking '/home/zhihuili/RM_prac/install/turtlebot3_coppeliasim' for CMake config files
[1.112s] Level 1:colcon.colcon_core.shell:create_environment_hook('turtlebot3_coppeliasim', 'cmake_prefix_path')
[1.112s] INFO:colcon.colcon_core.shell:Creating environment hook '/home/zhihuili/RM_prac/install/turtlebot3_coppeliasim/share/turtlebot3_coppeliasim/hook/cmake_prefix_path.ps1'
[1.113s] INFO:colcon.colcon_core.shell:Creating environment descriptor '/home/zhihuili/RM_prac/install/turtlebot3_coppeliasim/share/turtlebot3_coppeliasim/hook/cmake_prefix_path.dsv'
[1.115s] INFO:colcon.colcon_core.shell:Creating environment hook '/home/zhihuili/RM_prac/install/turtlebot3_coppeliasim/share/turtlebot3_coppeliasim/hook/cmake_prefix_path.sh'
[1.116s] Level 1:colcon.colcon_core.environment:checking '/home/zhihuili/RM_prac/install/turtlebot3_coppeliasim/bin'
[1.116s] Level 1:colcon.colcon_core.environment:checking '/home/zhihuili/RM_prac/install/turtlebot3_coppeliasim/lib/pkgconfig/turtlebot3_coppeliasim.pc'
[1.116s] Level 1:colcon.colcon_core.environment:checking '/home/zhihuili/RM_prac/install/turtlebot3_coppeliasim/lib/python3.10/site-packages'
[1.117s] Level 1:colcon.colcon_core.environment:checking '/home/zhihuili/RM_prac/install/turtlebot3_coppeliasim/bin'
[1.117s] INFO:colcon.colcon_core.shell:Creating package script '/home/zhihuili/RM_prac/install/turtlebot3_coppeliasim/share/turtlebot3_coppeliasim/package.ps1'
[1.119s] INFO:colcon.colcon_core.shell:Creating package descriptor '/home/zhihuili/RM_prac/install/turtlebot3_coppeliasim/share/turtlebot3_coppeliasim/package.dsv'
[1.120s] INFO:colcon.colcon_core.shell:Creating package script '/home/zhihuili/RM_prac/install/turtlebot3_coppeliasim/share/turtlebot3_coppeliasim/package.sh'
[1.121s] INFO:colcon.colcon_core.shell:Creating package script '/home/zhihuili/RM_prac/install/turtlebot3_coppeliasim/share/turtlebot3_coppeliasim/package.bash'
[1.122s] INFO:colcon.colcon_core.shell:Creating package script '/home/zhihuili/RM_prac/install/turtlebot3_coppeliasim/share/turtlebot3_coppeliasim/package.zsh'
[1.123s] Level 1:colcon.colcon_core.environment:create_file_with_runtime_dependencies(/home/zhihuili/RM_prac/install/turtlebot3_coppeliasim/share/colcon-core/packages/turtlebot3_coppeliasim)
[1.130s] DEBUG:colcon.colcon_core.event_handler.log_command:Invoked command in '/home/zhihuili/RM_prac/build/slam_pkg' returned '0': CMAKE_PREFIX_PATH=${CMAKE_PREFIX_PATH}:/home/zhihuili/RM_prac/install/turtlebot3_dqn:/opt/ros/humble /usr/bin/cmake --build /home/zhihuili/RM_prac/build/slam_pkg -- -j14 -l14
[1.131s] DEBUG:colcon.colcon_core.event_handler.log_command:Invoking command in '/home/zhihuili/RM_prac/build/slam_pkg': CMAKE_PREFIX_PATH=${CMAKE_PREFIX_PATH}:/home/zhihuili/RM_prac/install/turtlebot3_dqn:/opt/ros/humble /usr/bin/cmake --install /home/zhihuili/RM_prac/build/slam_pkg
[1.135s] Level 1:colcon.colcon_core.environment:create_environment_scripts_only(transformations_pkg)
[1.137s] Level 1:colcon.colcon_core.environment:checking '/home/zhihuili/RM_prac/install/transformations_pkg' for CMake module files
[1.141s] Level 1:colcon.colcon_core.environment:checking '/home/zhihuili/RM_prac/install/transformations_pkg' for CMake config files
[1.141s] Level 1:colcon.colcon_core.shell:create_environment_hook('transformations_pkg', 'cmake_prefix_path')
[1.136s] DEBUG:colcon.colcon_core.event_handler.log_command:Invoked command in '/home/zhihuili/RM_prac/build/transformations_pkg' returned '0': CMAKE_PREFIX_PATH=${CMAKE_PREFIX_PATH}:/home/zhihuili/RM_prac/install/turtlebot3_dqn:/opt/ros/humble /usr/bin/cmake --install /home/zhihuili/RM_prac/build/transformations_pkg
[1.142s] INFO:colcon.colcon_core.shell:Creating environment hook '/home/zhihuili/RM_prac/install/transformations_pkg/share/transformations_pkg/hook/cmake_prefix_path.ps1'
[1.144s] INFO:colcon.colcon_core.shell:Creating environment descriptor '/home/zhihuili/RM_prac/install/transformations_pkg/share/transformations_pkg/hook/cmake_prefix_path.dsv'
[1.146s] INFO:colcon.colcon_core.shell:Creating environment hook '/home/zhihuili/RM_prac/install/transformations_pkg/share/transformations_pkg/hook/cmake_prefix_path.sh'
[1.148s] Level 1:colcon.colcon_core.environment:checking '/home/zhihuili/RM_prac/install/transformations_pkg/lib'
[1.149s] Level 1:colcon.colcon_core.environment:checking '/home/zhihuili/RM_prac/install/transformations_pkg/bin'
[1.149s] Level 1:colcon.colcon_core.environment:checking '/home/zhihuili/RM_prac/install/transformations_pkg/lib/pkgconfig/transformations_pkg.pc'
[1.149s] Level 1:colcon.colcon_core.environment:checking '/home/zhihuili/RM_prac/install/transformations_pkg/lib/python3.10/site-packages'
[1.150s] Level 1:colcon.colcon_core.environment:checking '/home/zhihuili/RM_prac/install/transformations_pkg/bin'
[1.150s] INFO:colcon.colcon_core.shell:Creating package script '/home/zhihuili/RM_prac/install/transformations_pkg/share/transformations_pkg/package.ps1'
[1.152s] INFO:colcon.colcon_core.shell:Creating package descriptor '/home/zhihuili/RM_prac/install/transformations_pkg/share/transformations_pkg/package.dsv'
[1.154s] INFO:colcon.colcon_core.shell:Creating package script '/home/zhihuili/RM_prac/install/transformations_pkg/share/transformations_pkg/package.sh'
[1.155s] INFO:colcon.colcon_core.shell:Creating package script '/home/zhihuili/RM_prac/install/transformations_pkg/share/transformations_pkg/package.bash'
[1.155s] INFO:colcon.colcon_core.shell:Creating package script '/home/zhihuili/RM_prac/install/transformations_pkg/share/transformations_pkg/package.zsh'
[1.156s] Level 1:colcon.colcon_core.environment:create_file_with_runtime_dependencies(/home/zhihuili/RM_prac/install/transformations_pkg/share/colcon-core/packages/transformations_pkg)
[1.156s] Level 1:colcon.colcon_core.environment:create_environment_scripts_only(transformations_pkg)
[1.157s] Level 1:colcon.colcon_core.environment:checking '/home/zhihuili/RM_prac/install/transformations_pkg' for CMake module files
[1.157s] Level 1:colcon.colcon_core.environment:checking '/home/zhihuili/RM_prac/install/transformations_pkg' for CMake config files
[1.157s] Level 1:colcon.colcon_core.shell:create_environment_hook('transformations_pkg', 'cmake_prefix_path')
[1.158s] INFO:colcon.colcon_core.shell:Creating environment hook '/home/zhihuili/RM_prac/install/transformations_pkg/share/transformations_pkg/hook/cmake_prefix_path.ps1'
[1.158s] INFO:colcon.colcon_core.shell:Creating environment descriptor '/home/zhihuili/RM_prac/install/transformations_pkg/share/transformations_pkg/hook/cmake_prefix_path.dsv'
[1.159s] INFO:colcon.colcon_core.shell:Creating environment hook '/home/zhihuili/RM_prac/install/transformations_pkg/share/transformations_pkg/hook/cmake_prefix_path.sh'
[1.160s] Level 1:colcon.colcon_core.environment:checking '/home/zhihuili/RM_prac/install/transformations_pkg/lib'
[1.160s] Level 1:colcon.colcon_core.environment:checking '/home/zhihuili/RM_prac/install/transformations_pkg/bin'
[1.161s] Level 1:colcon.colcon_core.environment:checking '/home/zhihuili/RM_prac/install/transformations_pkg/lib/pkgconfig/transformations_pkg.pc'
[1.161s] Level 1:colcon.colcon_core.environment:checking '/home/zhihuili/RM_prac/install/transformations_pkg/lib/python3.10/site-packages'
[1.161s] Level 1:colcon.colcon_core.environment:checking '/home/zhihuili/RM_prac/install/transformations_pkg/bin'
[1.161s] INFO:colcon.colcon_core.shell:Creating package script '/home/zhihuili/RM_prac/install/transformations_pkg/share/transformations_pkg/package.ps1'
[1.162s] INFO:colcon.colcon_core.shell:Creating package descriptor '/home/zhihuili/RM_prac/install/transformations_pkg/share/transformations_pkg/package.dsv'
[1.162s] INFO:colcon.colcon_core.shell:Creating package script '/home/zhihuili/RM_prac/install/transformations_pkg/share/transformations_pkg/package.sh'
[1.163s] INFO:colcon.colcon_core.shell:Creating package script '/home/zhihuili/RM_prac/install/transformations_pkg/share/transformations_pkg/package.bash'
[1.163s] INFO:colcon.colcon_core.shell:Creating package script '/home/zhihuili/RM_prac/install/transformations_pkg/share/transformations_pkg/package.zsh'
[1.164s] Level 1:colcon.colcon_core.environment:create_file_with_runtime_dependencies(/home/zhihuili/RM_prac/install/transformations_pkg/share/colcon-core/packages/transformations_pkg)
[1.165s] Level 1:colcon.colcon_core.environment:create_environment_scripts_only(bringup_turtlebot3_pkg)
[1.165s] Level 1:colcon.colcon_core.environment:checking '/home/zhihuili/RM_prac/install/bringup_turtlebot3_pkg' for CMake module files
[1.166s] Level 1:colcon.colcon_core.environment:checking '/home/zhihuili/RM_prac/install/bringup_turtlebot3_pkg' for CMake config files
[1.166s] Level 1:colcon.colcon_core.shell:create_environment_hook('bringup_turtlebot3_pkg', 'cmake_prefix_path')
[1.167s] INFO:colcon.colcon_core.shell:Creating environment hook '/home/zhihuili/RM_prac/install/bringup_turtlebot3_pkg/share/bringup_turtlebot3_pkg/hook/cmake_prefix_path.ps1'
[1.168s] INFO:colcon.colcon_core.shell:Creating environment descriptor '/home/zhihuili/RM_prac/install/bringup_turtlebot3_pkg/share/bringup_turtlebot3_pkg/hook/cmake_prefix_path.dsv'
[1.168s] DEBUG:colcon.colcon_core.event_handler.log_command:Invoked command in '/home/zhihuili/RM_prac/build/bringup_turtlebot3_pkg' returned '0': CMAKE_PREFIX_PATH=${CMAKE_PREFIX_PATH}:/home/zhihuili/RM_prac/install/turtlebot3_dqn:/opt/ros/humble /usr/bin/cmake --install /home/zhihuili/RM_prac/build/bringup_turtlebot3_pkg
[1.169s] INFO:colcon.colcon_core.shell:Creating environment hook '/home/zhihuili/RM_prac/install/bringup_turtlebot3_pkg/share/bringup_turtlebot3_pkg/hook/cmake_prefix_path.sh'
[1.170s] Level 1:colcon.colcon_core.environment:checking '/home/zhihuili/RM_prac/install/bringup_turtlebot3_pkg/lib'
[1.170s] Level 1:colcon.colcon_core.environment:checking '/home/zhihuili/RM_prac/install/bringup_turtlebot3_pkg/bin'
[1.171s] Level 1:colcon.colcon_core.environment:checking '/home/zhihuili/RM_prac/install/bringup_turtlebot3_pkg/lib/pkgconfig/bringup_turtlebot3_pkg.pc'
[1.171s] Level 1:colcon.colcon_core.environment:checking '/home/zhihuili/RM_prac/install/bringup_turtlebot3_pkg/lib/python3.10/site-packages'
[1.171s] Level 1:colcon.colcon_core.environment:checking '/home/zhihuili/RM_prac/install/bringup_turtlebot3_pkg/bin'
[1.172s] INFO:colcon.colcon_core.shell:Creating package script '/home/zhihuili/RM_prac/install/bringup_turtlebot3_pkg/share/bringup_turtlebot3_pkg/package.ps1'
[1.173s] INFO:colcon.colcon_core.shell:Creating package descriptor '/home/zhihuili/RM_prac/install/bringup_turtlebot3_pkg/share/bringup_turtlebot3_pkg/package.dsv'
[1.174s] INFO:colcon.colcon_core.shell:Creating package script '/home/zhihuili/RM_prac/install/bringup_turtlebot3_pkg/share/bringup_turtlebot3_pkg/package.sh'
[1.174s] INFO:colcon.colcon_core.shell:Creating package script '/home/zhihuili/RM_prac/install/bringup_turtlebot3_pkg/share/bringup_turtlebot3_pkg/package.bash'
[1.175s] INFO:colcon.colcon_core.shell:Creating package script '/home/zhihuili/RM_prac/install/bringup_turtlebot3_pkg/share/bringup_turtlebot3_pkg/package.zsh'
[1.176s] Level 1:colcon.colcon_core.environment:create_file_with_runtime_dependencies(/home/zhihuili/RM_prac/install/bringup_turtlebot3_pkg/share/colcon-core/packages/bringup_turtlebot3_pkg)
[1.177s] Level 1:colcon.colcon_core.environment:create_environment_scripts_only(bringup_turtlebot3_pkg)
[1.177s] Level 1:colcon.colcon_core.environment:checking '/home/zhihuili/RM_prac/install/bringup_turtlebot3_pkg' for CMake module files
[1.179s] Level 1:colcon.colcon_core.environment:checking '/home/zhihuili/RM_prac/install/bringup_turtlebot3_pkg' for CMake config files
[1.179s] Level 1:colcon.colcon_core.shell:create_environment_hook('bringup_turtlebot3_pkg', 'cmake_prefix_path')
[1.179s] INFO:colcon.colcon_core.shell:Creating environment hook '/home/zhihuili/RM_prac/install/bringup_turtlebot3_pkg/share/bringup_turtlebot3_pkg/hook/cmake_prefix_path.ps1'
[1.185s] INFO:colcon.colcon_core.shell:Creating environment descriptor '/home/zhihuili/RM_prac/install/bringup_turtlebot3_pkg/share/bringup_turtlebot3_pkg/hook/cmake_prefix_path.dsv'
[1.186s] INFO:colcon.colcon_core.shell:Creating environment hook '/home/zhihuili/RM_prac/install/bringup_turtlebot3_pkg/share/bringup_turtlebot3_pkg/hook/cmake_prefix_path.sh'
[1.187s] Level 1:colcon.colcon_core.environment:checking '/home/zhihuili/RM_prac/install/bringup_turtlebot3_pkg/lib'
[1.187s] Level 1:colcon.colcon_core.environment:checking '/home/zhihuili/RM_prac/install/bringup_turtlebot3_pkg/bin'
[1.187s] Level 1:colcon.colcon_core.environment:checking '/home/zhihuili/RM_prac/install/bringup_turtlebot3_pkg/lib/pkgconfig/bringup_turtlebot3_pkg.pc'
[1.188s] Level 1:colcon.colcon_core.environment:checking '/home/zhihuili/RM_prac/install/bringup_turtlebot3_pkg/lib/python3.10/site-packages'
[1.188s] Level 1:colcon.colcon_core.environment:checking '/home/zhihuili/RM_prac/install/bringup_turtlebot3_pkg/bin'
[1.189s] INFO:colcon.colcon_core.shell:Creating package script '/home/zhihuili/RM_prac/install/bringup_turtlebot3_pkg/share/bringup_turtlebot3_pkg/package.ps1'
[1.190s] INFO:colcon.colcon_core.shell:Creating package descriptor '/home/zhihuili/RM_prac/install/bringup_turtlebot3_pkg/share/bringup_turtlebot3_pkg/package.dsv'
[1.191s] INFO:colcon.colcon_core.shell:Creating package script '/home/zhihuili/RM_prac/install/bringup_turtlebot3_pkg/share/bringup_turtlebot3_pkg/package.sh'
[1.191s] INFO:colcon.colcon_core.shell:Creating package script '/home/zhihuili/RM_prac/install/bringup_turtlebot3_pkg/share/bringup_turtlebot3_pkg/package.bash'
[1.193s] INFO:colcon.colcon_core.shell:Creating package script '/home/zhihuili/RM_prac/install/bringup_turtlebot3_pkg/share/bringup_turtlebot3_pkg/package.zsh'
[1.193s] Level 1:colcon.colcon_core.environment:create_file_with_runtime_dependencies(/home/zhihuili/RM_prac/install/bringup_turtlebot3_pkg/share/colcon-core/packages/bringup_turtlebot3_pkg)
[1.202s] DEBUG:colcon.colcon_core.event_handler.log_command:Invoked command in '/home/zhihuili/RM_prac/build/pure_pursuit_pkg' returned '0': CMAKE_PREFIX_PATH=${CMAKE_PREFIX_PATH}:/home/zhihuili/RM_prac/install/turtlebot3_dqn:/opt/ros/humble /usr/bin/cmake --build /home/zhihuili/RM_prac/build/pure_pursuit_pkg -- -j14 -l14
[1.211s] DEBUG:colcon.colcon_core.event_handler.log_command:Invoking command in '/home/zhihuili/RM_prac/build/pure_pursuit_pkg': CMAKE_PREFIX_PATH=${CMAKE_PREFIX_PATH}:/home/zhihuili/RM_prac/install/turtlebot3_dqn:/opt/ros/humble /usr/bin/cmake --install /home/zhihuili/RM_prac/build/pure_pursuit_pkg
[1.213s] DEBUG:colcon.colcon_core.event_handler.log_command:Invoked command in '/home/zhihuili/RM_prac/build/turtlebot3_msgs' returned '0': CMAKE_PREFIX_PATH=${CMAKE_PREFIX_PATH}:/home/zhihuili/RM_prac/install/turtlebot3_dqn:/opt/ros/humble /usr/bin/cmake --build /home/zhihuili/RM_prac/build/turtlebot3_msgs -- -j14 -l14
[1.215s] DEBUG:colcon.colcon_core.event_handler.log_command:Invoking command in '/home/zhihuili/RM_prac/build/turtlebot3_msgs': CMAKE_PREFIX_PATH=${CMAKE_PREFIX_PATH}:/home/zhihuili/RM_prac/install/turtlebot3_dqn:/opt/ros/humble /usr/bin/cmake --install /home/zhihuili/RM_prac/build/turtlebot3_msgs
[1.215s] DEBUG:colcon.colcon_core.event_handler.log_command:Invoked command in '/home/zhihuili/RM_prac/build/kinematic_control_pkg' returned '0': CMAKE_PREFIX_PATH=${CMAKE_PREFIX_PATH}:/home/zhihuili/RM_prac/install/turtlebot3_dqn:/opt/ros/humble /usr/bin/cmake --build /home/zhihuili/RM_prac/build/kinematic_control_pkg -- -j14 -l14
[1.219s] Level 1:colcon.colcon_core.environment:create_environment_scripts_only(slam_pkg)
[1.220s] Level 1:colcon.colcon_core.environment:checking '/home/zhihuili/RM_prac/install/slam_pkg' for CMake module files
[1.223s] DEBUG:colcon.colcon_core.event_handler.log_command:Invoking command in '/home/zhihuili/RM_prac/build/kinematic_control_pkg': CMAKE_PREFIX_PATH=${CMAKE_PREFIX_PATH}:/home/zhihuili/RM_prac/install/turtlebot3_dqn:/opt/ros/humble /usr/bin/cmake --install /home/zhihuili/RM_prac/build/kinematic_control_pkg
[1.229s] DEBUG:colcon.colcon_core.event_handler.log_command:Invoked command in '/home/zhihuili/RM_prac/build/slam_pkg' returned '0': CMAKE_PREFIX_PATH=${CMAKE_PREFIX_PATH}:/home/zhihuili/RM_prac/install/turtlebot3_dqn:/opt/ros/humble /usr/bin/cmake --install /home/zhihuili/RM_prac/build/slam_pkg
[1.230s] Level 1:colcon.colcon_core.environment:checking '/home/zhihuili/RM_prac/install/slam_pkg' for CMake config files
[1.242s] Level 1:colcon.colcon_core.shell:create_environment_hook('slam_pkg', 'cmake_prefix_path')
[1.243s] INFO:colcon.colcon_core.shell:Creating environment hook '/home/zhihuili/RM_prac/install/slam_pkg/share/slam_pkg/hook/cmake_prefix_path.ps1'
[1.250s] INFO:colcon.colcon_core.shell:Creating environment descriptor '/home/zhihuili/RM_prac/install/slam_pkg/share/slam_pkg/hook/cmake_prefix_path.dsv'
[1.251s] INFO:colcon.colcon_core.shell:Creating environment hook '/home/zhihuili/RM_prac/install/slam_pkg/share/slam_pkg/hook/cmake_prefix_path.sh'
[1.252s] Level 1:colcon.colcon_core.environment:checking '/home/zhihuili/RM_prac/install/slam_pkg/lib'
[1.252s] Level 1:colcon.colcon_core.environment:checking '/home/zhihuili/RM_prac/install/slam_pkg/bin'
[1.252s] Level 1:colcon.colcon_core.environment:checking '/home/zhihuili/RM_prac/install/slam_pkg/lib/pkgconfig/slam_pkg.pc'
[1.253s] Level 1:colcon.colcon_core.environment:checking '/home/zhihuili/RM_prac/install/slam_pkg/lib/python3.10/site-packages'
[1.253s] Level 1:colcon.colcon_core.environment:checking '/home/zhihuili/RM_prac/install/slam_pkg/bin'
[1.254s] INFO:colcon.colcon_core.shell:Creating package script '/home/zhihuili/RM_prac/install/slam_pkg/share/slam_pkg/package.ps1'
[1.270s] INFO:colcon.colcon_core.shell:Creating package descriptor '/home/zhihuili/RM_prac/install/slam_pkg/share/slam_pkg/package.dsv'
[1.272s] INFO:colcon.colcon_core.shell:Creating package script '/home/zhihuili/RM_prac/install/slam_pkg/share/slam_pkg/package.sh'
[1.273s] INFO:colcon.colcon_core.shell:Creating package script '/home/zhihuili/RM_prac/install/slam_pkg/share/slam_pkg/package.bash'
[1.277s] INFO:colcon.colcon_core.shell:Creating package script '/home/zhihuili/RM_prac/install/slam_pkg/share/slam_pkg/package.zsh'
[1.278s] Level 1:colcon.colcon_core.environment:create_file_with_runtime_dependencies(/home/zhihuili/RM_prac/install/slam_pkg/share/colcon-core/packages/slam_pkg)
[1.279s] Level 1:colcon.colcon_core.environment:create_environment_scripts_only(slam_pkg)
[1.281s] Level 1:colcon.colcon_core.environment:checking '/home/zhihuili/RM_prac/install/slam_pkg' for CMake module files
[1.284s] Level 1:colcon.colcon_core.environment:checking '/home/zhihuili/RM_prac/install/slam_pkg' for CMake config files
[1.285s] Level 1:colcon.colcon_core.shell:create_environment_hook('slam_pkg', 'cmake_prefix_path')
[1.286s] INFO:colcon.colcon_core.shell:Creating environment hook '/home/zhihuili/RM_prac/install/slam_pkg/share/slam_pkg/hook/cmake_prefix_path.ps1'
[1.290s] INFO:colcon.colcon_core.shell:Creating environment descriptor '/home/zhihuili/RM_prac/install/slam_pkg/share/slam_pkg/hook/cmake_prefix_path.dsv'
[1.295s] INFO:colcon.colcon_core.shell:Creating environment hook '/home/zhihuili/RM_prac/install/slam_pkg/share/slam_pkg/hook/cmake_prefix_path.sh'
[1.302s] Level 1:colcon.colcon_core.environment:checking '/home/zhihuili/RM_prac/install/slam_pkg/lib'
[1.302s] Level 1:colcon.colcon_core.environment:checking '/home/zhihuili/RM_prac/install/slam_pkg/bin'
[1.302s] Level 1:colcon.colcon_core.environment:checking '/home/zhihuili/RM_prac/install/slam_pkg/lib/pkgconfig/slam_pkg.pc'
[1.303s] Level 1:colcon.colcon_core.environment:checking '/home/zhihuili/RM_prac/install/slam_pkg/lib/python3.10/site-packages'
[1.303s] Level 1:colcon.colcon_core.environment:checking '/home/zhihuili/RM_prac/install/slam_pkg/bin'
[1.304s] INFO:colcon.colcon_core.shell:Creating package script '/home/zhihuili/RM_prac/install/slam_pkg/share/slam_pkg/package.ps1'
[1.306s] INFO:colcon.colcon_core.shell:Creating package descriptor '/home/zhihuili/RM_prac/install/slam_pkg/share/slam_pkg/package.dsv'
[1.308s] INFO:colcon.colcon_core.shell:Creating package script '/home/zhihuili/RM_prac/install/slam_pkg/share/slam_pkg/package.sh'
[1.309s] INFO:colcon.colcon_core.shell:Creating package script '/home/zhihuili/RM_prac/install/slam_pkg/share/slam_pkg/package.bash'
[1.312s] INFO:colcon.colcon_core.shell:Creating package script '/home/zhihuili/RM_prac/install/slam_pkg/share/slam_pkg/package.zsh'
[1.313s] Level 1:colcon.colcon_core.environment:create_file_with_runtime_dependencies(/home/zhihuili/RM_prac/install/slam_pkg/share/colcon-core/packages/slam_pkg)
[1.342s] Level 1:colcon.colcon_core.environment:create_environment_scripts_only(pure_pursuit_pkg)
[1.343s] Level 1:colcon.colcon_core.environment:checking '/home/zhihuili/RM_prac/install/pure_pursuit_pkg' for CMake module files
[1.344s] DEBUG:colcon.colcon_core.event_handler.log_command:Invoked command in '/home/zhihuili/RM_prac/build/pure_pursuit_pkg' returned '0': CMAKE_PREFIX_PATH=${CMAKE_PREFIX_PATH}:/home/zhihuili/RM_prac/install/turtlebot3_dqn:/opt/ros/humble /usr/bin/cmake --install /home/zhihuili/RM_prac/build/pure_pursuit_pkg
[1.345s] Level 1:colcon.colcon_core.environment:checking '/home/zhihuili/RM_prac/install/pure_pursuit_pkg' for CMake config files
[1.346s] Level 1:colcon.colcon_core.shell:create_environment_hook('pure_pursuit_pkg', 'cmake_prefix_path')
[1.347s] INFO:colcon.colcon_core.shell:Creating environment hook '/home/zhihuili/RM_prac/install/pure_pursuit_pkg/share/pure_pursuit_pkg/hook/cmake_prefix_path.ps1'
[1.348s] INFO:colcon.colcon_core.shell:Creating environment descriptor '/home/zhihuili/RM_prac/install/pure_pursuit_pkg/share/pure_pursuit_pkg/hook/cmake_prefix_path.dsv'
[1.349s] INFO:colcon.colcon_core.shell:Creating environment hook '/home/zhihuili/RM_prac/install/pure_pursuit_pkg/share/pure_pursuit_pkg/hook/cmake_prefix_path.sh'
[1.350s] Level 1:colcon.colcon_core.environment:checking '/home/zhihuili/RM_prac/install/pure_pursuit_pkg/lib'
[1.351s] Level 1:colcon.colcon_core.shell:create_environment_hook('pure_pursuit_pkg', 'ld_library_path_lib')
[1.351s] INFO:colcon.colcon_core.shell:Creating environment hook '/home/zhihuili/RM_prac/install/pure_pursuit_pkg/share/pure_pursuit_pkg/hook/ld_library_path_lib.ps1'
[1.352s] INFO:colcon.colcon_core.shell:Creating environment descriptor '/home/zhihuili/RM_prac/install/pure_pursuit_pkg/share/pure_pursuit_pkg/hook/ld_library_path_lib.dsv'
[1.353s] INFO:colcon.colcon_core.shell:Creating environment hook '/home/zhihuili/RM_prac/install/pure_pursuit_pkg/share/pure_pursuit_pkg/hook/ld_library_path_lib.sh'
[1.353s] Level 1:colcon.colcon_core.environment:checking '/home/zhihuili/RM_prac/install/pure_pursuit_pkg/bin'
[1.354s] Level 1:colcon.colcon_core.environment:checking '/home/zhihuili/RM_prac/install/pure_pursuit_pkg/lib/pkgconfig/pure_pursuit_pkg.pc'
[1.354s] Level 1:colcon.colcon_core.environment:checking '/home/zhihuili/RM_prac/install/pure_pursuit_pkg/lib/python3.10/site-packages'
[1.355s] Level 1:colcon.colcon_core.environment:checking '/home/zhihuili/RM_prac/install/pure_pursuit_pkg/bin'
[1.356s] INFO:colcon.colcon_core.shell:Creating package script '/home/zhihuili/RM_prac/install/pure_pursuit_pkg/share/pure_pursuit_pkg/package.ps1'
[1.358s] INFO:colcon.colcon_core.shell:Creating package descriptor '/home/zhihuili/RM_prac/install/pure_pursuit_pkg/share/pure_pursuit_pkg/package.dsv'
[1.359s] INFO:colcon.colcon_core.shell:Creating package script '/home/zhihuili/RM_prac/install/pure_pursuit_pkg/share/pure_pursuit_pkg/package.sh'
[1.361s] INFO:colcon.colcon_core.shell:Creating package script '/home/zhihuili/RM_prac/install/pure_pursuit_pkg/share/pure_pursuit_pkg/package.bash'
[1.361s] INFO:colcon.colcon_core.shell:Creating package script '/home/zhihuili/RM_prac/install/pure_pursuit_pkg/share/pure_pursuit_pkg/package.zsh'
[1.362s] Level 1:colcon.colcon_core.environment:create_file_with_runtime_dependencies(/home/zhihuili/RM_prac/install/pure_pursuit_pkg/share/colcon-core/packages/pure_pursuit_pkg)
[1.363s] Level 1:colcon.colcon_core.environment:create_environment_scripts_only(pure_pursuit_pkg)
[1.364s] Level 1:colcon.colcon_core.environment:checking '/home/zhihuili/RM_prac/install/pure_pursuit_pkg' for CMake module files
[1.365s] Level 1:colcon.colcon_core.environment:checking '/home/zhihuili/RM_prac/install/pure_pursuit_pkg' for CMake config files
[1.366s] Level 1:colcon.colcon_core.shell:create_environment_hook('pure_pursuit_pkg', 'cmake_prefix_path')
[1.366s] INFO:colcon.colcon_core.shell:Creating environment hook '/home/zhihuili/RM_prac/install/pure_pursuit_pkg/share/pure_pursuit_pkg/hook/cmake_prefix_path.ps1'
[1.367s] INFO:colcon.colcon_core.shell:Creating environment descriptor '/home/zhihuili/RM_prac/install/pure_pursuit_pkg/share/pure_pursuit_pkg/hook/cmake_prefix_path.dsv'
[1.367s] INFO:colcon.colcon_core.shell:Creating environment hook '/home/zhihuili/RM_prac/install/pure_pursuit_pkg/share/pure_pursuit_pkg/hook/cmake_prefix_path.sh'
[1.368s] Level 1:colcon.colcon_core.environment:checking '/home/zhihuili/RM_prac/install/pure_pursuit_pkg/lib'
[1.368s] Level 1:colcon.colcon_core.shell:create_environment_hook('pure_pursuit_pkg', 'ld_library_path_lib')
[1.368s] INFO:colcon.colcon_core.shell:Creating environment hook '/home/zhihuili/RM_prac/install/pure_pursuit_pkg/share/pure_pursuit_pkg/hook/ld_library_path_lib.ps1'
[1.369s] INFO:colcon.colcon_core.shell:Creating environment descriptor '/home/zhihuili/RM_prac/install/pure_pursuit_pkg/share/pure_pursuit_pkg/hook/ld_library_path_lib.dsv'
[1.369s] INFO:colcon.colcon_core.shell:Creating environment hook '/home/zhihuili/RM_prac/install/pure_pursuit_pkg/share/pure_pursuit_pkg/hook/ld_library_path_lib.sh'
[1.370s] Level 1:colcon.colcon_core.environment:checking '/home/zhihuili/RM_prac/install/pure_pursuit_pkg/bin'
[1.370s] Level 1:colcon.colcon_core.environment:checking '/home/zhihuili/RM_prac/install/pure_pursuit_pkg/lib/pkgconfig/pure_pursuit_pkg.pc'
[1.371s] Level 1:colcon.colcon_core.environment:checking '/home/zhihuili/RM_prac/install/pure_pursuit_pkg/lib/python3.10/site-packages'
[1.371s] Level 1:colcon.colcon_core.environment:checking '/home/zhihuili/RM_prac/install/pure_pursuit_pkg/bin'
[1.371s] INFO:colcon.colcon_core.shell:Creating package script '/home/zhihuili/RM_prac/install/pure_pursuit_pkg/share/pure_pursuit_pkg/package.ps1'
[1.372s] INFO:colcon.colcon_core.shell:Creating package descriptor '/home/zhihuili/RM_prac/install/pure_pursuit_pkg/share/pure_pursuit_pkg/package.dsv'
[1.373s] INFO:colcon.colcon_core.shell:Creating package script '/home/zhihuili/RM_prac/install/pure_pursuit_pkg/share/pure_pursuit_pkg/package.sh'
[1.374s] INFO:colcon.colcon_core.shell:Creating package script '/home/zhihuili/RM_prac/install/pure_pursuit_pkg/share/pure_pursuit_pkg/package.bash'
[1.374s] INFO:colcon.colcon_core.shell:Creating package script '/home/zhihuili/RM_prac/install/pure_pursuit_pkg/share/pure_pursuit_pkg/package.zsh'
[1.375s] Level 1:colcon.colcon_core.environment:create_file_with_runtime_dependencies(/home/zhihuili/RM_prac/install/pure_pursuit_pkg/share/colcon-core/packages/pure_pursuit_pkg)
[1.378s] Level 1:colcon.colcon_core.environment:create_environment_scripts_only(kinematic_control_pkg)
[1.378s] Level 1:colcon.colcon_core.environment:checking '/home/zhihuili/RM_prac/install/kinematic_control_pkg' for CMake module files
[1.379s] DEBUG:colcon.colcon_core.event_handler.log_command:Invoked command in '/home/zhihuili/RM_prac/build/kinematic_control_pkg' returned '0': CMAKE_PREFIX_PATH=${CMAKE_PREFIX_PATH}:/home/zhihuili/RM_prac/install/turtlebot3_dqn:/opt/ros/humble /usr/bin/cmake --install /home/zhihuili/RM_prac/build/kinematic_control_pkg
[1.380s] Level 1:colcon.colcon_core.environment:checking '/home/zhihuili/RM_prac/install/kinematic_control_pkg' for CMake config files
[1.381s] Level 1:colcon.colcon_core.shell:create_environment_hook('kinematic_control_pkg', 'cmake_prefix_path')
[1.381s] INFO:colcon.colcon_core.shell:Creating environment hook '/home/zhihuili/RM_prac/install/kinematic_control_pkg/share/kinematic_control_pkg/hook/cmake_prefix_path.ps1'
[1.384s] INFO:colcon.colcon_core.shell:Creating environment descriptor '/home/zhihuili/RM_prac/install/kinematic_control_pkg/share/kinematic_control_pkg/hook/cmake_prefix_path.dsv'
[1.385s] INFO:colcon.colcon_core.shell:Creating environment hook '/home/zhihuili/RM_prac/install/kinematic_control_pkg/share/kinematic_control_pkg/hook/cmake_prefix_path.sh'
[1.386s] Level 1:colcon.colcon_core.environment:checking '/home/zhihuili/RM_prac/install/kinematic_control_pkg/lib'
[1.386s] Level 1:colcon.colcon_core.shell:create_environment_hook('kinematic_control_pkg', 'ld_library_path_lib')
[1.386s] INFO:colcon.colcon_core.shell:Creating environment hook '/home/zhihuili/RM_prac/install/kinematic_control_pkg/share/kinematic_control_pkg/hook/ld_library_path_lib.ps1'
[1.387s] INFO:colcon.colcon_core.shell:Creating environment descriptor '/home/zhihuili/RM_prac/install/kinematic_control_pkg/share/kinematic_control_pkg/hook/ld_library_path_lib.dsv'
[1.388s] INFO:colcon.colcon_core.shell:Creating environment hook '/home/zhihuili/RM_prac/install/kinematic_control_pkg/share/kinematic_control_pkg/hook/ld_library_path_lib.sh'
[1.388s] Level 1:colcon.colcon_core.environment:checking '/home/zhihuili/RM_prac/install/kinematic_control_pkg/bin'
[1.388s] Level 1:colcon.colcon_core.environment:checking '/home/zhihuili/RM_prac/install/kinematic_control_pkg/lib/pkgconfig/kinematic_control_pkg.pc'
[1.389s] Level 1:colcon.colcon_core.environment:checking '/home/zhihuili/RM_prac/install/kinematic_control_pkg/lib/python3.10/site-packages'
[1.389s] Level 1:colcon.colcon_core.environment:checking '/home/zhihuili/RM_prac/install/kinematic_control_pkg/bin'
[1.390s] INFO:colcon.colcon_core.shell:Creating package script '/home/zhihuili/RM_prac/install/kinematic_control_pkg/share/kinematic_control_pkg/package.ps1'
[1.391s] INFO:colcon.colcon_core.shell:Creating package descriptor '/home/zhihuili/RM_prac/install/kinematic_control_pkg/share/kinematic_control_pkg/package.dsv'
[1.391s] INFO:colcon.colcon_core.shell:Creating package script '/home/zhihuili/RM_prac/install/kinematic_control_pkg/share/kinematic_control_pkg/package.sh'
[1.392s] INFO:colcon.colcon_core.shell:Creating package script '/home/zhihuili/RM_prac/install/kinematic_control_pkg/share/kinematic_control_pkg/package.bash'
[1.392s] INFO:colcon.colcon_core.shell:Creating package script '/home/zhihuili/RM_prac/install/kinematic_control_pkg/share/kinematic_control_pkg/package.zsh'
[1.393s] Level 1:colcon.colcon_core.environment:create_file_with_runtime_dependencies(/home/zhihuili/RM_prac/install/kinematic_control_pkg/share/colcon-core/packages/kinematic_control_pkg)
[1.394s] Level 1:colcon.colcon_core.environment:create_environment_scripts_only(kinematic_control_pkg)
[1.394s] Level 1:colcon.colcon_core.environment:checking '/home/zhihuili/RM_prac/install/kinematic_control_pkg' for CMake module files
[1.395s] Level 1:colcon.colcon_core.environment:checking '/home/zhihuili/RM_prac/install/kinematic_control_pkg' for CMake config files
[1.395s] Level 1:colcon.colcon_core.shell:create_environment_hook('kinematic_control_pkg', 'cmake_prefix_path')
[1.395s] INFO:colcon.colcon_core.shell:Creating environment hook '/home/zhihuili/RM_prac/install/kinematic_control_pkg/share/kinematic_control_pkg/hook/cmake_prefix_path.ps1'
[1.396s] INFO:colcon.colcon_core.shell:Creating environment descriptor '/home/zhihuili/RM_prac/install/kinematic_control_pkg/share/kinematic_control_pkg/hook/cmake_prefix_path.dsv'
[1.396s] INFO:colcon.colcon_core.shell:Creating environment hook '/home/zhihuili/RM_prac/install/kinematic_control_pkg/share/kinematic_control_pkg/hook/cmake_prefix_path.sh'
[1.397s] Level 1:colcon.colcon_core.environment:checking '/home/zhihuili/RM_prac/install/kinematic_control_pkg/lib'
[1.397s] Level 1:colcon.colcon_core.shell:create_environment_hook('kinematic_control_pkg', 'ld_library_path_lib')
[1.397s] INFO:colcon.colcon_core.shell:Creating environment hook '/home/zhihuili/RM_prac/install/kinematic_control_pkg/share/kinematic_control_pkg/hook/ld_library_path_lib.ps1'
[1.398s] INFO:colcon.colcon_core.shell:Creating environment descriptor '/home/zhihuili/RM_prac/install/kinematic_control_pkg/share/kinematic_control_pkg/hook/ld_library_path_lib.dsv'
[1.398s] INFO:colcon.colcon_core.shell:Creating environment hook '/home/zhihuili/RM_prac/install/kinematic_control_pkg/share/kinematic_control_pkg/hook/ld_library_path_lib.sh'
[1.398s] Level 1:colcon.colcon_core.environment:checking '/home/zhihuili/RM_prac/install/kinematic_control_pkg/bin'
[1.399s] Level 1:colcon.colcon_core.environment:checking '/home/zhihuili/RM_prac/install/kinematic_control_pkg/lib/pkgconfig/kinematic_control_pkg.pc'
[1.399s] Level 1:colcon.colcon_core.environment:checking '/home/zhihuili/RM_prac/install/kinematic_control_pkg/lib/python3.10/site-packages'
[1.399s] Level 1:colcon.colcon_core.environment:checking '/home/zhihuili/RM_prac/install/kinematic_control_pkg/bin'
[1.399s] INFO:colcon.colcon_core.shell:Creating package script '/home/zhihuili/RM_prac/install/kinematic_control_pkg/share/kinematic_control_pkg/package.ps1'
[1.400s] INFO:colcon.colcon_core.shell:Creating package descriptor '/home/zhihuili/RM_prac/install/kinematic_control_pkg/share/kinematic_control_pkg/package.dsv'
[1.401s] INFO:colcon.colcon_core.shell:Creating package script '/home/zhihuili/RM_prac/install/kinematic_control_pkg/share/kinematic_control_pkg/package.sh'
[1.401s] INFO:colcon.colcon_core.shell:Creating package script '/home/zhihuili/RM_prac/install/kinematic_control_pkg/share/kinematic_control_pkg/package.bash'
[1.402s] INFO:colcon.colcon_core.shell:Creating package script '/home/zhihuili/RM_prac/install/kinematic_control_pkg/share/kinematic_control_pkg/package.zsh'
[1.402s] Level 1:colcon.colcon_core.environment:create_file_with_runtime_dependencies(/home/zhihuili/RM_prac/install/kinematic_control_pkg/share/colcon-core/packages/kinematic_control_pkg)
[1.422s] Level 1:colcon.colcon_core.environment:create_environment_scripts_only(turtlebot3_msgs)
[1.423s] Level 1:colcon.colcon_core.environment:checking '/home/zhihuili/RM_prac/install/turtlebot3_msgs' for CMake module files
[1.424s] DEBUG:colcon.colcon_core.event_handler.log_command:Invoked command in '/home/zhihuili/RM_prac/build/turtlebot3_msgs' returned '0': CMAKE_PREFIX_PATH=${CMAKE_PREFIX_PATH}:/home/zhihuili/RM_prac/install/turtlebot3_dqn:/opt/ros/humble /usr/bin/cmake --install /home/zhihuili/RM_prac/build/turtlebot3_msgs
[1.424s] Level 1:colcon.colcon_core.environment:checking '/home/zhihuili/RM_prac/install/turtlebot3_msgs' for CMake config files
[1.425s] Level 1:colcon.colcon_core.shell:create_environment_hook('turtlebot3_msgs', 'cmake_prefix_path')
[1.426s] INFO:colcon.colcon_core.shell:Creating environment hook '/home/zhihuili/RM_prac/install/turtlebot3_msgs/share/turtlebot3_msgs/hook/cmake_prefix_path.ps1'
[1.427s] INFO:colcon.colcon_core.shell:Creating environment descriptor '/home/zhihuili/RM_prac/install/turtlebot3_msgs/share/turtlebot3_msgs/hook/cmake_prefix_path.dsv'
[1.428s] INFO:colcon.colcon_core.shell:Creating environment hook '/home/zhihuili/RM_prac/install/turtlebot3_msgs/share/turtlebot3_msgs/hook/cmake_prefix_path.sh'
[1.429s] Level 1:colcon.colcon_core.environment:checking '/home/zhihuili/RM_prac/install/turtlebot3_msgs/lib'
[1.429s] Level 1:colcon.colcon_core.shell:create_environment_hook('turtlebot3_msgs', 'ld_library_path_lib')
[1.429s] INFO:colcon.colcon_core.shell:Creating environment hook '/home/zhihuili/RM_prac/install/turtlebot3_msgs/share/turtlebot3_msgs/hook/ld_library_path_lib.ps1'
[1.430s] INFO:colcon.colcon_core.shell:Creating environment descriptor '/home/zhihuili/RM_prac/install/turtlebot3_msgs/share/turtlebot3_msgs/hook/ld_library_path_lib.dsv'
[1.431s] INFO:colcon.colcon_core.shell:Creating environment hook '/home/zhihuili/RM_prac/install/turtlebot3_msgs/share/turtlebot3_msgs/hook/ld_library_path_lib.sh'
[1.431s] Level 1:colcon.colcon_core.environment:checking '/home/zhihuili/RM_prac/install/turtlebot3_msgs/bin'
[1.431s] Level 1:colcon.colcon_core.environment:checking '/home/zhihuili/RM_prac/install/turtlebot3_msgs/lib/pkgconfig/turtlebot3_msgs.pc'
[1.432s] Level 1:colcon.colcon_core.environment:checking '/home/zhihuili/RM_prac/install/turtlebot3_msgs/lib/python3.10/site-packages'
[1.432s] Level 1:colcon.colcon_core.environment:checking '/home/zhihuili/RM_prac/install/turtlebot3_msgs/bin'
[1.433s] INFO:colcon.colcon_core.shell:Creating package script '/home/zhihuili/RM_prac/install/turtlebot3_msgs/share/turtlebot3_msgs/package.ps1'
[1.434s] INFO:colcon.colcon_core.shell:Creating package descriptor '/home/zhihuili/RM_prac/install/turtlebot3_msgs/share/turtlebot3_msgs/package.dsv'
[1.435s] INFO:colcon.colcon_core.shell:Creating package script '/home/zhihuili/RM_prac/install/turtlebot3_msgs/share/turtlebot3_msgs/package.sh'
[1.435s] INFO:colcon.colcon_core.shell:Creating package script '/home/zhihuili/RM_prac/install/turtlebot3_msgs/share/turtlebot3_msgs/package.bash'
[1.436s] INFO:colcon.colcon_core.shell:Creating package script '/home/zhihuili/RM_prac/install/turtlebot3_msgs/share/turtlebot3_msgs/package.zsh'
[1.437s] Level 1:colcon.colcon_core.environment:create_file_with_runtime_dependencies(/home/zhihuili/RM_prac/install/turtlebot3_msgs/share/colcon-core/packages/turtlebot3_msgs)
[1.438s] Level 1:colcon.colcon_core.environment:create_environment_scripts_only(turtlebot3_msgs)
[1.438s] Level 1:colcon.colcon_core.environment:checking '/home/zhihuili/RM_prac/install/turtlebot3_msgs' for CMake module files
[1.439s] Level 1:colcon.colcon_core.environment:checking '/home/zhihuili/RM_prac/install/turtlebot3_msgs' for CMake config files
[1.440s] Level 1:colcon.colcon_core.shell:create_environment_hook('turtlebot3_msgs', 'cmake_prefix_path')
[1.440s] INFO:colcon.colcon_core.shell:Creating environment hook '/home/zhihuili/RM_prac/install/turtlebot3_msgs/share/turtlebot3_msgs/hook/cmake_prefix_path.ps1'
[1.441s] INFO:colcon.colcon_core.shell:Creating environment descriptor '/home/zhihuili/RM_prac/install/turtlebot3_msgs/share/turtlebot3_msgs/hook/cmake_prefix_path.dsv'
[1.441s] INFO:colcon.colcon_core.shell:Creating environment hook '/home/zhihuili/RM_prac/install/turtlebot3_msgs/share/turtlebot3_msgs/hook/cmake_prefix_path.sh'
[1.442s] Level 1:colcon.colcon_core.environment:checking '/home/zhihuili/RM_prac/install/turtlebot3_msgs/lib'
[1.442s] Level 1:colcon.colcon_core.shell:create_environment_hook('turtlebot3_msgs', 'ld_library_path_lib')
[1.443s] INFO:colcon.colcon_core.shell:Creating environment hook '/home/zhihuili/RM_prac/install/turtlebot3_msgs/share/turtlebot3_msgs/hook/ld_library_path_lib.ps1'
[1.443s] INFO:colcon.colcon_core.shell:Creating environment descriptor '/home/zhihuili/RM_prac/install/turtlebot3_msgs/share/turtlebot3_msgs/hook/ld_library_path_lib.dsv'
[1.444s] INFO:colcon.colcon_core.shell:Creating environment hook '/home/zhihuili/RM_prac/install/turtlebot3_msgs/share/turtlebot3_msgs/hook/ld_library_path_lib.sh'
[1.444s] Level 1:colcon.colcon_core.environment:checking '/home/zhihuili/RM_prac/install/turtlebot3_msgs/bin'
[1.444s] Level 1:colcon.colcon_core.environment:checking '/home/zhihuili/RM_prac/install/turtlebot3_msgs/lib/pkgconfig/turtlebot3_msgs.pc'
[1.445s] Level 1:colcon.colcon_core.environment:checking '/home/zhihuili/RM_prac/install/turtlebot3_msgs/lib/python3.10/site-packages'
[1.445s] Level 1:colcon.colcon_core.environment:checking '/home/zhihuili/RM_prac/install/turtlebot3_msgs/bin'
[1.446s] INFO:colcon.colcon_core.shell:Creating package script '/home/zhihuili/RM_prac/install/turtlebot3_msgs/share/turtlebot3_msgs/package.ps1'
[1.447s] INFO:colcon.colcon_core.shell:Creating package descriptor '/home/zhihuili/RM_prac/install/turtlebot3_msgs/share/turtlebot3_msgs/package.dsv'
[1.447s] INFO:colcon.colcon_core.shell:Creating package script '/home/zhihuili/RM_prac/install/turtlebot3_msgs/share/turtlebot3_msgs/package.sh'
[1.448s] INFO:colcon.colcon_core.shell:Creating package script '/home/zhihuili/RM_prac/install/turtlebot3_msgs/share/turtlebot3_msgs/package.bash'
[1.449s] INFO:colcon.colcon_core.shell:Creating package script '/home/zhihuili/RM_prac/install/turtlebot3_msgs/share/turtlebot3_msgs/package.zsh'
[1.449s] Level 1:colcon.colcon_core.environment:create_file_with_runtime_dependencies(/home/zhihuili/RM_prac/install/turtlebot3_msgs/share/colcon-core/packages/turtlebot3_msgs)
[1.450s] INFO:colcon.colcon_ros.task.ament_cmake.build:Building ROS package in '/home/zhihuili/RM_prac/src/maintenance_mode_pkg' with build type 'ament_cmake'
[1.450s] INFO:colcon.colcon_cmake.task.cmake.build:Building CMake package in '/home/zhihuili/RM_prac/src/maintenance_mode_pkg'
[1.451s] INFO:colcon.colcon_core.shell:Skip shell extension 'powershell' for command environment: Not usable outside of PowerShell
[1.451s] DEBUG:colcon.colcon_core.shell:Skip shell extension 'dsv' for command environment
[1.461s] INFO:colcon.colcon_ros.task.ament_python.build:Building ROS package in '/home/zhihuili/RM_prac/src/turtlebot3_dqn' with build type 'ament_python'
[1.462s] Level 1:colcon.colcon_core.shell:create_environment_hook('turtlebot3_dqn', 'ament_prefix_path')
[1.462s] INFO:colcon.colcon_core.shell:Creating environment hook '/home/zhihuili/RM_prac/install/turtlebot3_dqn/share/turtlebot3_dqn/hook/ament_prefix_path.ps1'
[1.464s] INFO:colcon.colcon_core.shell:Creating environment descriptor '/home/zhihuili/RM_prac/install/turtlebot3_dqn/share/turtlebot3_dqn/hook/ament_prefix_path.dsv'
[1.464s] INFO:colcon.colcon_core.shell:Creating environment hook '/home/zhihuili/RM_prac/install/turtlebot3_dqn/share/turtlebot3_dqn/hook/ament_prefix_path.sh'
[1.465s] INFO:colcon.colcon_core.shell:Skip shell extension 'powershell' for command environment: Not usable outside of PowerShell
[1.465s] DEBUG:colcon.colcon_core.shell:Skip shell extension 'dsv' for command environment
[1.481s] DEBUG:colcon.colcon_core.event_handler.log_command:Invoking command in '/home/zhihuili/RM_prac/build/maintenance_mode_pkg': CMAKE_PREFIX_PATH=/home/zhihuili/RM_prac/install/turtlebot3_msgs:/home/zhihuili/RM_prac/install/upv_maps_pkg:/home/zhihuili/RM_prac/install/maintenance_mode_pkg:/home/zhihuili/RM_prac/install/turtlebot3_coppeliasim:/home/zhihuili/RM_prac/install/transformations_pkg:/home/zhihuili/RM_prac/install/slam_pkg:/home/zhihuili/RM_prac/install/ros2_vfh:/home/zhihuili/RM_prac/install/pure_pursuit_pkg:/home/zhihuili/RM_prac/install/navigation_pkg:/home/zhihuili/RM_prac/install/kinematic_control_pkg:/home/zhihuili/RM_prac/install/intro_ros_pkg:/home/zhihuili/RM_prac/install/bringup_turtlebot3_pkg:/home/zhihuili/RM_prac/install/turtlebot3_dqn:/opt/ros/humble LD_LIBRARY_PATH=/home/zhihuili/RM_prac/install/turtlebot3_msgs/lib:/home/zhihuili/sumo_env/lib:/home/zhihuili/RM_prac/install/pure_pursuit_pkg/lib:/home/zhihuili/RM_prac/install/kinematic_control_pkg/lib:/opt/ros/humble/opt/rviz_ogre_vendor/lib:/opt/ros/humble/lib/x86_64-linux-gnu:/opt/ros/humble/lib /usr/bin/cmake --build /home/zhihuili/RM_prac/build/maintenance_mode_pkg -- -j14 -l14
[1.764s] INFO:colcon.colcon_core.task.python.build:Building Python package in '/home/zhihuili/RM_prac/src/turtlebot3_dqn'
[1.765s] INFO:colcon.colcon_core.shell:Skip shell extension 'powershell' for command environment: Not usable outside of PowerShell
[1.765s] DEBUG:colcon.colcon_core.shell:Skip shell extension 'dsv' for command environment
[1.776s] DEBUG:colcon.colcon_core.event_handler.log_command:Invoked command in '/home/zhihuili/RM_prac/build/maintenance_mode_pkg' returned '0': CMAKE_PREFIX_PATH=/home/zhihuili/RM_prac/install/turtlebot3_msgs:/home/zhihuili/RM_prac/install/upv_maps_pkg:/home/zhihuili/RM_prac/install/maintenance_mode_pkg:/home/zhihuili/RM_prac/install/turtlebot3_coppeliasim:/home/zhihuili/RM_prac/install/transformations_pkg:/home/zhihuili/RM_prac/install/slam_pkg:/home/zhihuili/RM_prac/install/ros2_vfh:/home/zhihuili/RM_prac/install/pure_pursuit_pkg:/home/zhihuili/RM_prac/install/navigation_pkg:/home/zhihuili/RM_prac/install/kinematic_control_pkg:/home/zhihuili/RM_prac/install/intro_ros_pkg:/home/zhihuili/RM_prac/install/bringup_turtlebot3_pkg:/home/zhihuili/RM_prac/install/turtlebot3_dqn:/opt/ros/humble LD_LIBRARY_PATH=/home/zhihuili/RM_prac/install/turtlebot3_msgs/lib:/home/zhihuili/sumo_env/lib:/home/zhihuili/RM_prac/install/pure_pursuit_pkg/lib:/home/zhihuili/RM_prac/install/kinematic_control_pkg/lib:/opt/ros/humble/opt/rviz_ogre_vendor/lib:/opt/ros/humble/lib/x86_64-linux-gnu:/opt/ros/humble/lib /usr/bin/cmake --build /home/zhihuili/RM_prac/build/maintenance_mode_pkg -- -j14 -l14
[1.782s] DEBUG:colcon.colcon_core.event_handler.log_command:Invoking command in '/home/zhihuili/RM_prac/build/maintenance_mode_pkg': CMAKE_PREFIX_PATH=/home/zhihuili/RM_prac/install/turtlebot3_msgs:/home/zhihuili/RM_prac/install/upv_maps_pkg:/home/zhihuili/RM_prac/install/maintenance_mode_pkg:/home/zhihuili/RM_prac/install/turtlebot3_coppeliasim:/home/zhihuili/RM_prac/install/transformations_pkg:/home/zhihuili/RM_prac/install/slam_pkg:/home/zhihuili/RM_prac/install/ros2_vfh:/home/zhihuili/RM_prac/install/pure_pursuit_pkg:/home/zhihuili/RM_prac/install/navigation_pkg:/home/zhihuili/RM_prac/install/kinematic_control_pkg:/home/zhihuili/RM_prac/install/intro_ros_pkg:/home/zhihuili/RM_prac/install/bringup_turtlebot3_pkg:/home/zhihuili/RM_prac/install/turtlebot3_dqn:/opt/ros/humble LD_LIBRARY_PATH=/home/zhihuili/RM_prac/install/turtlebot3_msgs/lib:/home/zhihuili/sumo_env/lib:/home/zhihuili/RM_prac/install/pure_pursuit_pkg/lib:/home/zhihuili/RM_prac/install/kinematic_control_pkg/lib:/opt/ros/humble/opt/rviz_ogre_vendor/lib:/opt/ros/humble/lib/x86_64-linux-gnu:/opt/ros/humble/lib /usr/bin/cmake --install /home/zhihuili/RM_prac/build/maintenance_mode_pkg
[1.829s] Level 1:colcon.colcon_core.environment:create_environment_scripts_only(maintenance_mode_pkg)
[1.831s] Level 1:colcon.colcon_core.environment:checking '/home/zhihuili/RM_prac/install/maintenance_mode_pkg' for CMake module files
[1.832s] DEBUG:colcon.colcon_core.event_handler.log_command:Invoked command in '/home/zhihuili/RM_prac/build/maintenance_mode_pkg' returned '0': CMAKE_PREFIX_PATH=/home/zhihuili/RM_prac/install/turtlebot3_msgs:/home/zhihuili/RM_prac/install/upv_maps_pkg:/home/zhihuili/RM_prac/install/maintenance_mode_pkg:/home/zhihuili/RM_prac/install/turtlebot3_coppeliasim:/home/zhihuili/RM_prac/install/transformations_pkg:/home/zhihuili/RM_prac/install/slam_pkg:/home/zhihuili/RM_prac/install/ros2_vfh:/home/zhihuili/RM_prac/install/pure_pursuit_pkg:/home/zhihuili/RM_prac/install/navigation_pkg:/home/zhihuili/RM_prac/install/kinematic_control_pkg:/home/zhihuili/RM_prac/install/intro_ros_pkg:/home/zhihuili/RM_prac/install/bringup_turtlebot3_pkg:/home/zhihuili/RM_prac/install/turtlebot3_dqn:/opt/ros/humble LD_LIBRARY_PATH=/home/zhihuili/RM_prac/install/turtlebot3_msgs/lib:/home/zhihuili/sumo_env/lib:/home/zhihuili/RM_prac/install/pure_pursuit_pkg/lib:/home/zhihuili/RM_prac/install/kinematic_control_pkg/lib:/opt/ros/humble/opt/rviz_ogre_vendor/lib:/opt/ros/humble/lib/x86_64-linux-gnu:/opt/ros/humble/lib /usr/bin/cmake --install /home/zhihuili/RM_prac/build/maintenance_mode_pkg
[1.833s] Level 1:colcon.colcon_core.environment:checking '/home/zhihuili/RM_prac/install/maintenance_mode_pkg' for CMake config files
[1.834s] Level 1:colcon.colcon_core.shell:create_environment_hook('maintenance_mode_pkg', 'cmake_prefix_path')
[1.834s] INFO:colcon.colcon_core.shell:Creating environment hook '/home/zhihuili/RM_prac/install/maintenance_mode_pkg/share/maintenance_mode_pkg/hook/cmake_prefix_path.ps1'
[1.835s] INFO:colcon.colcon_core.shell:Creating environment descriptor '/home/zhihuili/RM_prac/install/maintenance_mode_pkg/share/maintenance_mode_pkg/hook/cmake_prefix_path.dsv'
[1.835s] INFO:colcon.colcon_core.shell:Creating environment hook '/home/zhihuili/RM_prac/install/maintenance_mode_pkg/share/maintenance_mode_pkg/hook/cmake_prefix_path.sh'
[1.836s] Level 1:colcon.colcon_core.environment:checking '/home/zhihuili/RM_prac/install/maintenance_mode_pkg/lib'
[1.836s] Level 1:colcon.colcon_core.environment:checking '/home/zhihuili/RM_prac/install/maintenance_mode_pkg/bin'
[1.836s] Level 1:colcon.colcon_core.environment:checking '/home/zhihuili/RM_prac/install/maintenance_mode_pkg/lib/pkgconfig/maintenance_mode_pkg.pc'
[1.836s] Level 1:colcon.colcon_core.environment:checking '/home/zhihuili/RM_prac/install/maintenance_mode_pkg/lib/python3.10/site-packages'
[1.837s] Level 1:colcon.colcon_core.environment:checking '/home/zhihuili/RM_prac/install/maintenance_mode_pkg/bin'
[1.837s] INFO:colcon.colcon_core.shell:Creating package script '/home/zhihuili/RM_prac/install/maintenance_mode_pkg/share/maintenance_mode_pkg/package.ps1'
[1.838s] INFO:colcon.colcon_core.shell:Creating package descriptor '/home/zhihuili/RM_prac/install/maintenance_mode_pkg/share/maintenance_mode_pkg/package.dsv'
[1.838s] INFO:colcon.colcon_core.shell:Creating package script '/home/zhihuili/RM_prac/install/maintenance_mode_pkg/share/maintenance_mode_pkg/package.sh'
[1.838s] INFO:colcon.colcon_core.shell:Creating package script '/home/zhihuili/RM_prac/install/maintenance_mode_pkg/share/maintenance_mode_pkg/package.bash'
[1.839s] INFO:colcon.colcon_core.shell:Creating package script '/home/zhihuili/RM_prac/install/maintenance_mode_pkg/share/maintenance_mode_pkg/package.zsh'
[1.839s] Level 1:colcon.colcon_core.environment:create_file_with_runtime_dependencies(/home/zhihuili/RM_prac/install/maintenance_mode_pkg/share/colcon-core/packages/maintenance_mode_pkg)
[1.840s] Level 1:colcon.colcon_core.environment:create_environment_scripts_only(maintenance_mode_pkg)
[1.840s] Level 1:colcon.colcon_core.environment:checking '/home/zhihuili/RM_prac/install/maintenance_mode_pkg' for CMake module files
[1.841s] Level 1:colcon.colcon_core.environment:checking '/home/zhihuili/RM_prac/install/maintenance_mode_pkg' for CMake config files
[1.841s] Level 1:colcon.colcon_core.shell:create_environment_hook('maintenance_mode_pkg', 'cmake_prefix_path')
[1.841s] INFO:colcon.colcon_core.shell:Creating environment hook '/home/zhihuili/RM_prac/install/maintenance_mode_pkg/share/maintenance_mode_pkg/hook/cmake_prefix_path.ps1'
[1.842s] INFO:colcon.colcon_core.shell:Creating environment descriptor '/home/zhihuili/RM_prac/install/maintenance_mode_pkg/share/maintenance_mode_pkg/hook/cmake_prefix_path.dsv'
[1.842s] INFO:colcon.colcon_core.shell:Creating environment hook '/home/zhihuili/RM_prac/install/maintenance_mode_pkg/share/maintenance_mode_pkg/hook/cmake_prefix_path.sh'
[1.842s] Level 1:colcon.colcon_core.environment:checking '/home/zhihuili/RM_prac/install/maintenance_mode_pkg/lib'
[1.842s] Level 1:colcon.colcon_core.environment:checking '/home/zhihuili/RM_prac/install/maintenance_mode_pkg/bin'
[1.843s] Level 1:colcon.colcon_core.environment:checking '/home/zhihuili/RM_prac/install/maintenance_mode_pkg/lib/pkgconfig/maintenance_mode_pkg.pc'
[1.843s] Level 1:colcon.colcon_core.environment:checking '/home/zhihuili/RM_prac/install/maintenance_mode_pkg/lib/python3.10/site-packages'
[1.843s] Level 1:colcon.colcon_core.environment:checking '/home/zhihuili/RM_prac/install/maintenance_mode_pkg/bin'
[1.843s] INFO:colcon.colcon_core.shell:Creating package script '/home/zhihuili/RM_prac/install/maintenance_mode_pkg/share/maintenance_mode_pkg/package.ps1'
[1.844s] INFO:colcon.colcon_core.shell:Creating package descriptor '/home/zhihuili/RM_prac/install/maintenance_mode_pkg/share/maintenance_mode_pkg/package.dsv'
[1.845s] INFO:colcon.colcon_core.shell:Creating package script '/home/zhihuili/RM_prac/install/maintenance_mode_pkg/share/maintenance_mode_pkg/package.sh'
[1.845s] INFO:colcon.colcon_core.shell:Creating package script '/home/zhihuili/RM_prac/install/maintenance_mode_pkg/share/maintenance_mode_pkg/package.bash'
[1.845s] INFO:colcon.colcon_core.shell:Creating package script '/home/zhihuili/RM_prac/install/maintenance_mode_pkg/share/maintenance_mode_pkg/package.zsh'
[1.846s] Level 1:colcon.colcon_core.environment:create_file_with_runtime_dependencies(/home/zhihuili/RM_prac/install/maintenance_mode_pkg/share/colcon-core/packages/maintenance_mode_pkg)
[2.164s] DEBUG:colcon.colcon_core.event_handler.log_command:Invoking command in '/home/zhihuili/RM_prac/src/turtlebot3_dqn': CMAKE_PREFIX_PATH=/home/zhihuili/RM_prac/install/turtlebot3_msgs:/home/zhihuili/RM_prac/install/upv_maps_pkg:/home/zhihuili/RM_prac/install/maintenance_mode_pkg:/home/zhihuili/RM_prac/install/turtlebot3_coppeliasim:/home/zhihuili/RM_prac/install/transformations_pkg:/home/zhihuili/RM_prac/install/slam_pkg:/home/zhihuili/RM_prac/install/ros2_vfh:/home/zhihuili/RM_prac/install/pure_pursuit_pkg:/home/zhihuili/RM_prac/install/navigation_pkg:/home/zhihuili/RM_prac/install/kinematic_control_pkg:/home/zhihuili/RM_prac/install/intro_ros_pkg:/home/zhihuili/RM_prac/install/bringup_turtlebot3_pkg LD_LIBRARY_PATH=/home/zhihuili/RM_prac/install/turtlebot3_msgs/lib:/home/zhihuili/sumo_env/lib:/home/zhihuili/RM_prac/install/pure_pursuit_pkg/lib:/home/zhihuili/RM_prac/install/kinematic_control_pkg/lib:/opt/ros/humble/opt/rviz_ogre_vendor/lib:/opt/ros/humble/lib/x86_64-linux-gnu:/opt/ros/humble/lib PYTHONPATH=/home/zhihuili/RM_prac/build/turtlebot3_dqn/prefix_override:/usr/lib/python3/dist-packages/colcon_core/task/python/colcon_distutils_commands:/home/zhihuili/RM_prac/install/turtlebot3_dqn/lib/python3.10/site-packages:${PYTHONPATH} /usr/bin/python3 -W ignore:setup.py install is deprecated -W ignore:easy_install command is deprecated setup.py egg_info --egg-base ../../build/turtlebot3_dqn build --build-base /home/zhihuili/RM_prac/build/turtlebot3_dqn/build install --record /home/zhihuili/RM_prac/build/turtlebot3_dqn/install.log --single-version-externally-managed install_data
[2.476s] Level 1:colcon.colcon_core.environment:checking '/home/zhihuili/RM_prac/install/turtlebot3_dqn' for CMake module files
[2.477s] DEBUG:colcon.colcon_core.event_handler.log_command:Invoked command in '/home/zhihuili/RM_prac/src/turtlebot3_dqn' returned '0': CMAKE_PREFIX_PATH=/home/zhihuili/RM_prac/install/turtlebot3_msgs:/home/zhihuili/RM_prac/install/upv_maps_pkg:/home/zhihuili/RM_prac/install/maintenance_mode_pkg:/home/zhihuili/RM_prac/install/turtlebot3_coppeliasim:/home/zhihuili/RM_prac/install/transformations_pkg:/home/zhihuili/RM_prac/install/slam_pkg:/home/zhihuili/RM_prac/install/ros2_vfh:/home/zhihuili/RM_prac/install/pure_pursuit_pkg:/home/zhihuili/RM_prac/install/navigation_pkg:/home/zhihuili/RM_prac/install/kinematic_control_pkg:/home/zhihuili/RM_prac/install/intro_ros_pkg:/home/zhihuili/RM_prac/install/bringup_turtlebot3_pkg LD_LIBRARY_PATH=/home/zhihuili/RM_prac/install/turtlebot3_msgs/lib:/home/zhihuili/sumo_env/lib:/home/zhihuili/RM_prac/install/pure_pursuit_pkg/lib:/home/zhihuili/RM_prac/install/kinematic_control_pkg/lib:/opt/ros/humble/opt/rviz_ogre_vendor/lib:/opt/ros/humble/lib/x86_64-linux-gnu:/opt/ros/humble/lib PYTHONPATH=/home/zhihuili/RM_prac/build/turtlebot3_dqn/prefix_override:/usr/lib/python3/dist-packages/colcon_core/task/python/colcon_distutils_commands:/home/zhihuili/RM_prac/install/turtlebot3_dqn/lib/python3.10/site-packages:${PYTHONPATH} /usr/bin/python3 -W ignore:setup.py install is deprecated -W ignore:easy_install command is deprecated setup.py egg_info --egg-base ../../build/turtlebot3_dqn build --build-base /home/zhihuili/RM_prac/build/turtlebot3_dqn/build install --record /home/zhihuili/RM_prac/build/turtlebot3_dqn/install.log --single-version-externally-managed install_data
[2.478s] Level 1:colcon.colcon_core.environment:checking '/home/zhihuili/RM_prac/install/turtlebot3_dqn' for CMake config files
[2.479s] Level 1:colcon.colcon_core.environment:checking '/home/zhihuili/RM_prac/install/turtlebot3_dqn/lib'
[2.479s] Level 1:colcon.colcon_core.environment:checking '/home/zhihuili/RM_prac/install/turtlebot3_dqn/bin'
[2.479s] Level 1:colcon.colcon_core.environment:checking '/home/zhihuili/RM_prac/install/turtlebot3_dqn/lib/pkgconfig/turtlebot3_dqn.pc'
[2.480s] Level 1:colcon.colcon_core.environment:checking '/home/zhihuili/RM_prac/install/turtlebot3_dqn/lib/python3.10/site-packages'
[2.480s] Level 1:colcon.colcon_core.shell:create_environment_hook('turtlebot3_dqn', 'pythonpath')
[2.480s] INFO:colcon.colcon_core.shell:Creating environment hook '/home/zhihuili/RM_prac/install/turtlebot3_dqn/share/turtlebot3_dqn/hook/pythonpath.ps1'
[2.481s] INFO:colcon.colcon_core.shell:Creating environment descriptor '/home/zhihuili/RM_prac/install/turtlebot3_dqn/share/turtlebot3_dqn/hook/pythonpath.dsv'
[2.481s] INFO:colcon.colcon_core.shell:Creating environment hook '/home/zhihuili/RM_prac/install/turtlebot3_dqn/share/turtlebot3_dqn/hook/pythonpath.sh'
[2.482s] Level 1:colcon.colcon_core.environment:checking '/home/zhihuili/RM_prac/install/turtlebot3_dqn/bin'
[2.483s] Level 1:colcon.colcon_core.environment:create_environment_scripts_only(turtlebot3_dqn)
[2.483s] INFO:colcon.colcon_core.shell:Creating package script '/home/zhihuili/RM_prac/install/turtlebot3_dqn/share/turtlebot3_dqn/package.ps1'
[2.484s] INFO:colcon.colcon_core.shell:Creating package descriptor '/home/zhihuili/RM_prac/install/turtlebot3_dqn/share/turtlebot3_dqn/package.dsv'
[2.485s] INFO:colcon.colcon_core.shell:Creating package script '/home/zhihuili/RM_prac/install/turtlebot3_dqn/share/turtlebot3_dqn/package.sh'
[2.485s] INFO:colcon.colcon_core.shell:Creating package script '/home/zhihuili/RM_prac/install/turtlebot3_dqn/share/turtlebot3_dqn/package.bash'
[2.486s] INFO:colcon.colcon_core.shell:Creating package script '/home/zhihuili/RM_prac/install/turtlebot3_dqn/share/turtlebot3_dqn/package.zsh'
[2.486s] Level 1:colcon.colcon_core.environment:create_file_with_runtime_dependencies(/home/zhihuili/RM_prac/install/turtlebot3_dqn/share/colcon-core/packages/turtlebot3_dqn)
[2.487s] DEBUG:colcon.colcon_parallel_executor.executor.parallel:closing loop
[2.487s] DEBUG:colcon.colcon_parallel_executor.executor.parallel:loop closed
[2.487s] DEBUG:colcon.colcon_parallel_executor.executor.parallel:run_until_complete finished with '0'
[2.487s] DEBUG:colcon.colcon_core.event_reactor:joining thread
[2.508s] INFO:colcon.colcon_core.plugin_system:Skipping extension 'colcon_notification.desktop_notification.notify_send': Could not find 'notify-send'
[2.508s] INFO:colcon.colcon_core.plugin_system:Skipping extension 'colcon_notification.desktop_notification.terminal_notifier': Not used on non-Darwin systems
[2.509s] INFO:colcon.colcon_core.plugin_system:Skipping extension 'colcon_notification.desktop_notification.win32': Not used on non-Windows systems
[2.509s] INFO:colcon.colcon_notification.desktop_notification:Sending desktop notification using 'notify2'
[2.532s] DEBUG:colcon.colcon_core.event_reactor:joined thread
[2.533s] INFO:colcon.colcon_core.shell:Creating prefix script '/home/zhihuili/RM_prac/install/local_setup.ps1'
[2.536s] INFO:colcon.colcon_core.shell:Creating prefix util module '/home/zhihuili/RM_prac/install/_local_setup_util_ps1.py'
[2.540s] INFO:colcon.colcon_core.shell:Creating prefix chain script '/home/zhihuili/RM_prac/install/setup.ps1'
[2.545s] INFO:colcon.colcon_core.shell:Creating prefix script '/home/zhihuili/RM_prac/install/local_setup.sh'
[2.547s] INFO:colcon.colcon_core.shell:Creating prefix util module '/home/zhihuili/RM_prac/install/_local_setup_util_sh.py'
[2.550s] INFO:colcon.colcon_core.shell:Creating prefix chain script '/home/zhihuili/RM_prac/install/setup.sh'
[2.555s] INFO:colcon.colcon_core.shell:Creating prefix script '/home/zhihuili/RM_prac/install/local_setup.bash'
[2.557s] INFO:colcon.colcon_core.shell:Creating prefix chain script '/home/zhihuili/RM_prac/install/setup.bash'
[2.563s] INFO:colcon.colcon_core.shell:Creating prefix script '/home/zhihuili/RM_prac/install/local_setup.zsh'
[2.565s] INFO:colcon.colcon_core.shell:Creating prefix chain script '/home/zhihuili/RM_prac/install/setup.zsh'
