[0.069s] DEBUG:colcon:Command line arguments: ['/usr/bin/colcon', 'build']
[0.069s] DEBUG:colcon:Parsed command line arguments: Namespace(log_base=None, log_level=None, verb_name='build', build_base='build', install_base='install', merge_install=False, symlink_install=False, test_result_base=None, continue_on_error=False, executor='parallel', parallel_workers=14, event_handlers=None, ignore_user_meta=False, metas=['./colcon.meta'], base_paths=['.'], packages_ignore=None, packages_ignore_regex=None, paths=None, packages_up_to=None, packages_up_to_regex=None, packages_above=None, packages_above_and_dependencies=None, packages_above_depth=None, packages_select_by_dep=None, packages_skip_by_dep=None, packages_skip_up_to=None, packages_select_build_failed=False, packages_skip_build_finished=False, packages_select_test_failures=False, packages_skip_test_passed=False, packages_select=None, packages_skip=None, packages_select_regex=None, packages_skip_regex=None, packages_start=None, packages_end=None, allow_overriding=[], cmake_args=None, cmake_target=None, cmake_target_skip_unavailable=False, cmake_clean_cache=False, cmake_clean_first=False, cmake_force_configure=False, ament_cmake_args=None, catkin_cmake_args=None, catkin_skip_building_tests=False, mixin_files=None, mixin=None, verb_parser=<colcon_mixin.mixin.mixin_argument.MixinArgumentDecorator object at 0x776b84b6b490>, verb_extension=<colcon_core.verb.build.BuildVerb object at 0x776b84cac430>, main=<bound method BuildVerb.main of <colcon_core.verb.build.BuildVerb object at 0x776b84cac430>>, mixin_verb=('build',))
[0.161s] Level 1:colcon.colcon_core.package_discovery:discover_packages(colcon_meta) check parameters
[0.161s] Level 1:colcon.colcon_core.package_discovery:discover_packages(recursive) check parameters
[0.161s] Level 1:colcon.colcon_core.package_discovery:discover_packages(ignore) check parameters
[0.161s] Level 1:colcon.colcon_core.package_discovery:discover_packages(path) check parameters
[0.161s] Level 1:colcon.colcon_core.package_discovery:discover_packages(colcon_meta) discover
[0.161s] Level 1:colcon.colcon_core.package_discovery:discover_packages(recursive) discover
[0.161s] INFO:colcon.colcon_core.package_discovery:Crawling recursively for packages in '/home/zhihuili/RM_prac'
[0.161s] Level 1:colcon.colcon_core.package_identification:_identify(.) by extensions ['ignore', 'ignore_ament_install']
[0.161s] Level 1:colcon.colcon_core.package_identification:_identify(.) by extension 'ignore'
[0.161s] Level 1:colcon.colcon_core.package_identification:_identify(.) by extension 'ignore_ament_install'
[0.161s] Level 1:colcon.colcon_core.package_identification:_identify(.) by extensions ['colcon_pkg']
[0.162s] Level 1:colcon.colcon_core.package_identification:_identify(.) by extension 'colcon_pkg'
[0.162s] Level 1:colcon.colcon_core.package_identification:_identify(.) by extensions ['colcon_meta']
[0.162s] Level 1:colcon.colcon_core.package_identification:_identify(.) by extension 'colcon_meta'
[0.162s] Level 1:colcon.colcon_core.package_identification:_identify(.) by extensions ['ros']
[0.162s] Level 1:colcon.colcon_core.package_identification:_identify(.) by extension 'ros'
[0.169s] Level 1:colcon.colcon_core.package_identification:_identify(.) by extensions ['cmake', 'python']
[0.169s] Level 1:colcon.colcon_core.package_identification:_identify(.) by extension 'cmake'
[0.169s] Level 1:colcon.colcon_core.package_identification:_identify(.) by extension 'python'
[0.169s] Level 1:colcon.colcon_core.package_identification:_identify(.) by extensions ['python_setup_py']
[0.169s] Level 1:colcon.colcon_core.package_identification:_identify(.) by extension 'python_setup_py'
[0.169s] Level 1:colcon.colcon_core.package_identification:_identify(build) by extensions ['ignore', 'ignore_ament_install']
[0.169s] Level 1:colcon.colcon_core.package_identification:_identify(build) by extension 'ignore'
[0.169s] Level 1:colcon.colcon_core.package_identification:_identify(build) ignored
[0.169s] Level 1:colcon.colcon_core.package_identification:_identify(install) by extensions ['ignore', 'ignore_ament_install']
[0.169s] Level 1:colcon.colcon_core.package_identification:_identify(install) by extension 'ignore'
[0.169s] Level 1:colcon.colcon_core.package_identification:_identify(install) ignored
[0.169s] Level 1:colcon.colcon_core.package_identification:_identify(log) by extensions ['ignore', 'ignore_ament_install']
[0.170s] Level 1:colcon.colcon_core.package_identification:_identify(log) by extension 'ignore'
[0.170s] Level 1:colcon.colcon_core.package_identification:_identify(log) ignored
[0.170s] Level 1:colcon.colcon_core.package_identification:_identify(src) by extensions ['ignore', 'ignore_ament_install']
[0.170s] Level 1:colcon.colcon_core.package_identification:_identify(src) by extension 'ignore'
[0.170s] Level 1:colcon.colcon_core.package_identification:_identify(src) by extension 'ignore_ament_install'
[0.170s] Level 1:colcon.colcon_core.package_identification:_identify(src) by extensions ['colcon_pkg']
[0.170s] Level 1:colcon.colcon_core.package_identification:_identify(src) by extension 'colcon_pkg'
[0.170s] Level 1:colcon.colcon_core.package_identification:_identify(src) by extensions ['colcon_meta']
[0.170s] Level 1:colcon.colcon_core.package_identification:_identify(src) by extension 'colcon_meta'
[0.170s] Level 1:colcon.colcon_core.package_identification:_identify(src) by extensions ['ros']
[0.170s] Level 1:colcon.colcon_core.package_identification:_identify(src) by extension 'ros'
[0.170s] Level 1:colcon.colcon_core.package_identification:_identify(src) by extensions ['cmake', 'python']
[0.170s] Level 1:colcon.colcon_core.package_identification:_identify(src) by extension 'cmake'
[0.170s] Level 1:colcon.colcon_core.package_identification:_identify(src) by extension 'python'
[0.170s] Level 1:colcon.colcon_core.package_identification:_identify(src) by extensions ['python_setup_py']
[0.170s] Level 1:colcon.colcon_core.package_identification:_identify(src) by extension 'python_setup_py'
[0.170s] Level 1:colcon.colcon_core.package_identification:_identify(src/bringup_turtlebot3_pkg) by extensions ['ignore', 'ignore_ament_install']
[0.170s] Level 1:colcon.colcon_core.package_identification:_identify(src/bringup_turtlebot3_pkg) by extension 'ignore'
[0.170s] Level 1:colcon.colcon_core.package_identification:_identify(src/bringup_turtlebot3_pkg) by extension 'ignore_ament_install'
[0.170s] Level 1:colcon.colcon_core.package_identification:_identify(src/bringup_turtlebot3_pkg) by extensions ['colcon_pkg']
[0.170s] Level 1:colcon.colcon_core.package_identification:_identify(src/bringup_turtlebot3_pkg) by extension 'colcon_pkg'
[0.170s] Level 1:colcon.colcon_core.package_identification:_identify(src/bringup_turtlebot3_pkg) by extensions ['colcon_meta']
[0.170s] Level 1:colcon.colcon_core.package_identification:_identify(src/bringup_turtlebot3_pkg) by extension 'colcon_meta'
[0.170s] Level 1:colcon.colcon_core.package_identification:_identify(src/bringup_turtlebot3_pkg) by extensions ['ros']
[0.170s] Level 1:colcon.colcon_core.package_identification:_identify(src/bringup_turtlebot3_pkg) by extension 'ros'
[0.172s] DEBUG:colcon.colcon_core.package_identification:Package 'src/bringup_turtlebot3_pkg' with type 'ros.ament_cmake' and name 'bringup_turtlebot3_pkg'
[0.172s] Level 1:colcon.colcon_core.package_identification:_identify(src/intro_ros_pkg) by extensions ['ignore', 'ignore_ament_install']
[0.172s] Level 1:colcon.colcon_core.package_identification:_identify(src/intro_ros_pkg) by extension 'ignore'
[0.172s] Level 1:colcon.colcon_core.package_identification:_identify(src/intro_ros_pkg) by extension 'ignore_ament_install'
[0.172s] Level 1:colcon.colcon_core.package_identification:_identify(src/intro_ros_pkg) by extensions ['colcon_pkg']
[0.172s] Level 1:colcon.colcon_core.package_identification:_identify(src/intro_ros_pkg) by extension 'colcon_pkg'
[0.172s] Level 1:colcon.colcon_core.package_identification:_identify(src/intro_ros_pkg) by extensions ['colcon_meta']
[0.172s] Level 1:colcon.colcon_core.package_identification:_identify(src/intro_ros_pkg) by extension 'colcon_meta'
[0.172s] Level 1:colcon.colcon_core.package_identification:_identify(src/intro_ros_pkg) by extensions ['ros']
[0.172s] Level 1:colcon.colcon_core.package_identification:_identify(src/intro_ros_pkg) by extension 'ros'
[0.173s] DEBUG:colcon.colcon_core.package_identification:Package 'src/intro_ros_pkg' with type 'ros.ament_cmake' and name 'intro_ros_pkg'
[0.173s] Level 1:colcon.colcon_core.package_identification:_identify(src/kinematic_control_pkg) by extensions ['ignore', 'ignore_ament_install']
[0.173s] Level 1:colcon.colcon_core.package_identification:_identify(src/kinematic_control_pkg) by extension 'ignore'
[0.173s] Level 1:colcon.colcon_core.package_identification:_identify(src/kinematic_control_pkg) by extension 'ignore_ament_install'
[0.173s] Level 1:colcon.colcon_core.package_identification:_identify(src/kinematic_control_pkg) by extensions ['colcon_pkg']
[0.173s] Level 1:colcon.colcon_core.package_identification:_identify(src/kinematic_control_pkg) by extension 'colcon_pkg'
[0.173s] Level 1:colcon.colcon_core.package_identification:_identify(src/kinematic_control_pkg) by extensions ['colcon_meta']
[0.173s] Level 1:colcon.colcon_core.package_identification:_identify(src/kinematic_control_pkg) by extension 'colcon_meta'
[0.173s] Level 1:colcon.colcon_core.package_identification:_identify(src/kinematic_control_pkg) by extensions ['ros']
[0.173s] Level 1:colcon.colcon_core.package_identification:_identify(src/kinematic_control_pkg) by extension 'ros'
[0.173s] DEBUG:colcon.colcon_core.package_identification:Package 'src/kinematic_control_pkg' with type 'ros.ament_cmake' and name 'kinematic_control_pkg'
[0.173s] Level 1:colcon.colcon_core.package_identification:_identify(src/maintenance_mode_pkg) by extensions ['ignore', 'ignore_ament_install']
[0.173s] Level 1:colcon.colcon_core.package_identification:_identify(src/maintenance_mode_pkg) by extension 'ignore'
[0.173s] Level 1:colcon.colcon_core.package_identification:_identify(src/maintenance_mode_pkg) by extension 'ignore_ament_install'
[0.173s] Level 1:colcon.colcon_core.package_identification:_identify(src/maintenance_mode_pkg) by extensions ['colcon_pkg']
[0.173s] Level 1:colcon.colcon_core.package_identification:_identify(src/maintenance_mode_pkg) by extension 'colcon_pkg'
[0.174s] Level 1:colcon.colcon_core.package_identification:_identify(src/maintenance_mode_pkg) by extensions ['colcon_meta']
[0.174s] Level 1:colcon.colcon_core.package_identification:_identify(src/maintenance_mode_pkg) by extension 'colcon_meta'
[0.174s] Level 1:colcon.colcon_core.package_identification:_identify(src/maintenance_mode_pkg) by extensions ['ros']
[0.174s] Level 1:colcon.colcon_core.package_identification:_identify(src/maintenance_mode_pkg) by extension 'ros'
[0.174s] DEBUG:colcon.colcon_core.package_identification:Package 'src/maintenance_mode_pkg' with type 'ros.ament_cmake' and name 'maintenance_mode_pkg'
[0.174s] Level 1:colcon.colcon_core.package_identification:_identify(src/navigation_pkg) by extensions ['ignore', 'ignore_ament_install']
[0.174s] Level 1:colcon.colcon_core.package_identification:_identify(src/navigation_pkg) by extension 'ignore'
[0.174s] Level 1:colcon.colcon_core.package_identification:_identify(src/navigation_pkg) by extension 'ignore_ament_install'
[0.174s] Level 1:colcon.colcon_core.package_identification:_identify(src/navigation_pkg) by extensions ['colcon_pkg']
[0.174s] Level 1:colcon.colcon_core.package_identification:_identify(src/navigation_pkg) by extension 'colcon_pkg'
[0.174s] Level 1:colcon.colcon_core.package_identification:_identify(src/navigation_pkg) by extensions ['colcon_meta']
[0.174s] Level 1:colcon.colcon_core.package_identification:_identify(src/navigation_pkg) by extension 'colcon_meta'
[0.174s] Level 1:colcon.colcon_core.package_identification:_identify(src/navigation_pkg) by extensions ['ros']
[0.174s] Level 1:colcon.colcon_core.package_identification:_identify(src/navigation_pkg) by extension 'ros'
[0.175s] DEBUG:colcon.colcon_core.package_identification:Package 'src/navigation_pkg' with type 'ros.ament_cmake' and name 'navigation_pkg'
[0.175s] Level 1:colcon.colcon_core.package_identification:_identify(src/pure_pursuit_pkg) by extensions ['ignore', 'ignore_ament_install']
[0.175s] Level 1:colcon.colcon_core.package_identification:_identify(src/pure_pursuit_pkg) by extension 'ignore'
[0.175s] Level 1:colcon.colcon_core.package_identification:_identify(src/pure_pursuit_pkg) by extension 'ignore_ament_install'
[0.175s] Level 1:colcon.colcon_core.package_identification:_identify(src/pure_pursuit_pkg) by extensions ['colcon_pkg']
[0.175s] Level 1:colcon.colcon_core.package_identification:_identify(src/pure_pursuit_pkg) by extension 'colcon_pkg'
[0.175s] Level 1:colcon.colcon_core.package_identification:_identify(src/pure_pursuit_pkg) by extensions ['colcon_meta']
[0.175s] Level 1:colcon.colcon_core.package_identification:_identify(src/pure_pursuit_pkg) by extension 'colcon_meta'
[0.175s] Level 1:colcon.colcon_core.package_identification:_identify(src/pure_pursuit_pkg) by extensions ['ros']
[0.175s] Level 1:colcon.colcon_core.package_identification:_identify(src/pure_pursuit_pkg) by extension 'ros'
[0.175s] DEBUG:colcon.colcon_core.package_identification:Package 'src/pure_pursuit_pkg' with type 'ros.ament_cmake' and name 'pure_pursuit_pkg'
[0.175s] Level 1:colcon.colcon_core.package_identification:_identify(src/ros2_vfh) by extensions ['ignore', 'ignore_ament_install']
[0.175s] Level 1:colcon.colcon_core.package_identification:_identify(src/ros2_vfh) by extension 'ignore'
[0.175s] Level 1:colcon.colcon_core.package_identification:_identify(src/ros2_vfh) by extension 'ignore_ament_install'
[0.175s] Level 1:colcon.colcon_core.package_identification:_identify(src/ros2_vfh) by extensions ['colcon_pkg']
[0.176s] Level 1:colcon.colcon_core.package_identification:_identify(src/ros2_vfh) by extension 'colcon_pkg'
[0.176s] Level 1:colcon.colcon_core.package_identification:_identify(src/ros2_vfh) by extensions ['colcon_meta']
[0.176s] Level 1:colcon.colcon_core.package_identification:_identify(src/ros2_vfh) by extension 'colcon_meta'
[0.176s] Level 1:colcon.colcon_core.package_identification:_identify(src/ros2_vfh) by extensions ['ros']
[0.176s] Level 1:colcon.colcon_core.package_identification:_identify(src/ros2_vfh) by extension 'ros'
[0.176s] DEBUG:colcon.colcon_core.package_identification:Package 'src/ros2_vfh' with type 'ros.ament_cmake' and name 'ros2_vfh'
[0.176s] Level 1:colcon.colcon_core.package_identification:_identify(src/slam_pkg) by extensions ['ignore', 'ignore_ament_install']
[0.176s] Level 1:colcon.colcon_core.package_identification:_identify(src/slam_pkg) by extension 'ignore'
[0.176s] Level 1:colcon.colcon_core.package_identification:_identify(src/slam_pkg) by extension 'ignore_ament_install'
[0.176s] Level 1:colcon.colcon_core.package_identification:_identify(src/slam_pkg) by extensions ['colcon_pkg']
[0.176s] Level 1:colcon.colcon_core.package_identification:_identify(src/slam_pkg) by extension 'colcon_pkg'
[0.176s] Level 1:colcon.colcon_core.package_identification:_identify(src/slam_pkg) by extensions ['colcon_meta']
[0.176s] Level 1:colcon.colcon_core.package_identification:_identify(src/slam_pkg) by extension 'colcon_meta'
[0.176s] Level 1:colcon.colcon_core.package_identification:_identify(src/slam_pkg) by extensions ['ros']
[0.176s] Level 1:colcon.colcon_core.package_identification:_identify(src/slam_pkg) by extension 'ros'
[0.177s] DEBUG:colcon.colcon_core.package_identification:Package 'src/slam_pkg' with type 'ros.ament_cmake' and name 'slam_pkg'
[0.177s] Level 1:colcon.colcon_core.package_identification:_identify(src/transformations_pkg) by extensions ['ignore', 'ignore_ament_install']
[0.177s] Level 1:colcon.colcon_core.package_identification:_identify(src/transformations_pkg) by extension 'ignore'
[0.177s] Level 1:colcon.colcon_core.package_identification:_identify(src/transformations_pkg) by extension 'ignore_ament_install'
[0.177s] Level 1:colcon.colcon_core.package_identification:_identify(src/transformations_pkg) by extensions ['colcon_pkg']
[0.177s] Level 1:colcon.colcon_core.package_identification:_identify(src/transformations_pkg) by extension 'colcon_pkg'
[0.177s] Level 1:colcon.colcon_core.package_identification:_identify(src/transformations_pkg) by extensions ['colcon_meta']
[0.177s] Level 1:colcon.colcon_core.package_identification:_identify(src/transformations_pkg) by extension 'colcon_meta'
[0.177s] Level 1:colcon.colcon_core.package_identification:_identify(src/transformations_pkg) by extensions ['ros']
[0.177s] Level 1:colcon.colcon_core.package_identification:_identify(src/transformations_pkg) by extension 'ros'
[0.178s] DEBUG:colcon.colcon_core.package_identification:Package 'src/transformations_pkg' with type 'ros.ament_cmake' and name 'transformations_pkg'
[0.178s] Level 1:colcon.colcon_core.package_identification:_identify(src/turtlebot3_coppeliasim) by extensions ['ignore', 'ignore_ament_install']
[0.178s] Level 1:colcon.colcon_core.package_identification:_identify(src/turtlebot3_coppeliasim) by extension 'ignore'
[0.178s] Level 1:colcon.colcon_core.package_identification:_identify(src/turtlebot3_coppeliasim) by extension 'ignore_ament_install'
[0.178s] Level 1:colcon.colcon_core.package_identification:_identify(src/turtlebot3_coppeliasim) by extensions ['colcon_pkg']
[0.178s] Level 1:colcon.colcon_core.package_identification:_identify(src/turtlebot3_coppeliasim) by extension 'colcon_pkg'
[0.178s] Level 1:colcon.colcon_core.package_identification:_identify(src/turtlebot3_coppeliasim) by extensions ['colcon_meta']
[0.178s] Level 1:colcon.colcon_core.package_identification:_identify(src/turtlebot3_coppeliasim) by extension 'colcon_meta'
[0.178s] Level 1:colcon.colcon_core.package_identification:_identify(src/turtlebot3_coppeliasim) by extensions ['ros']
[0.178s] Level 1:colcon.colcon_core.package_identification:_identify(src/turtlebot3_coppeliasim) by extension 'ros'
[0.178s] DEBUG:colcon.colcon_core.package_identification:Package 'src/turtlebot3_coppeliasim' with type 'ros.ament_cmake' and name 'turtlebot3_coppeliasim'
[0.178s] Level 1:colcon.colcon_core.package_identification:_identify(src/turtlebot3_dqn) by extensions ['ignore', 'ignore_ament_install']
[0.179s] Level 1:colcon.colcon_core.package_identification:_identify(src/turtlebot3_dqn) by extension 'ignore'
[0.179s] Level 1:colcon.colcon_core.package_identification:_identify(src/turtlebot3_dqn) by extension 'ignore_ament_install'
[0.179s] Level 1:colcon.colcon_core.package_identification:_identify(src/turtlebot3_dqn) by extensions ['colcon_pkg']
[0.179s] Level 1:colcon.colcon_core.package_identification:_identify(src/turtlebot3_dqn) by extension 'colcon_pkg'
[0.179s] Level 1:colcon.colcon_core.package_identification:_identify(src/turtlebot3_dqn) by extensions ['colcon_meta']
[0.179s] Level 1:colcon.colcon_core.package_identification:_identify(src/turtlebot3_dqn) by extension 'colcon_meta'
[0.179s] Level 1:colcon.colcon_core.package_identification:_identify(src/turtlebot3_dqn) by extensions ['ros']
[0.179s] Level 1:colcon.colcon_core.package_identification:_identify(src/turtlebot3_dqn) by extension 'ros'
[0.179s] DEBUG:colcon.colcon_core.package_identification:Package 'src/turtlebot3_dqn' with type 'ros.ament_python' and name 'turtlebot3_dqn'
[0.179s] Level 1:colcon.colcon_core.package_identification:_identify(src/turtlebot3_msgs) by extensions ['ignore', 'ignore_ament_install']
[0.179s] Level 1:colcon.colcon_core.package_identification:_identify(src/turtlebot3_msgs) by extension 'ignore'
[0.179s] Level 1:colcon.colcon_core.package_identification:_identify(src/turtlebot3_msgs) by extension 'ignore_ament_install'
[0.179s] Level 1:colcon.colcon_core.package_identification:_identify(src/turtlebot3_msgs) by extensions ['colcon_pkg']
[0.179s] Level 1:colcon.colcon_core.package_identification:_identify(src/turtlebot3_msgs) by extension 'colcon_pkg'
[0.179s] Level 1:colcon.colcon_core.package_identification:_identify(src/turtlebot3_msgs) by extensions ['colcon_meta']
[0.179s] Level 1:colcon.colcon_core.package_identification:_identify(src/turtlebot3_msgs) by extension 'colcon_meta'
[0.179s] Level 1:colcon.colcon_core.package_identification:_identify(src/turtlebot3_msgs) by extensions ['ros']
[0.179s] Level 1:colcon.colcon_core.package_identification:_identify(src/turtlebot3_msgs) by extension 'ros'
[0.180s] DEBUG:colcon.colcon_core.package_identification:Package 'src/turtlebot3_msgs' with type 'ros.ament_cmake' and name 'turtlebot3_msgs'
[0.181s] Level 1:colcon.colcon_core.package_identification:_identify(src/upv_maps_pkg) by extensions ['ignore', 'ignore_ament_install']
[0.181s] Level 1:colcon.colcon_core.package_identification:_identify(src/upv_maps_pkg) by extension 'ignore'
[0.181s] Level 1:colcon.colcon_core.package_identification:_identify(src/upv_maps_pkg) by extension 'ignore_ament_install'
[0.181s] Level 1:colcon.colcon_core.package_identification:_identify(src/upv_maps_pkg) by extensions ['colcon_pkg']
[0.181s] Level 1:colcon.colcon_core.package_identification:_identify(src/upv_maps_pkg) by extension 'colcon_pkg'
[0.181s] Level 1:colcon.colcon_core.package_identification:_identify(src/upv_maps_pkg) by extensions ['colcon_meta']
[0.181s] Level 1:colcon.colcon_core.package_identification:_identify(src/upv_maps_pkg) by extension 'colcon_meta'
[0.181s] Level 1:colcon.colcon_core.package_identification:_identify(src/upv_maps_pkg) by extensions ['ros']
[0.181s] Level 1:colcon.colcon_core.package_identification:_identify(src/upv_maps_pkg) by extension 'ros'
[0.181s] DEBUG:colcon.colcon_core.package_identification:Package 'src/upv_maps_pkg' with type 'ros.ament_cmake' and name 'upv_maps_pkg'
[0.181s] Level 1:colcon.colcon_core.package_discovery:discover_packages(recursive) using defaults
[0.181s] Level 1:colcon.colcon_core.package_discovery:discover_packages(ignore) discover
[0.181s] Level 1:colcon.colcon_core.package_discovery:discover_packages(ignore) using defaults
[0.181s] Level 1:colcon.colcon_core.package_discovery:discover_packages(path) discover
[0.181s] Level 1:colcon.colcon_core.package_discovery:discover_packages(path) using defaults
[0.205s] Level 1:colcon.colcon_core.package_discovery:discover_packages(prefix_path) check parameters
[0.205s] Level 1:colcon.colcon_core.package_discovery:discover_packages(prefix_path) discover
[0.207s] DEBUG:colcon.colcon_installed_package_information.package_discovery:Found 13 installed packages in /home/zhihuili/RM_prac/install
[0.207s] DEBUG:colcon.colcon_installed_package_information.package_discovery:Found 1 installed packages in /home/zhihuili/sim_ros2_interface/install
[0.208s] DEBUG:colcon.colcon_installed_package_information.package_discovery:Found 325 installed packages in /opt/ros/humble
[0.208s] Level 1:colcon.colcon_core.package_discovery:discover_packages(prefix_path) using defaults
[0.234s] Level 5:colcon.colcon_core.verb:set package 'bringup_turtlebot3_pkg' build argument 'cmake_args' from command line to 'None'
[0.234s] Level 5:colcon.colcon_core.verb:set package 'bringup_turtlebot3_pkg' build argument 'cmake_target' from command line to 'None'
[0.234s] Level 5:colcon.colcon_core.verb:set package 'bringup_turtlebot3_pkg' build argument 'cmake_target_skip_unavailable' from command line to 'False'
[0.234s] Level 5:colcon.colcon_core.verb:set package 'bringup_turtlebot3_pkg' build argument 'cmake_clean_cache' from command line to 'False'
[0.234s] Level 5:colcon.colcon_core.verb:set package 'bringup_turtlebot3_pkg' build argument 'cmake_clean_first' from command line to 'False'
[0.234s] Level 5:colcon.colcon_core.verb:set package 'bringup_turtlebot3_pkg' build argument 'cmake_force_configure' from command line to 'False'
[0.234s] Level 5:colcon.colcon_core.verb:set package 'bringup_turtlebot3_pkg' build argument 'ament_cmake_args' from command line to 'None'
[0.234s] Level 5:colcon.colcon_core.verb:set package 'bringup_turtlebot3_pkg' build argument 'catkin_cmake_args' from command line to 'None'
[0.234s] Level 5:colcon.colcon_core.verb:set package 'bringup_turtlebot3_pkg' build argument 'catkin_skip_building_tests' from command line to 'False'
[0.234s] DEBUG:colcon.colcon_core.verb:Building package 'bringup_turtlebot3_pkg' with the following arguments: {'ament_cmake_args': None, 'build_base': '/home/zhihuili/RM_prac/build/bringup_turtlebot3_pkg', 'catkin_cmake_args': None, 'catkin_skip_building_tests': False, 'cmake_args': None, 'cmake_clean_cache': False, 'cmake_clean_first': False, 'cmake_force_configure': False, 'cmake_target': None, 'cmake_target_skip_unavailable': False, 'install_base': '/home/zhihuili/RM_prac/install/bringup_turtlebot3_pkg', 'merge_install': False, 'path': '/home/zhihuili/RM_prac/src/bringup_turtlebot3_pkg', 'symlink_install': False, 'test_result_base': None}
[0.234s] Level 5:colcon.colcon_core.verb:set package 'intro_ros_pkg' build argument 'cmake_args' from command line to 'None'
[0.234s] Level 5:colcon.colcon_core.verb:set package 'intro_ros_pkg' build argument 'cmake_target' from command line to 'None'
[0.234s] Level 5:colcon.colcon_core.verb:set package 'intro_ros_pkg' build argument 'cmake_target_skip_unavailable' from command line to 'False'
[0.234s] Level 5:colcon.colcon_core.verb:set package 'intro_ros_pkg' build argument 'cmake_clean_cache' from command line to 'False'
[0.235s] Level 5:colcon.colcon_core.verb:set package 'intro_ros_pkg' build argument 'cmake_clean_first' from command line to 'False'
[0.235s] Level 5:colcon.colcon_core.verb:set package 'intro_ros_pkg' build argument 'cmake_force_configure' from command line to 'False'
[0.235s] Level 5:colcon.colcon_core.verb:set package 'intro_ros_pkg' build argument 'ament_cmake_args' from command line to 'None'
[0.235s] Level 5:colcon.colcon_core.verb:set package 'intro_ros_pkg' build argument 'catkin_cmake_args' from command line to 'None'
[0.235s] Level 5:colcon.colcon_core.verb:set package 'intro_ros_pkg' build argument 'catkin_skip_building_tests' from command line to 'False'
[0.235s] DEBUG:colcon.colcon_core.verb:Building package 'intro_ros_pkg' with the following arguments: {'ament_cmake_args': None, 'build_base': '/home/zhihuili/RM_prac/build/intro_ros_pkg', 'catkin_cmake_args': None, 'catkin_skip_building_tests': False, 'cmake_args': None, 'cmake_clean_cache': False, 'cmake_clean_first': False, 'cmake_force_configure': False, 'cmake_target': None, 'cmake_target_skip_unavailable': False, 'install_base': '/home/zhihuili/RM_prac/install/intro_ros_pkg', 'merge_install': False, 'path': '/home/zhihuili/RM_prac/src/intro_ros_pkg', 'symlink_install': False, 'test_result_base': None}
[0.235s] Level 5:colcon.colcon_core.verb:set package 'kinematic_control_pkg' build argument 'cmake_args' from command line to 'None'
[0.235s] Level 5:colcon.colcon_core.verb:set package 'kinematic_control_pkg' build argument 'cmake_target' from command line to 'None'
[0.235s] Level 5:colcon.colcon_core.verb:set package 'kinematic_control_pkg' build argument 'cmake_target_skip_unavailable' from command line to 'False'
[0.235s] Level 5:colcon.colcon_core.verb:set package 'kinematic_control_pkg' build argument 'cmake_clean_cache' from command line to 'False'
[0.235s] Level 5:colcon.colcon_core.verb:set package 'kinematic_control_pkg' build argument 'cmake_clean_first' from command line to 'False'
[0.235s] Level 5:colcon.colcon_core.verb:set package 'kinematic_control_pkg' build argument 'cmake_force_configure' from command line to 'False'
[0.235s] Level 5:colcon.colcon_core.verb:set package 'kinematic_control_pkg' build argument 'ament_cmake_args' from command line to 'None'
[0.235s] Level 5:colcon.colcon_core.verb:set package 'kinematic_control_pkg' build argument 'catkin_cmake_args' from command line to 'None'
[0.235s] Level 5:colcon.colcon_core.verb:set package 'kinematic_control_pkg' build argument 'catkin_skip_building_tests' from command line to 'False'
[0.235s] DEBUG:colcon.colcon_core.verb:Building package 'kinematic_control_pkg' with the following arguments: {'ament_cmake_args': None, 'build_base': '/home/zhihuili/RM_prac/build/kinematic_control_pkg', 'catkin_cmake_args': None, 'catkin_skip_building_tests': False, 'cmake_args': None, 'cmake_clean_cache': False, 'cmake_clean_first': False, 'cmake_force_configure': False, 'cmake_target': None, 'cmake_target_skip_unavailable': False, 'install_base': '/home/zhihuili/RM_prac/install/kinematic_control_pkg', 'merge_install': False, 'path': '/home/zhihuili/RM_prac/src/kinematic_control_pkg', 'symlink_install': False, 'test_result_base': None}
[0.235s] Level 5:colcon.colcon_core.verb:set package 'navigation_pkg' build argument 'cmake_args' from command line to 'None'
[0.235s] Level 5:colcon.colcon_core.verb:set package 'navigation_pkg' build argument 'cmake_target' from command line to 'None'
[0.235s] Level 5:colcon.colcon_core.verb:set package 'navigation_pkg' build argument 'cmake_target_skip_unavailable' from command line to 'False'
[0.235s] Level 5:colcon.colcon_core.verb:set package 'navigation_pkg' build argument 'cmake_clean_cache' from command line to 'False'
[0.235s] Level 5:colcon.colcon_core.verb:set package 'navigation_pkg' build argument 'cmake_clean_first' from command line to 'False'
[0.235s] Level 5:colcon.colcon_core.verb:set package 'navigation_pkg' build argument 'cmake_force_configure' from command line to 'False'
[0.235s] Level 5:colcon.colcon_core.verb:set package 'navigation_pkg' build argument 'ament_cmake_args' from command line to 'None'
[0.235s] Level 5:colcon.colcon_core.verb:set package 'navigation_pkg' build argument 'catkin_cmake_args' from command line to 'None'
[0.235s] Level 5:colcon.colcon_core.verb:set package 'navigation_pkg' build argument 'catkin_skip_building_tests' from command line to 'False'
[0.235s] DEBUG:colcon.colcon_core.verb:Building package 'navigation_pkg' with the following arguments: {'ament_cmake_args': None, 'build_base': '/home/zhihuili/RM_prac/build/navigation_pkg', 'catkin_cmake_args': None, 'catkin_skip_building_tests': False, 'cmake_args': None, 'cmake_clean_cache': False, 'cmake_clean_first': False, 'cmake_force_configure': False, 'cmake_target': None, 'cmake_target_skip_unavailable': False, 'install_base': '/home/zhihuili/RM_prac/install/navigation_pkg', 'merge_install': False, 'path': '/home/zhihuili/RM_prac/src/navigation_pkg', 'symlink_install': False, 'test_result_base': None}
[0.235s] Level 5:colcon.colcon_core.verb:set package 'pure_pursuit_pkg' build argument 'cmake_args' from command line to 'None'
[0.235s] Level 5:colcon.colcon_core.verb:set package 'pure_pursuit_pkg' build argument 'cmake_target' from command line to 'None'
[0.235s] Level 5:colcon.colcon_core.verb:set package 'pure_pursuit_pkg' build argument 'cmake_target_skip_unavailable' from command line to 'False'
[0.235s] Level 5:colcon.colcon_core.verb:set package 'pure_pursuit_pkg' build argument 'cmake_clean_cache' from command line to 'False'
[0.235s] Level 5:colcon.colcon_core.verb:set package 'pure_pursuit_pkg' build argument 'cmake_clean_first' from command line to 'False'
[0.235s] Level 5:colcon.colcon_core.verb:set package 'pure_pursuit_pkg' build argument 'cmake_force_configure' from command line to 'False'
[0.235s] Level 5:colcon.colcon_core.verb:set package 'pure_pursuit_pkg' build argument 'ament_cmake_args' from command line to 'None'
[0.235s] Level 5:colcon.colcon_core.verb:set package 'pure_pursuit_pkg' build argument 'catkin_cmake_args' from command line to 'None'
[0.235s] Level 5:colcon.colcon_core.verb:set package 'pure_pursuit_pkg' build argument 'catkin_skip_building_tests' from command line to 'False'
[0.235s] DEBUG:colcon.colcon_core.verb:Building package 'pure_pursuit_pkg' with the following arguments: {'ament_cmake_args': None, 'build_base': '/home/zhihuili/RM_prac/build/pure_pursuit_pkg', 'catkin_cmake_args': None, 'catkin_skip_building_tests': False, 'cmake_args': None, 'cmake_clean_cache': False, 'cmake_clean_first': False, 'cmake_force_configure': False, 'cmake_target': None, 'cmake_target_skip_unavailable': False, 'install_base': '/home/zhihuili/RM_prac/install/pure_pursuit_pkg', 'merge_install': False, 'path': '/home/zhihuili/RM_prac/src/pure_pursuit_pkg', 'symlink_install': False, 'test_result_base': None}
[0.236s] Level 5:colcon.colcon_core.verb:set package 'ros2_vfh' build argument 'cmake_args' from command line to 'None'
[0.236s] Level 5:colcon.colcon_core.verb:set package 'ros2_vfh' build argument 'cmake_target' from command line to 'None'
[0.236s] Level 5:colcon.colcon_core.verb:set package 'ros2_vfh' build argument 'cmake_target_skip_unavailable' from command line to 'False'
[0.236s] Level 5:colcon.colcon_core.verb:set package 'ros2_vfh' build argument 'cmake_clean_cache' from command line to 'False'
[0.236s] Level 5:colcon.colcon_core.verb:set package 'ros2_vfh' build argument 'cmake_clean_first' from command line to 'False'
[0.236s] Level 5:colcon.colcon_core.verb:set package 'ros2_vfh' build argument 'cmake_force_configure' from command line to 'False'
[0.236s] Level 5:colcon.colcon_core.verb:set package 'ros2_vfh' build argument 'ament_cmake_args' from command line to 'None'
[0.236s] Level 5:colcon.colcon_core.verb:set package 'ros2_vfh' build argument 'catkin_cmake_args' from command line to 'None'
[0.236s] Level 5:colcon.colcon_core.verb:set package 'ros2_vfh' build argument 'catkin_skip_building_tests' from command line to 'False'
[0.236s] DEBUG:colcon.colcon_core.verb:Building package 'ros2_vfh' with the following arguments: {'ament_cmake_args': None, 'build_base': '/home/zhihuili/RM_prac/build/ros2_vfh', 'catkin_cmake_args': None, 'catkin_skip_building_tests': False, 'cmake_args': None, 'cmake_clean_cache': False, 'cmake_clean_first': False, 'cmake_force_configure': False, 'cmake_target': None, 'cmake_target_skip_unavailable': False, 'install_base': '/home/zhihuili/RM_prac/install/ros2_vfh', 'merge_install': False, 'path': '/home/zhihuili/RM_prac/src/ros2_vfh', 'symlink_install': False, 'test_result_base': None}
[0.236s] Level 5:colcon.colcon_core.verb:set package 'slam_pkg' build argument 'cmake_args' from command line to 'None'
[0.236s] Level 5:colcon.colcon_core.verb:set package 'slam_pkg' build argument 'cmake_target' from command line to 'None'
[0.236s] Level 5:colcon.colcon_core.verb:set package 'slam_pkg' build argument 'cmake_target_skip_unavailable' from command line to 'False'
[0.236s] Level 5:colcon.colcon_core.verb:set package 'slam_pkg' build argument 'cmake_clean_cache' from command line to 'False'
[0.236s] Level 5:colcon.colcon_core.verb:set package 'slam_pkg' build argument 'cmake_clean_first' from command line to 'False'
[0.236s] Level 5:colcon.colcon_core.verb:set package 'slam_pkg' build argument 'cmake_force_configure' from command line to 'False'
[0.236s] Level 5:colcon.colcon_core.verb:set package 'slam_pkg' build argument 'ament_cmake_args' from command line to 'None'
[0.236s] Level 5:colcon.colcon_core.verb:set package 'slam_pkg' build argument 'catkin_cmake_args' from command line to 'None'
[0.236s] Level 5:colcon.colcon_core.verb:set package 'slam_pkg' build argument 'catkin_skip_building_tests' from command line to 'False'
[0.236s] DEBUG:colcon.colcon_core.verb:Building package 'slam_pkg' with the following arguments: {'ament_cmake_args': None, 'build_base': '/home/zhihuili/RM_prac/build/slam_pkg', 'catkin_cmake_args': None, 'catkin_skip_building_tests': False, 'cmake_args': None, 'cmake_clean_cache': False, 'cmake_clean_first': False, 'cmake_force_configure': False, 'cmake_target': None, 'cmake_target_skip_unavailable': False, 'install_base': '/home/zhihuili/RM_prac/install/slam_pkg', 'merge_install': False, 'path': '/home/zhihuili/RM_prac/src/slam_pkg', 'symlink_install': False, 'test_result_base': None}
[0.236s] Level 5:colcon.colcon_core.verb:set package 'transformations_pkg' build argument 'cmake_args' from command line to 'None'
[0.236s] Level 5:colcon.colcon_core.verb:set package 'transformations_pkg' build argument 'cmake_target' from command line to 'None'
[0.236s] Level 5:colcon.colcon_core.verb:set package 'transformations_pkg' build argument 'cmake_target_skip_unavailable' from command line to 'False'
[0.236s] Level 5:colcon.colcon_core.verb:set package 'transformations_pkg' build argument 'cmake_clean_cache' from command line to 'False'
[0.236s] Level 5:colcon.colcon_core.verb:set package 'transformations_pkg' build argument 'cmake_clean_first' from command line to 'False'
[0.236s] Level 5:colcon.colcon_core.verb:set package 'transformations_pkg' build argument 'cmake_force_configure' from command line to 'False'
[0.236s] Level 5:colcon.colcon_core.verb:set package 'transformations_pkg' build argument 'ament_cmake_args' from command line to 'None'
[0.236s] Level 5:colcon.colcon_core.verb:set package 'transformations_pkg' build argument 'catkin_cmake_args' from command line to 'None'
[0.236s] Level 5:colcon.colcon_core.verb:set package 'transformations_pkg' build argument 'catkin_skip_building_tests' from command line to 'False'
[0.236s] DEBUG:colcon.colcon_core.verb:Building package 'transformations_pkg' with the following arguments: {'ament_cmake_args': None, 'build_base': '/home/zhihuili/RM_prac/build/transformations_pkg', 'catkin_cmake_args': None, 'catkin_skip_building_tests': False, 'cmake_args': None, 'cmake_clean_cache': False, 'cmake_clean_first': False, 'cmake_force_configure': False, 'cmake_target': None, 'cmake_target_skip_unavailable': False, 'install_base': '/home/zhihuili/RM_prac/install/transformations_pkg', 'merge_install': False, 'path': '/home/zhihuili/RM_prac/src/transformations_pkg', 'symlink_install': False, 'test_result_base': None}
[0.237s] Level 5:colcon.colcon_core.verb:set package 'turtlebot3_coppeliasim' build argument 'cmake_args' from command line to 'None'
[0.237s] Level 5:colcon.colcon_core.verb:set package 'turtlebot3_coppeliasim' build argument 'cmake_target' from command line to 'None'
[0.237s] Level 5:colcon.colcon_core.verb:set package 'turtlebot3_coppeliasim' build argument 'cmake_target_skip_unavailable' from command line to 'False'
[0.237s] Level 5:colcon.colcon_core.verb:set package 'turtlebot3_coppeliasim' build argument 'cmake_clean_cache' from command line to 'False'
[0.237s] Level 5:colcon.colcon_core.verb:set package 'turtlebot3_coppeliasim' build argument 'cmake_clean_first' from command line to 'False'
[0.237s] Level 5:colcon.colcon_core.verb:set package 'turtlebot3_coppeliasim' build argument 'cmake_force_configure' from command line to 'False'
[0.237s] Level 5:colcon.colcon_core.verb:set package 'turtlebot3_coppeliasim' build argument 'ament_cmake_args' from command line to 'None'
[0.237s] Level 5:colcon.colcon_core.verb:set package 'turtlebot3_coppeliasim' build argument 'catkin_cmake_args' from command line to 'None'
[0.237s] Level 5:colcon.colcon_core.verb:set package 'turtlebot3_coppeliasim' build argument 'catkin_skip_building_tests' from command line to 'False'
[0.237s] DEBUG:colcon.colcon_core.verb:Building package 'turtlebot3_coppeliasim' with the following arguments: {'ament_cmake_args': None, 'build_base': '/home/zhihuili/RM_prac/build/turtlebot3_coppeliasim', 'catkin_cmake_args': None, 'catkin_skip_building_tests': False, 'cmake_args': None, 'cmake_clean_cache': False, 'cmake_clean_first': False, 'cmake_force_configure': False, 'cmake_target': None, 'cmake_target_skip_unavailable': False, 'install_base': '/home/zhihuili/RM_prac/install/turtlebot3_coppeliasim', 'merge_install': False, 'path': '/home/zhihuili/RM_prac/src/turtlebot3_coppeliasim', 'symlink_install': False, 'test_result_base': None}
[0.237s] Level 5:colcon.colcon_core.verb:set package 'turtlebot3_msgs' build argument 'cmake_args' from command line to 'None'
[0.237s] Level 5:colcon.colcon_core.verb:set package 'turtlebot3_msgs' build argument 'cmake_target' from command line to 'None'
[0.237s] Level 5:colcon.colcon_core.verb:set package 'turtlebot3_msgs' build argument 'cmake_target_skip_unavailable' from command line to 'False'
[0.237s] Level 5:colcon.colcon_core.verb:set package 'turtlebot3_msgs' build argument 'cmake_clean_cache' from command line to 'False'
[0.237s] Level 5:colcon.colcon_core.verb:set package 'turtlebot3_msgs' build argument 'cmake_clean_first' from command line to 'False'
[0.237s] Level 5:colcon.colcon_core.verb:set package 'turtlebot3_msgs' build argument 'cmake_force_configure' from command line to 'False'
[0.237s] Level 5:colcon.colcon_core.verb:set package 'turtlebot3_msgs' build argument 'ament_cmake_args' from command line to 'None'
[0.237s] Level 5:colcon.colcon_core.verb:set package 'turtlebot3_msgs' build argument 'catkin_cmake_args' from command line to 'None'
[0.237s] Level 5:colcon.colcon_core.verb:set package 'turtlebot3_msgs' build argument 'catkin_skip_building_tests' from command line to 'False'
[0.237s] DEBUG:colcon.colcon_core.verb:Building package 'turtlebot3_msgs' with the following arguments: {'ament_cmake_args': None, 'build_base': '/home/zhihuili/RM_prac/build/turtlebot3_msgs', 'catkin_cmake_args': None, 'catkin_skip_building_tests': False, 'cmake_args': None, 'cmake_clean_cache': False, 'cmake_clean_first': False, 'cmake_force_configure': False, 'cmake_target': None, 'cmake_target_skip_unavailable': False, 'install_base': '/home/zhihuili/RM_prac/install/turtlebot3_msgs', 'merge_install': False, 'path': '/home/zhihuili/RM_prac/src/turtlebot3_msgs', 'symlink_install': False, 'test_result_base': None}
[0.237s] Level 5:colcon.colcon_core.verb:set package 'upv_maps_pkg' build argument 'cmake_args' from command line to 'None'
[0.237s] Level 5:colcon.colcon_core.verb:set package 'upv_maps_pkg' build argument 'cmake_target' from command line to 'None'
[0.237s] Level 5:colcon.colcon_core.verb:set package 'upv_maps_pkg' build argument 'cmake_target_skip_unavailable' from command line to 'False'
[0.237s] Level 5:colcon.colcon_core.verb:set package 'upv_maps_pkg' build argument 'cmake_clean_cache' from command line to 'False'
[0.237s] Level 5:colcon.colcon_core.verb:set package 'upv_maps_pkg' build argument 'cmake_clean_first' from command line to 'False'
[0.237s] Level 5:colcon.colcon_core.verb:set package 'upv_maps_pkg' build argument 'cmake_force_configure' from command line to 'False'
[0.237s] Level 5:colcon.colcon_core.verb:set package 'upv_maps_pkg' build argument 'ament_cmake_args' from command line to 'None'
[0.237s] Level 5:colcon.colcon_core.verb:set package 'upv_maps_pkg' build argument 'catkin_cmake_args' from command line to 'None'
[0.237s] Level 5:colcon.colcon_core.verb:set package 'upv_maps_pkg' build argument 'catkin_skip_building_tests' from command line to 'False'
[0.237s] DEBUG:colcon.colcon_core.verb:Building package 'upv_maps_pkg' with the following arguments: {'ament_cmake_args': None, 'build_base': '/home/zhihuili/RM_prac/build/upv_maps_pkg', 'catkin_cmake_args': None, 'catkin_skip_building_tests': False, 'cmake_args': None, 'cmake_clean_cache': False, 'cmake_clean_first': False, 'cmake_force_configure': False, 'cmake_target': None, 'cmake_target_skip_unavailable': False, 'install_base': '/home/zhihuili/RM_prac/install/upv_maps_pkg', 'merge_install': False, 'path': '/home/zhihuili/RM_prac/src/upv_maps_pkg', 'symlink_install': False, 'test_result_base': None}
[0.237s] Level 5:colcon.colcon_core.verb:set package 'maintenance_mode_pkg' build argument 'cmake_args' from command line to 'None'
[0.237s] Level 5:colcon.colcon_core.verb:set package 'maintenance_mode_pkg' build argument 'cmake_target' from command line to 'None'
[0.237s] Level 5:colcon.colcon_core.verb:set package 'maintenance_mode_pkg' build argument 'cmake_target_skip_unavailable' from command line to 'False'
[0.237s] Level 5:colcon.colcon_core.verb:set package 'maintenance_mode_pkg' build argument 'cmake_clean_cache' from command line to 'False'
[0.237s] Level 5:colcon.colcon_core.verb:set package 'maintenance_mode_pkg' build argument 'cmake_clean_first' from command line to 'False'
[0.237s] Level 5:colcon.colcon_core.verb:set package 'maintenance_mode_pkg' build argument 'cmake_force_configure' from command line to 'False'
[0.237s] Level 5:colcon.colcon_core.verb:set package 'maintenance_mode_pkg' build argument 'ament_cmake_args' from command line to 'None'
[0.238s] Level 5:colcon.colcon_core.verb:set package 'maintenance_mode_pkg' build argument 'catkin_cmake_args' from command line to 'None'
[0.238s] Level 5:colcon.colcon_core.verb:set package 'maintenance_mode_pkg' build argument 'catkin_skip_building_tests' from command line to 'False'
[0.238s] DEBUG:colcon.colcon_core.verb:Building package 'maintenance_mode_pkg' with the following arguments: {'ament_cmake_args': None, 'build_base': '/home/zhihuili/RM_prac/build/maintenance_mode_pkg', 'catkin_cmake_args': None, 'catkin_skip_building_tests': False, 'cmake_args': None, 'cmake_clean_cache': False, 'cmake_clean_first': False, 'cmake_force_configure': False, 'cmake_target': None, 'cmake_target_skip_unavailable': False, 'install_base': '/home/zhihuili/RM_prac/install/maintenance_mode_pkg', 'merge_install': False, 'path': '/home/zhihuili/RM_prac/src/maintenance_mode_pkg', 'symlink_install': False, 'test_result_base': None}
[0.238s] Level 5:colcon.colcon_core.verb:set package 'turtlebot3_dqn' build argument 'cmake_args' from command line to 'None'
[0.238s] Level 5:colcon.colcon_core.verb:set package 'turtlebot3_dqn' build argument 'cmake_target' from command line to 'None'
[0.238s] Level 5:colcon.colcon_core.verb:set package 'turtlebot3_dqn' build argument 'cmake_target_skip_unavailable' from command line to 'False'
[0.238s] Level 5:colcon.colcon_core.verb:set package 'turtlebot3_dqn' build argument 'cmake_clean_cache' from command line to 'False'
[0.238s] Level 5:colcon.colcon_core.verb:set package 'turtlebot3_dqn' build argument 'cmake_clean_first' from command line to 'False'
[0.238s] Level 5:colcon.colcon_core.verb:set package 'turtlebot3_dqn' build argument 'cmake_force_configure' from command line to 'False'
[0.238s] Level 5:colcon.colcon_core.verb:set package 'turtlebot3_dqn' build argument 'ament_cmake_args' from command line to 'None'
[0.238s] Level 5:colcon.colcon_core.verb:set package 'turtlebot3_dqn' build argument 'catkin_cmake_args' from command line to 'None'
[0.238s] Level 5:colcon.colcon_core.verb:set package 'turtlebot3_dqn' build argument 'catkin_skip_building_tests' from command line to 'False'
[0.238s] DEBUG:colcon.colcon_core.verb:Building package 'turtlebot3_dqn' with the following arguments: {'ament_cmake_args': None, 'build_base': '/home/zhihuili/RM_prac/build/turtlebot3_dqn', 'catkin_cmake_args': None, 'catkin_skip_building_tests': False, 'cmake_args': None, 'cmake_clean_cache': False, 'cmake_clean_first': False, 'cmake_force_configure': False, 'cmake_target': None, 'cmake_target_skip_unavailable': False, 'install_base': '/home/zhihuili/RM_prac/install/turtlebot3_dqn', 'merge_install': False, 'path': '/home/zhihuili/RM_prac/src/turtlebot3_dqn', 'symlink_install': False, 'test_result_base': None}
[0.238s] INFO:colcon.colcon_core.executor:Executing jobs using 'parallel' executor
[0.239s] DEBUG:colcon.colcon_parallel_executor.executor.parallel:run_until_complete
[0.239s] INFO:colcon.colcon_ros.task.ament_cmake.build:Building ROS package in '/home/zhihuili/RM_prac/src/turtlebot3_msgs' with build type 'ament_cmake'
[0.239s] INFO:colcon.colcon_cmake.task.cmake.build:Building CMake package in '/home/zhihuili/RM_prac/src/turtlebot3_msgs'
[0.242s] INFO:colcon.colcon_core.plugin_system:Skipping extension 'colcon_core.shell.bat': Not used on non-Windows systems
[0.242s] INFO:colcon.colcon_core.shell:Skip shell extension 'powershell' for command environment: Not usable outside of PowerShell
[0.242s] DEBUG:colcon.colcon_core.shell:Skip shell extension 'dsv' for command environment
[0.245s] INFO:colcon.colcon_ros.task.ament_cmake.build:Building ROS package in '/home/zhihuili/RM_prac/src/bringup_turtlebot3_pkg' with build type 'ament_cmake'
[0.245s] INFO:colcon.colcon_cmake.task.cmake.build:Building CMake package in '/home/zhihuili/RM_prac/src/bringup_turtlebot3_pkg'
[0.245s] INFO:colcon.colcon_core.shell:Skip shell extension 'powershell' for command environment: Not usable outside of PowerShell
[0.245s] DEBUG:colcon.colcon_core.shell:Skip shell extension 'dsv' for command environment
[0.248s] INFO:colcon.colcon_ros.task.ament_cmake.build:Building ROS package in '/home/zhihuili/RM_prac/src/intro_ros_pkg' with build type 'ament_cmake'
[0.248s] INFO:colcon.colcon_cmake.task.cmake.build:Building CMake package in '/home/zhihuili/RM_prac/src/intro_ros_pkg'
[0.248s] INFO:colcon.colcon_core.shell:Skip shell extension 'powershell' for command environment: Not usable outside of PowerShell
[0.248s] DEBUG:colcon.colcon_core.shell:Skip shell extension 'dsv' for command environment
[0.252s] INFO:colcon.colcon_ros.task.ament_cmake.build:Building ROS package in '/home/zhihuili/RM_prac/src/kinematic_control_pkg' with build type 'ament_cmake'
[0.252s] INFO:colcon.colcon_cmake.task.cmake.build:Building CMake package in '/home/zhihuili/RM_prac/src/kinematic_control_pkg'
[0.252s] INFO:colcon.colcon_core.shell:Skip shell extension 'powershell' for command environment: Not usable outside of PowerShell
[0.252s] DEBUG:colcon.colcon_core.shell:Skip shell extension 'dsv' for command environment
[0.255s] INFO:colcon.colcon_ros.task.ament_cmake.build:Building ROS package in '/home/zhihuili/RM_prac/src/navigation_pkg' with build type 'ament_cmake'
[0.255s] INFO:colcon.colcon_cmake.task.cmake.build:Building CMake package in '/home/zhihuili/RM_prac/src/navigation_pkg'
[0.256s] INFO:colcon.colcon_core.shell:Skip shell extension 'powershell' for command environment: Not usable outside of PowerShell
[0.256s] DEBUG:colcon.colcon_core.shell:Skip shell extension 'dsv' for command environment
[0.261s] INFO:colcon.colcon_ros.task.ament_cmake.build:Building ROS package in '/home/zhihuili/RM_prac/src/pure_pursuit_pkg' with build type 'ament_cmake'
[0.261s] INFO:colcon.colcon_cmake.task.cmake.build:Building CMake package in '/home/zhihuili/RM_prac/src/pure_pursuit_pkg'
[0.261s] INFO:colcon.colcon_core.shell:Skip shell extension 'powershell' for command environment: Not usable outside of PowerShell
[0.261s] DEBUG:colcon.colcon_core.shell:Skip shell extension 'dsv' for command environment
[0.264s] INFO:colcon.colcon_ros.task.ament_cmake.build:Building ROS package in '/home/zhihuili/RM_prac/src/ros2_vfh' with build type 'ament_cmake'
[0.264s] INFO:colcon.colcon_cmake.task.cmake.build:Building CMake package in '/home/zhihuili/RM_prac/src/ros2_vfh'
[0.264s] INFO:colcon.colcon_core.shell:Skip shell extension 'powershell' for command environment: Not usable outside of PowerShell
[0.264s] DEBUG:colcon.colcon_core.shell:Skip shell extension 'dsv' for command environment
[0.267s] INFO:colcon.colcon_ros.task.ament_cmake.build:Building ROS package in '/home/zhihuili/RM_prac/src/slam_pkg' with build type 'ament_cmake'
[0.267s] INFO:colcon.colcon_cmake.task.cmake.build:Building CMake package in '/home/zhihuili/RM_prac/src/slam_pkg'
[0.267s] INFO:colcon.colcon_core.shell:Skip shell extension 'powershell' for command environment: Not usable outside of PowerShell
[0.267s] DEBUG:colcon.colcon_core.shell:Skip shell extension 'dsv' for command environment
[0.269s] INFO:colcon.colcon_ros.task.ament_cmake.build:Building ROS package in '/home/zhihuili/RM_prac/src/transformations_pkg' with build type 'ament_cmake'
[0.270s] INFO:colcon.colcon_cmake.task.cmake.build:Building CMake package in '/home/zhihuili/RM_prac/src/transformations_pkg'
[0.270s] INFO:colcon.colcon_core.shell:Skip shell extension 'powershell' for command environment: Not usable outside of PowerShell
[0.270s] DEBUG:colcon.colcon_core.shell:Skip shell extension 'dsv' for command environment
[0.272s] INFO:colcon.colcon_ros.task.ament_cmake.build:Building ROS package in '/home/zhihuili/RM_prac/src/turtlebot3_coppeliasim' with build type 'ament_cmake'
[0.272s] INFO:colcon.colcon_cmake.task.cmake.build:Building CMake package in '/home/zhihuili/RM_prac/src/turtlebot3_coppeliasim'
[0.272s] INFO:colcon.colcon_core.shell:Skip shell extension 'powershell' for command environment: Not usable outside of PowerShell
[0.272s] DEBUG:colcon.colcon_core.shell:Skip shell extension 'dsv' for command environment
[0.276s] INFO:colcon.colcon_ros.task.ament_cmake.build:Building ROS package in '/home/zhihuili/RM_prac/src/upv_maps_pkg' with build type 'ament_cmake'
[0.276s] INFO:colcon.colcon_cmake.task.cmake.build:Building CMake package in '/home/zhihuili/RM_prac/src/upv_maps_pkg'
[0.276s] INFO:colcon.colcon_core.shell:Skip shell extension 'powershell' for command environment: Not usable outside of PowerShell
[0.276s] DEBUG:colcon.colcon_core.shell:Skip shell extension 'dsv' for command environment
[0.283s] DEBUG:colcon.colcon_core.event_handler.log_command:Invoking command in '/home/zhihuili/RM_prac/build/turtlebot3_msgs': CMAKE_PREFIX_PATH=${CMAKE_PREFIX_PATH}:/home/zhihuili/RM_prac/install/turtlebot3_dqn:/opt/ros/humble /usr/bin/cmake --build /home/zhihuili/RM_prac/build/turtlebot3_msgs -- -j14 -l14
[0.285s] DEBUG:colcon.colcon_core.event_handler.log_command:Invoking command in '/home/zhihuili/RM_prac/build/bringup_turtlebot3_pkg': CMAKE_PREFIX_PATH=${CMAKE_PREFIX_PATH}:/home/zhihuili/RM_prac/install/turtlebot3_dqn:/opt/ros/humble /usr/bin/cmake --build /home/zhihuili/RM_prac/build/bringup_turtlebot3_pkg -- -j14 -l14
[0.289s] DEBUG:colcon.colcon_core.event_handler.log_command:Invoking command in '/home/zhihuili/RM_prac/build/intro_ros_pkg': CMAKE_PREFIX_PATH=${CMAKE_PREFIX_PATH}:/home/zhihuili/RM_prac/install/turtlebot3_dqn:/opt/ros/humble /usr/bin/cmake --build /home/zhihuili/RM_prac/build/intro_ros_pkg -- -j14 -l14
[0.290s] DEBUG:colcon.colcon_core.event_handler.log_command:Invoking command in '/home/zhihuili/RM_prac/build/kinematic_control_pkg': CMAKE_PREFIX_PATH=${CMAKE_PREFIX_PATH}:/home/zhihuili/RM_prac/install/turtlebot3_dqn:/opt/ros/humble /usr/bin/cmake --build /home/zhihuili/RM_prac/build/kinematic_control_pkg -- -j14 -l14
[0.293s] DEBUG:colcon.colcon_core.event_handler.log_command:Invoking command in '/home/zhihuili/RM_prac/build/navigation_pkg': CMAKE_PREFIX_PATH=${CMAKE_PREFIX_PATH}:/home/zhihuili/RM_prac/install/turtlebot3_dqn:/opt/ros/humble /usr/bin/cmake --build /home/zhihuili/RM_prac/build/navigation_pkg -- -j14 -l14
[0.297s] DEBUG:colcon.colcon_core.event_handler.log_command:Invoking command in '/home/zhihuili/RM_prac/build/pure_pursuit_pkg': CMAKE_PREFIX_PATH=${CMAKE_PREFIX_PATH}:/home/zhihuili/RM_prac/install/turtlebot3_dqn:/opt/ros/humble /usr/bin/cmake --build /home/zhihuili/RM_prac/build/pure_pursuit_pkg -- -j14 -l14
[0.299s] DEBUG:colcon.colcon_core.event_handler.log_command:Invoking command in '/home/zhihuili/RM_prac/build/ros2_vfh': CMAKE_PREFIX_PATH=${CMAKE_PREFIX_PATH}:/home/zhihuili/RM_prac/install/turtlebot3_dqn:/opt/ros/humble /usr/bin/cmake --build /home/zhihuili/RM_prac/build/ros2_vfh -- -j14 -l14
[0.304s] DEBUG:colcon.colcon_core.event_handler.log_command:Invoking command in '/home/zhihuili/RM_prac/build/slam_pkg': CMAKE_PREFIX_PATH=${CMAKE_PREFIX_PATH}:/home/zhihuili/RM_prac/install/turtlebot3_dqn:/opt/ros/humble /usr/bin/cmake --build /home/zhihuili/RM_prac/build/slam_pkg -- -j14 -l14
[0.313s] DEBUG:colcon.colcon_core.event_handler.log_command:Invoking command in '/home/zhihuili/RM_prac/build/transformations_pkg': CMAKE_PREFIX_PATH=${CMAKE_PREFIX_PATH}:/home/zhihuili/RM_prac/install/turtlebot3_dqn:/opt/ros/humble /usr/bin/cmake --build /home/zhihuili/RM_prac/build/transformations_pkg -- -j14 -l14
[0.315s] DEBUG:colcon.colcon_core.event_handler.log_command:Invoking command in '/home/zhihuili/RM_prac/build/turtlebot3_coppeliasim': CMAKE_PREFIX_PATH=${CMAKE_PREFIX_PATH}:/home/zhihuili/RM_prac/install/turtlebot3_dqn:/opt/ros/humble /usr/bin/cmake --build /home/zhihuili/RM_prac/build/turtlebot3_coppeliasim -- -j14 -l14
[0.364s] DEBUG:colcon.colcon_core.event_handler.log_command:Invoking command in '/home/zhihuili/RM_prac/build/upv_maps_pkg': CMAKE_PREFIX_PATH=${CMAKE_PREFIX_PATH}:/home/zhihuili/RM_prac/install/turtlebot3_dqn:/opt/ros/humble /usr/bin/cmake --build /home/zhihuili/RM_prac/build/upv_maps_pkg -- -j14 -l14
[0.365s] DEBUG:colcon.colcon_core.event_handler.log_command:Invoked command in '/home/zhihuili/RM_prac/build/navigation_pkg' returned '0': CMAKE_PREFIX_PATH=${CMAKE_PREFIX_PATH}:/home/zhihuili/RM_prac/install/turtlebot3_dqn:/opt/ros/humble /usr/bin/cmake --build /home/zhihuili/RM_prac/build/navigation_pkg -- -j14 -l14
[0.377s] DEBUG:colcon.colcon_core.event_handler.log_command:Invoking command in '/home/zhihuili/RM_prac/build/navigation_pkg': CMAKE_PREFIX_PATH=${CMAKE_PREFIX_PATH}:/home/zhihuili/RM_prac/install/turtlebot3_dqn:/opt/ros/humble /usr/bin/cmake --install /home/zhihuili/RM_prac/build/navigation_pkg
[0.398s] DEBUG:colcon.colcon_core.event_handler.log_command:Invoked command in '/home/zhihuili/RM_prac/build/intro_ros_pkg' returned '0': CMAKE_PREFIX_PATH=${CMAKE_PREFIX_PATH}:/home/zhihuili/RM_prac/install/turtlebot3_dqn:/opt/ros/humble /usr/bin/cmake --build /home/zhihuili/RM_prac/build/intro_ros_pkg -- -j14 -l14
[0.398s] DEBUG:colcon.colcon_core.event_handler.log_command:Invoking command in '/home/zhihuili/RM_prac/build/intro_ros_pkg': CMAKE_PREFIX_PATH=${CMAKE_PREFIX_PATH}:/home/zhihuili/RM_prac/install/turtlebot3_dqn:/opt/ros/humble /usr/bin/cmake --install /home/zhihuili/RM_prac/build/intro_ros_pkg
[0.411s] Level 1:colcon.colcon_core.environment:create_environment_scripts_only(navigation_pkg)
[0.414s] Level 1:colcon.colcon_core.environment:checking '/home/zhihuili/RM_prac/install/navigation_pkg' for CMake module files
[0.414s] Level 1:colcon.colcon_core.environment:checking '/home/zhihuili/RM_prac/install/navigation_pkg' for CMake config files
[0.420s] DEBUG:colcon.colcon_core.event_handler.log_command:Invoked command in '/home/zhihuili/RM_prac/build/navigation_pkg' returned '0': CMAKE_PREFIX_PATH=${CMAKE_PREFIX_PATH}:/home/zhihuili/RM_prac/install/turtlebot3_dqn:/opt/ros/humble /usr/bin/cmake --install /home/zhihuili/RM_prac/build/navigation_pkg
[0.420s] Level 1:colcon.colcon_core.shell:create_environment_hook('navigation_pkg', 'cmake_prefix_path')
[0.421s] INFO:colcon.colcon_core.shell:Creating environment hook '/home/zhihuili/RM_prac/install/navigation_pkg/share/navigation_pkg/hook/cmake_prefix_path.ps1'
[0.424s] INFO:colcon.colcon_core.shell:Creating environment descriptor '/home/zhihuili/RM_prac/install/navigation_pkg/share/navigation_pkg/hook/cmake_prefix_path.dsv'
[0.424s] INFO:colcon.colcon_core.shell:Creating environment hook '/home/zhihuili/RM_prac/install/navigation_pkg/share/navigation_pkg/hook/cmake_prefix_path.sh'
[0.425s] Level 1:colcon.colcon_core.environment:checking '/home/zhihuili/RM_prac/install/navigation_pkg/bin'
[0.426s] Level 1:colcon.colcon_core.environment:checking '/home/zhihuili/RM_prac/install/navigation_pkg/lib/pkgconfig/navigation_pkg.pc'
[0.426s] Level 1:colcon.colcon_core.environment:checking '/home/zhihuili/RM_prac/install/navigation_pkg/lib/python3.10/site-packages'
[0.426s] Level 1:colcon.colcon_core.environment:checking '/home/zhihuili/RM_prac/install/navigation_pkg/bin'
[0.426s] INFO:colcon.colcon_core.shell:Creating package script '/home/zhihuili/RM_prac/install/navigation_pkg/share/navigation_pkg/package.ps1'
[0.428s] INFO:colcon.colcon_core.shell:Creating package descriptor '/home/zhihuili/RM_prac/install/navigation_pkg/share/navigation_pkg/package.dsv'
[0.429s] INFO:colcon.colcon_core.shell:Creating package script '/home/zhihuili/RM_prac/install/navigation_pkg/share/navigation_pkg/package.sh'
[0.429s] INFO:colcon.colcon_core.shell:Creating package script '/home/zhihuili/RM_prac/install/navigation_pkg/share/navigation_pkg/package.bash'
[0.430s] INFO:colcon.colcon_core.shell:Creating package script '/home/zhihuili/RM_prac/install/navigation_pkg/share/navigation_pkg/package.zsh'
[0.431s] Level 1:colcon.colcon_core.environment:create_file_with_runtime_dependencies(/home/zhihuili/RM_prac/install/navigation_pkg/share/colcon-core/packages/navigation_pkg)
[0.431s] Level 1:colcon.colcon_core.environment:create_environment_scripts_only(navigation_pkg)
[0.432s] Level 1:colcon.colcon_core.environment:checking '/home/zhihuili/RM_prac/install/navigation_pkg' for CMake module files
[0.432s] Level 1:colcon.colcon_core.environment:checking '/home/zhihuili/RM_prac/install/navigation_pkg' for CMake config files
[0.432s] Level 1:colcon.colcon_core.shell:create_environment_hook('navigation_pkg', 'cmake_prefix_path')
[0.433s] INFO:colcon.colcon_core.shell:Creating environment hook '/home/zhihuili/RM_prac/install/navigation_pkg/share/navigation_pkg/hook/cmake_prefix_path.ps1'
[0.433s] INFO:colcon.colcon_core.shell:Creating environment descriptor '/home/zhihuili/RM_prac/install/navigation_pkg/share/navigation_pkg/hook/cmake_prefix_path.dsv'
[0.433s] INFO:colcon.colcon_core.shell:Creating environment hook '/home/zhihuili/RM_prac/install/navigation_pkg/share/navigation_pkg/hook/cmake_prefix_path.sh'
[0.434s] Level 1:colcon.colcon_core.environment:checking '/home/zhihuili/RM_prac/install/navigation_pkg/bin'
[0.434s] Level 1:colcon.colcon_core.environment:checking '/home/zhihuili/RM_prac/install/navigation_pkg/lib/pkgconfig/navigation_pkg.pc'
[0.434s] Level 1:colcon.colcon_core.environment:checking '/home/zhihuili/RM_prac/install/navigation_pkg/lib/python3.10/site-packages'
[0.435s] Level 1:colcon.colcon_core.environment:checking '/home/zhihuili/RM_prac/install/navigation_pkg/bin'
[0.435s] INFO:colcon.colcon_core.shell:Creating package script '/home/zhihuili/RM_prac/install/navigation_pkg/share/navigation_pkg/package.ps1'
[0.436s] INFO:colcon.colcon_core.shell:Creating package descriptor '/home/zhihuili/RM_prac/install/navigation_pkg/share/navigation_pkg/package.dsv'
[0.436s] INFO:colcon.colcon_core.shell:Creating package script '/home/zhihuili/RM_prac/install/navigation_pkg/share/navigation_pkg/package.sh'
[0.437s] INFO:colcon.colcon_core.shell:Creating package script '/home/zhihuili/RM_prac/install/navigation_pkg/share/navigation_pkg/package.bash'
[0.437s] INFO:colcon.colcon_core.shell:Creating package script '/home/zhihuili/RM_prac/install/navigation_pkg/share/navigation_pkg/package.zsh'
[0.438s] Level 1:colcon.colcon_core.environment:create_file_with_runtime_dependencies(/home/zhihuili/RM_prac/install/navigation_pkg/share/colcon-core/packages/navigation_pkg)
[0.440s] DEBUG:colcon.colcon_core.event_handler.log_command:Invoked command in '/home/zhihuili/RM_prac/build/bringup_turtlebot3_pkg' returned '0': CMAKE_PREFIX_PATH=${CMAKE_PREFIX_PATH}:/home/zhihuili/RM_prac/install/turtlebot3_dqn:/opt/ros/humble /usr/bin/cmake --build /home/zhihuili/RM_prac/build/bringup_turtlebot3_pkg -- -j14 -l14
[0.450s] DEBUG:colcon.colcon_core.event_handler.log_command:Invoking command in '/home/zhihuili/RM_prac/build/bringup_turtlebot3_pkg': CMAKE_PREFIX_PATH=${CMAKE_PREFIX_PATH}:/home/zhihuili/RM_prac/install/turtlebot3_dqn:/opt/ros/humble /usr/bin/cmake --install /home/zhihuili/RM_prac/build/bringup_turtlebot3_pkg
[0.457s] DEBUG:colcon.colcon_core.event_handler.log_command:Invoked command in '/home/zhihuili/RM_prac/build/slam_pkg' returned '0': CMAKE_PREFIX_PATH=${CMAKE_PREFIX_PATH}:/home/zhihuili/RM_prac/install/turtlebot3_dqn:/opt/ros/humble /usr/bin/cmake --build /home/zhihuili/RM_prac/build/slam_pkg -- -j14 -l14
[0.458s] DEBUG:colcon.colcon_core.event_handler.log_command:Invoking command in '/home/zhihuili/RM_prac/build/slam_pkg': CMAKE_PREFIX_PATH=${CMAKE_PREFIX_PATH}:/home/zhihuili/RM_prac/install/turtlebot3_dqn:/opt/ros/humble /usr/bin/cmake --install /home/zhihuili/RM_prac/build/slam_pkg
[0.498s] DEBUG:colcon.colcon_core.event_handler.log_command:Invoked command in '/home/zhihuili/RM_prac/build/turtlebot3_coppeliasim' returned '0': CMAKE_PREFIX_PATH=${CMAKE_PREFIX_PATH}:/home/zhihuili/RM_prac/install/turtlebot3_dqn:/opt/ros/humble /usr/bin/cmake --build /home/zhihuili/RM_prac/build/turtlebot3_coppeliasim -- -j14 -l14
[0.498s] DEBUG:colcon.colcon_core.event_handler.log_command:Invoking command in '/home/zhihuili/RM_prac/build/turtlebot3_coppeliasim': CMAKE_PREFIX_PATH=${CMAKE_PREFIX_PATH}:/home/zhihuili/RM_prac/install/turtlebot3_dqn:/opt/ros/humble /usr/bin/cmake --install /home/zhihuili/RM_prac/build/turtlebot3_coppeliasim
[0.507s] Level 1:colcon.colcon_core.environment:create_environment_scripts_only(slam_pkg)
[0.507s] Level 1:colcon.colcon_core.environment:checking '/home/zhihuili/RM_prac/install/slam_pkg' for CMake module files
[0.515s] DEBUG:colcon.colcon_core.event_handler.log_command:Invoked command in '/home/zhihuili/RM_prac/build/slam_pkg' returned '0': CMAKE_PREFIX_PATH=${CMAKE_PREFIX_PATH}:/home/zhihuili/RM_prac/install/turtlebot3_dqn:/opt/ros/humble /usr/bin/cmake --install /home/zhihuili/RM_prac/build/slam_pkg
[0.516s] Level 1:colcon.colcon_core.environment:checking '/home/zhihuili/RM_prac/install/slam_pkg' for CMake config files
[0.516s] Level 1:colcon.colcon_core.shell:create_environment_hook('slam_pkg', 'cmake_prefix_path')
[0.516s] INFO:colcon.colcon_core.shell:Creating environment hook '/home/zhihuili/RM_prac/install/slam_pkg/share/slam_pkg/hook/cmake_prefix_path.ps1'
[0.517s] INFO:colcon.colcon_core.shell:Creating environment descriptor '/home/zhihuili/RM_prac/install/slam_pkg/share/slam_pkg/hook/cmake_prefix_path.dsv'
[0.517s] INFO:colcon.colcon_core.shell:Creating environment hook '/home/zhihuili/RM_prac/install/slam_pkg/share/slam_pkg/hook/cmake_prefix_path.sh'
[0.517s] Level 1:colcon.colcon_core.environment:checking '/home/zhihuili/RM_prac/install/slam_pkg/lib'
[0.518s] Level 1:colcon.colcon_core.environment:checking '/home/zhihuili/RM_prac/install/slam_pkg/bin'
[0.518s] Level 1:colcon.colcon_core.environment:checking '/home/zhihuili/RM_prac/install/slam_pkg/lib/pkgconfig/slam_pkg.pc'
[0.518s] Level 1:colcon.colcon_core.environment:checking '/home/zhihuili/RM_prac/install/slam_pkg/lib/python3.10/site-packages'
[0.518s] Level 1:colcon.colcon_core.environment:checking '/home/zhihuili/RM_prac/install/slam_pkg/bin'
[0.520s] INFO:colcon.colcon_core.shell:Creating package script '/home/zhihuili/RM_prac/install/slam_pkg/share/slam_pkg/package.ps1'
[0.520s] INFO:colcon.colcon_core.shell:Creating package descriptor '/home/zhihuili/RM_prac/install/slam_pkg/share/slam_pkg/package.dsv'
[0.520s] INFO:colcon.colcon_core.shell:Creating package script '/home/zhihuili/RM_prac/install/slam_pkg/share/slam_pkg/package.sh'
[0.521s] INFO:colcon.colcon_core.shell:Creating package script '/home/zhihuili/RM_prac/install/slam_pkg/share/slam_pkg/package.bash'
[0.521s] INFO:colcon.colcon_core.shell:Creating package script '/home/zhihuili/RM_prac/install/slam_pkg/share/slam_pkg/package.zsh'
[0.521s] Level 1:colcon.colcon_core.environment:create_file_with_runtime_dependencies(/home/zhihuili/RM_prac/install/slam_pkg/share/colcon-core/packages/slam_pkg)
[0.522s] Level 1:colcon.colcon_core.environment:create_environment_scripts_only(slam_pkg)
[0.522s] Level 1:colcon.colcon_core.environment:checking '/home/zhihuili/RM_prac/install/slam_pkg' for CMake module files
[0.525s] Level 1:colcon.colcon_core.environment:checking '/home/zhihuili/RM_prac/install/slam_pkg' for CMake config files
[0.525s] Level 1:colcon.colcon_core.shell:create_environment_hook('slam_pkg', 'cmake_prefix_path')
[0.525s] INFO:colcon.colcon_core.shell:Creating environment hook '/home/zhihuili/RM_prac/install/slam_pkg/share/slam_pkg/hook/cmake_prefix_path.ps1'
[0.527s] INFO:colcon.colcon_core.shell:Creating environment descriptor '/home/zhihuili/RM_prac/install/slam_pkg/share/slam_pkg/hook/cmake_prefix_path.dsv'
[0.527s] INFO:colcon.colcon_core.shell:Creating environment hook '/home/zhihuili/RM_prac/install/slam_pkg/share/slam_pkg/hook/cmake_prefix_path.sh'
[0.528s] Level 1:colcon.colcon_core.environment:checking '/home/zhihuili/RM_prac/install/slam_pkg/lib'
[0.528s] Level 1:colcon.colcon_core.environment:checking '/home/zhihuili/RM_prac/install/slam_pkg/bin'
[0.528s] Level 1:colcon.colcon_core.environment:checking '/home/zhihuili/RM_prac/install/slam_pkg/lib/pkgconfig/slam_pkg.pc'
[0.528s] Level 1:colcon.colcon_core.environment:checking '/home/zhihuili/RM_prac/install/slam_pkg/lib/python3.10/site-packages'
[0.528s] Level 1:colcon.colcon_core.environment:checking '/home/zhihuili/RM_prac/install/slam_pkg/bin'
[0.529s] INFO:colcon.colcon_core.shell:Creating package script '/home/zhihuili/RM_prac/install/slam_pkg/share/slam_pkg/package.ps1'
[0.529s] INFO:colcon.colcon_core.shell:Creating package descriptor '/home/zhihuili/RM_prac/install/slam_pkg/share/slam_pkg/package.dsv'
[0.530s] INFO:colcon.colcon_core.shell:Creating package script '/home/zhihuili/RM_prac/install/slam_pkg/share/slam_pkg/package.sh'
[0.530s] INFO:colcon.colcon_core.shell:Creating package script '/home/zhihuili/RM_prac/install/slam_pkg/share/slam_pkg/package.bash'
[0.530s] INFO:colcon.colcon_core.shell:Creating package script '/home/zhihuili/RM_prac/install/slam_pkg/share/slam_pkg/package.zsh'
[0.532s] Level 1:colcon.colcon_core.environment:create_file_with_runtime_dependencies(/home/zhihuili/RM_prac/install/slam_pkg/share/colcon-core/packages/slam_pkg)
[0.536s] DEBUG:colcon.colcon_core.event_handler.log_command:Invoked command in '/home/zhihuili/RM_prac/build/transformations_pkg' returned '0': CMAKE_PREFIX_PATH=${CMAKE_PREFIX_PATH}:/home/zhihuili/RM_prac/install/turtlebot3_dqn:/opt/ros/humble /usr/bin/cmake --build /home/zhihuili/RM_prac/build/transformations_pkg -- -j14 -l14
[0.536s] DEBUG:colcon.colcon_core.event_handler.log_command:Invoking command in '/home/zhihuili/RM_prac/build/transformations_pkg': CMAKE_PREFIX_PATH=${CMAKE_PREFIX_PATH}:/home/zhihuili/RM_prac/install/turtlebot3_dqn:/opt/ros/humble /usr/bin/cmake --install /home/zhihuili/RM_prac/build/transformations_pkg
[0.547s] DEBUG:colcon.colcon_core.event_handler.log_command:Invoked command in '/home/zhihuili/RM_prac/build/upv_maps_pkg' returned '0': CMAKE_PREFIX_PATH=${CMAKE_PREFIX_PATH}:/home/zhihuili/RM_prac/install/turtlebot3_dqn:/opt/ros/humble /usr/bin/cmake --build /home/zhihuili/RM_prac/build/upv_maps_pkg -- -j14 -l14
[0.548s] DEBUG:colcon.colcon_core.event_handler.log_command:Invoking command in '/home/zhihuili/RM_prac/build/upv_maps_pkg': CMAKE_PREFIX_PATH=${CMAKE_PREFIX_PATH}:/home/zhihuili/RM_prac/install/turtlebot3_dqn:/opt/ros/humble /usr/bin/cmake --install /home/zhihuili/RM_prac/build/upv_maps_pkg
[0.554s] Level 1:colcon.colcon_core.environment:create_environment_scripts_only(intro_ros_pkg)
[0.555s] Level 1:colcon.colcon_core.environment:checking '/home/zhihuili/RM_prac/install/intro_ros_pkg' for CMake module files
[0.555s] Level 1:colcon.colcon_core.environment:checking '/home/zhihuili/RM_prac/install/intro_ros_pkg' for CMake config files
[0.556s] Level 1:colcon.colcon_core.shell:create_environment_hook('intro_ros_pkg', 'cmake_prefix_path')
[0.556s] INFO:colcon.colcon_core.shell:Creating environment hook '/home/zhihuili/RM_prac/install/intro_ros_pkg/share/intro_ros_pkg/hook/cmake_prefix_path.ps1'
[0.557s] INFO:colcon.colcon_core.shell:Creating environment descriptor '/home/zhihuili/RM_prac/install/intro_ros_pkg/share/intro_ros_pkg/hook/cmake_prefix_path.dsv'
[0.557s] INFO:colcon.colcon_core.shell:Creating environment hook '/home/zhihuili/RM_prac/install/intro_ros_pkg/share/intro_ros_pkg/hook/cmake_prefix_path.sh'
[0.562s] DEBUG:colcon.colcon_core.event_handler.log_command:Invoked command in '/home/zhihuili/RM_prac/build/intro_ros_pkg' returned '0': CMAKE_PREFIX_PATH=${CMAKE_PREFIX_PATH}:/home/zhihuili/RM_prac/install/turtlebot3_dqn:/opt/ros/humble /usr/bin/cmake --install /home/zhihuili/RM_prac/build/intro_ros_pkg
[0.563s] Level 1:colcon.colcon_core.environment:checking '/home/zhihuili/RM_prac/install/intro_ros_pkg/lib'
[0.563s] Level 1:colcon.colcon_core.environment:checking '/home/zhihuili/RM_prac/install/intro_ros_pkg/bin'
[0.563s] Level 1:colcon.colcon_core.environment:checking '/home/zhihuili/RM_prac/install/intro_ros_pkg/lib/pkgconfig/intro_ros_pkg.pc'
[0.563s] Level 1:colcon.colcon_core.environment:checking '/home/zhihuili/RM_prac/install/intro_ros_pkg/lib/python3.10/site-packages'
[0.563s] Level 1:colcon.colcon_core.environment:checking '/home/zhihuili/RM_prac/install/intro_ros_pkg/bin'
[0.564s] INFO:colcon.colcon_core.shell:Creating package script '/home/zhihuili/RM_prac/install/intro_ros_pkg/share/intro_ros_pkg/package.ps1'
[0.566s] INFO:colcon.colcon_core.shell:Creating package descriptor '/home/zhihuili/RM_prac/install/intro_ros_pkg/share/intro_ros_pkg/package.dsv'
[0.567s] INFO:colcon.colcon_core.shell:Creating package script '/home/zhihuili/RM_prac/install/intro_ros_pkg/share/intro_ros_pkg/package.sh'
[0.568s] INFO:colcon.colcon_core.shell:Creating package script '/home/zhihuili/RM_prac/install/intro_ros_pkg/share/intro_ros_pkg/package.bash'
[0.569s] INFO:colcon.colcon_core.shell:Creating package script '/home/zhihuili/RM_prac/install/intro_ros_pkg/share/intro_ros_pkg/package.zsh'
[0.570s] Level 1:colcon.colcon_core.environment:create_file_with_runtime_dependencies(/home/zhihuili/RM_prac/install/intro_ros_pkg/share/colcon-core/packages/intro_ros_pkg)
[0.571s] Level 1:colcon.colcon_core.environment:create_environment_scripts_only(intro_ros_pkg)
[0.571s] Level 1:colcon.colcon_core.environment:checking '/home/zhihuili/RM_prac/install/intro_ros_pkg' for CMake module files
[0.571s] Level 1:colcon.colcon_core.environment:checking '/home/zhihuili/RM_prac/install/intro_ros_pkg' for CMake config files
[0.572s] Level 1:colcon.colcon_core.shell:create_environment_hook('intro_ros_pkg', 'cmake_prefix_path')
[0.572s] INFO:colcon.colcon_core.shell:Creating environment hook '/home/zhihuili/RM_prac/install/intro_ros_pkg/share/intro_ros_pkg/hook/cmake_prefix_path.ps1'
[0.574s] INFO:colcon.colcon_core.shell:Creating environment descriptor '/home/zhihuili/RM_prac/install/intro_ros_pkg/share/intro_ros_pkg/hook/cmake_prefix_path.dsv'
[0.574s] INFO:colcon.colcon_core.shell:Creating environment hook '/home/zhihuili/RM_prac/install/intro_ros_pkg/share/intro_ros_pkg/hook/cmake_prefix_path.sh'
[0.575s] Level 1:colcon.colcon_core.environment:checking '/home/zhihuili/RM_prac/install/intro_ros_pkg/lib'
[0.575s] Level 1:colcon.colcon_core.environment:checking '/home/zhihuili/RM_prac/install/intro_ros_pkg/bin'
[0.575s] Level 1:colcon.colcon_core.environment:checking '/home/zhihuili/RM_prac/install/intro_ros_pkg/lib/pkgconfig/intro_ros_pkg.pc'
[0.575s] Level 1:colcon.colcon_core.environment:checking '/home/zhihuili/RM_prac/install/intro_ros_pkg/lib/python3.10/site-packages'
[0.576s] Level 1:colcon.colcon_core.environment:checking '/home/zhihuili/RM_prac/install/intro_ros_pkg/bin'
[0.576s] INFO:colcon.colcon_core.shell:Creating package script '/home/zhihuili/RM_prac/install/intro_ros_pkg/share/intro_ros_pkg/package.ps1'
[0.577s] INFO:colcon.colcon_core.shell:Creating package descriptor '/home/zhihuili/RM_prac/install/intro_ros_pkg/share/intro_ros_pkg/package.dsv'
[0.577s] INFO:colcon.colcon_core.shell:Creating package script '/home/zhihuili/RM_prac/install/intro_ros_pkg/share/intro_ros_pkg/package.sh'
[0.578s] INFO:colcon.colcon_core.shell:Creating package script '/home/zhihuili/RM_prac/install/intro_ros_pkg/share/intro_ros_pkg/package.bash'
[0.578s] INFO:colcon.colcon_core.shell:Creating package script '/home/zhihuili/RM_prac/install/intro_ros_pkg/share/intro_ros_pkg/package.zsh'
[0.578s] Level 1:colcon.colcon_core.environment:create_file_with_runtime_dependencies(/home/zhihuili/RM_prac/install/intro_ros_pkg/share/colcon-core/packages/intro_ros_pkg)
[0.584s] DEBUG:colcon.colcon_core.event_handler.log_command:Invoked command in '/home/zhihuili/RM_prac/build/ros2_vfh' returned '0': CMAKE_PREFIX_PATH=${CMAKE_PREFIX_PATH}:/home/zhihuili/RM_prac/install/turtlebot3_dqn:/opt/ros/humble /usr/bin/cmake --build /home/zhihuili/RM_prac/build/ros2_vfh -- -j14 -l14
[0.585s] DEBUG:colcon.colcon_core.event_handler.log_command:Invoking command in '/home/zhihuili/RM_prac/build/ros2_vfh': CMAKE_PREFIX_PATH=${CMAKE_PREFIX_PATH}:/home/zhihuili/RM_prac/install/turtlebot3_dqn:/opt/ros/humble /usr/bin/cmake --install /home/zhihuili/RM_prac/build/ros2_vfh
[0.592s] Level 1:colcon.colcon_core.environment:create_environment_scripts_only(bringup_turtlebot3_pkg)
[0.593s] Level 1:colcon.colcon_core.environment:checking '/home/zhihuili/RM_prac/install/bringup_turtlebot3_pkg' for CMake module files
[0.594s] Level 1:colcon.colcon_core.environment:checking '/home/zhihuili/RM_prac/install/bringup_turtlebot3_pkg' for CMake config files
[0.594s] Level 1:colcon.colcon_core.shell:create_environment_hook('bringup_turtlebot3_pkg', 'cmake_prefix_path')
[0.594s] INFO:colcon.colcon_core.shell:Creating environment hook '/home/zhihuili/RM_prac/install/bringup_turtlebot3_pkg/share/bringup_turtlebot3_pkg/hook/cmake_prefix_path.ps1'
[0.593s] DEBUG:colcon.colcon_core.event_handler.log_command:Invoked command in '/home/zhihuili/RM_prac/build/bringup_turtlebot3_pkg' returned '0': CMAKE_PREFIX_PATH=${CMAKE_PREFIX_PATH}:/home/zhihuili/RM_prac/install/turtlebot3_dqn:/opt/ros/humble /usr/bin/cmake --install /home/zhihuili/RM_prac/build/bringup_turtlebot3_pkg
[0.599s] INFO:colcon.colcon_core.shell:Creating environment descriptor '/home/zhihuili/RM_prac/install/bringup_turtlebot3_pkg/share/bringup_turtlebot3_pkg/hook/cmake_prefix_path.dsv'
[0.600s] INFO:colcon.colcon_core.shell:Creating environment hook '/home/zhihuili/RM_prac/install/bringup_turtlebot3_pkg/share/bringup_turtlebot3_pkg/hook/cmake_prefix_path.sh'
[0.600s] Level 1:colcon.colcon_core.environment:checking '/home/zhihuili/RM_prac/install/bringup_turtlebot3_pkg/lib'
[0.601s] Level 1:colcon.colcon_core.environment:checking '/home/zhihuili/RM_prac/install/bringup_turtlebot3_pkg/bin'
[0.601s] Level 1:colcon.colcon_core.environment:checking '/home/zhihuili/RM_prac/install/bringup_turtlebot3_pkg/lib/pkgconfig/bringup_turtlebot3_pkg.pc'
[0.601s] Level 1:colcon.colcon_core.environment:checking '/home/zhihuili/RM_prac/install/bringup_turtlebot3_pkg/lib/python3.10/site-packages'
[0.601s] Level 1:colcon.colcon_core.environment:checking '/home/zhihuili/RM_prac/install/bringup_turtlebot3_pkg/bin'
[0.601s] INFO:colcon.colcon_core.shell:Creating package script '/home/zhihuili/RM_prac/install/bringup_turtlebot3_pkg/share/bringup_turtlebot3_pkg/package.ps1'
[0.602s] INFO:colcon.colcon_core.shell:Creating package descriptor '/home/zhihuili/RM_prac/install/bringup_turtlebot3_pkg/share/bringup_turtlebot3_pkg/package.dsv'
[0.602s] INFO:colcon.colcon_core.shell:Creating package script '/home/zhihuili/RM_prac/install/bringup_turtlebot3_pkg/share/bringup_turtlebot3_pkg/package.sh'
[0.603s] INFO:colcon.colcon_core.shell:Creating package script '/home/zhihuili/RM_prac/install/bringup_turtlebot3_pkg/share/bringup_turtlebot3_pkg/package.bash'
[0.603s] INFO:colcon.colcon_core.shell:Creating package script '/home/zhihuili/RM_prac/install/bringup_turtlebot3_pkg/share/bringup_turtlebot3_pkg/package.zsh'
[0.603s] Level 1:colcon.colcon_core.environment:create_file_with_runtime_dependencies(/home/zhihuili/RM_prac/install/bringup_turtlebot3_pkg/share/colcon-core/packages/bringup_turtlebot3_pkg)
[0.607s] Level 1:colcon.colcon_core.environment:create_environment_scripts_only(bringup_turtlebot3_pkg)
[0.607s] Level 1:colcon.colcon_core.environment:checking '/home/zhihuili/RM_prac/install/bringup_turtlebot3_pkg' for CMake module files
[0.608s] Level 1:colcon.colcon_core.environment:checking '/home/zhihuili/RM_prac/install/bringup_turtlebot3_pkg' for CMake config files
[0.608s] Level 1:colcon.colcon_core.shell:create_environment_hook('bringup_turtlebot3_pkg', 'cmake_prefix_path')
[0.608s] INFO:colcon.colcon_core.shell:Creating environment hook '/home/zhihuili/RM_prac/install/bringup_turtlebot3_pkg/share/bringup_turtlebot3_pkg/hook/cmake_prefix_path.ps1'
[0.612s] INFO:colcon.colcon_core.shell:Creating environment descriptor '/home/zhihuili/RM_prac/install/bringup_turtlebot3_pkg/share/bringup_turtlebot3_pkg/hook/cmake_prefix_path.dsv'
[0.612s] INFO:colcon.colcon_core.shell:Creating environment hook '/home/zhihuili/RM_prac/install/bringup_turtlebot3_pkg/share/bringup_turtlebot3_pkg/hook/cmake_prefix_path.sh'
[0.612s] Level 1:colcon.colcon_core.environment:checking '/home/zhihuili/RM_prac/install/bringup_turtlebot3_pkg/lib'
[0.612s] Level 1:colcon.colcon_core.environment:checking '/home/zhihuili/RM_prac/install/bringup_turtlebot3_pkg/bin'
[0.612s] Level 1:colcon.colcon_core.environment:checking '/home/zhihuili/RM_prac/install/bringup_turtlebot3_pkg/lib/pkgconfig/bringup_turtlebot3_pkg.pc'
[0.613s] Level 1:colcon.colcon_core.environment:checking '/home/zhihuili/RM_prac/install/bringup_turtlebot3_pkg/lib/python3.10/site-packages'
[0.613s] Level 1:colcon.colcon_core.environment:checking '/home/zhihuili/RM_prac/install/bringup_turtlebot3_pkg/bin'
[0.613s] INFO:colcon.colcon_core.shell:Creating package script '/home/zhihuili/RM_prac/install/bringup_turtlebot3_pkg/share/bringup_turtlebot3_pkg/package.ps1'
[0.615s] INFO:colcon.colcon_core.shell:Creating package descriptor '/home/zhihuili/RM_prac/install/bringup_turtlebot3_pkg/share/bringup_turtlebot3_pkg/package.dsv'
[0.616s] INFO:colcon.colcon_core.shell:Creating package script '/home/zhihuili/RM_prac/install/bringup_turtlebot3_pkg/share/bringup_turtlebot3_pkg/package.sh'
[0.616s] INFO:colcon.colcon_core.shell:Creating package script '/home/zhihuili/RM_prac/install/bringup_turtlebot3_pkg/share/bringup_turtlebot3_pkg/package.bash'
[0.616s] INFO:colcon.colcon_core.shell:Creating package script '/home/zhihuili/RM_prac/install/bringup_turtlebot3_pkg/share/bringup_turtlebot3_pkg/package.zsh'
[0.617s] Level 1:colcon.colcon_core.environment:create_file_with_runtime_dependencies(/home/zhihuili/RM_prac/install/bringup_turtlebot3_pkg/share/colcon-core/packages/bringup_turtlebot3_pkg)
[0.621s] Level 1:colcon.colcon_core.environment:create_environment_scripts_only(turtlebot3_coppeliasim)
[0.621s] DEBUG:colcon.colcon_core.event_handler.log_command:Invoked command in '/home/zhihuili/RM_prac/build/turtlebot3_coppeliasim' returned '0': CMAKE_PREFIX_PATH=${CMAKE_PREFIX_PATH}:/home/zhihuili/RM_prac/install/turtlebot3_dqn:/opt/ros/humble /usr/bin/cmake --install /home/zhihuili/RM_prac/build/turtlebot3_coppeliasim
[0.622s] Level 1:colcon.colcon_core.environment:checking '/home/zhihuili/RM_prac/install/turtlebot3_coppeliasim' for CMake module files
[0.622s] Level 1:colcon.colcon_core.environment:checking '/home/zhihuili/RM_prac/install/turtlebot3_coppeliasim' for CMake config files
[0.623s] Level 1:colcon.colcon_core.shell:create_environment_hook('turtlebot3_coppeliasim', 'cmake_prefix_path')
[0.623s] INFO:colcon.colcon_core.shell:Creating environment hook '/home/zhihuili/RM_prac/install/turtlebot3_coppeliasim/share/turtlebot3_coppeliasim/hook/cmake_prefix_path.ps1'
[0.628s] INFO:colcon.colcon_core.shell:Creating environment descriptor '/home/zhihuili/RM_prac/install/turtlebot3_coppeliasim/share/turtlebot3_coppeliasim/hook/cmake_prefix_path.dsv'
[0.629s] INFO:colcon.colcon_core.shell:Creating environment hook '/home/zhihuili/RM_prac/install/turtlebot3_coppeliasim/share/turtlebot3_coppeliasim/hook/cmake_prefix_path.sh'
[0.629s] Level 1:colcon.colcon_core.environment:checking '/home/zhihuili/RM_prac/install/turtlebot3_coppeliasim/bin'
[0.629s] Level 1:colcon.colcon_core.environment:checking '/home/zhihuili/RM_prac/install/turtlebot3_coppeliasim/lib/pkgconfig/turtlebot3_coppeliasim.pc'
[0.630s] Level 1:colcon.colcon_core.environment:checking '/home/zhihuili/RM_prac/install/turtlebot3_coppeliasim/lib/python3.10/site-packages'
[0.630s] Level 1:colcon.colcon_core.environment:checking '/home/zhihuili/RM_prac/install/turtlebot3_coppeliasim/bin'
[0.630s] INFO:colcon.colcon_core.shell:Creating package script '/home/zhihuili/RM_prac/install/turtlebot3_coppeliasim/share/turtlebot3_coppeliasim/package.ps1'
[0.632s] INFO:colcon.colcon_core.shell:Creating package descriptor '/home/zhihuili/RM_prac/install/turtlebot3_coppeliasim/share/turtlebot3_coppeliasim/package.dsv'
[0.632s] INFO:colcon.colcon_core.shell:Creating package script '/home/zhihuili/RM_prac/install/turtlebot3_coppeliasim/share/turtlebot3_coppeliasim/package.sh'
[0.632s] INFO:colcon.colcon_core.shell:Creating package script '/home/zhihuili/RM_prac/install/turtlebot3_coppeliasim/share/turtlebot3_coppeliasim/package.bash'
[0.633s] INFO:colcon.colcon_core.shell:Creating package script '/home/zhihuili/RM_prac/install/turtlebot3_coppeliasim/share/turtlebot3_coppeliasim/package.zsh'
[0.633s] Level 1:colcon.colcon_core.environment:create_file_with_runtime_dependencies(/home/zhihuili/RM_prac/install/turtlebot3_coppeliasim/share/colcon-core/packages/turtlebot3_coppeliasim)
[0.633s] Level 1:colcon.colcon_core.environment:create_environment_scripts_only(turtlebot3_coppeliasim)
[0.633s] Level 1:colcon.colcon_core.environment:checking '/home/zhihuili/RM_prac/install/turtlebot3_coppeliasim' for CMake module files
[0.634s] Level 1:colcon.colcon_core.environment:checking '/home/zhihuili/RM_prac/install/turtlebot3_coppeliasim' for CMake config files
[0.634s] Level 1:colcon.colcon_core.shell:create_environment_hook('turtlebot3_coppeliasim', 'cmake_prefix_path')
[0.634s] INFO:colcon.colcon_core.shell:Creating environment hook '/home/zhihuili/RM_prac/install/turtlebot3_coppeliasim/share/turtlebot3_coppeliasim/hook/cmake_prefix_path.ps1'
[0.635s] INFO:colcon.colcon_core.shell:Creating environment descriptor '/home/zhihuili/RM_prac/install/turtlebot3_coppeliasim/share/turtlebot3_coppeliasim/hook/cmake_prefix_path.dsv'
[0.635s] INFO:colcon.colcon_core.shell:Creating environment hook '/home/zhihuili/RM_prac/install/turtlebot3_coppeliasim/share/turtlebot3_coppeliasim/hook/cmake_prefix_path.sh'
[0.635s] Level 1:colcon.colcon_core.environment:checking '/home/zhihuili/RM_prac/install/turtlebot3_coppeliasim/bin'
[0.635s] Level 1:colcon.colcon_core.environment:checking '/home/zhihuili/RM_prac/install/turtlebot3_coppeliasim/lib/pkgconfig/turtlebot3_coppeliasim.pc'
[0.635s] Level 1:colcon.colcon_core.environment:checking '/home/zhihuili/RM_prac/install/turtlebot3_coppeliasim/lib/python3.10/site-packages'
[0.636s] Level 1:colcon.colcon_core.environment:checking '/home/zhihuili/RM_prac/install/turtlebot3_coppeliasim/bin'
[0.636s] INFO:colcon.colcon_core.shell:Creating package script '/home/zhihuili/RM_prac/install/turtlebot3_coppeliasim/share/turtlebot3_coppeliasim/package.ps1'
[0.636s] INFO:colcon.colcon_core.shell:Creating package descriptor '/home/zhihuili/RM_prac/install/turtlebot3_coppeliasim/share/turtlebot3_coppeliasim/package.dsv'
[0.637s] INFO:colcon.colcon_core.shell:Creating package script '/home/zhihuili/RM_prac/install/turtlebot3_coppeliasim/share/turtlebot3_coppeliasim/package.sh'
[0.637s] INFO:colcon.colcon_core.shell:Creating package script '/home/zhihuili/RM_prac/install/turtlebot3_coppeliasim/share/turtlebot3_coppeliasim/package.bash'
[0.638s] INFO:colcon.colcon_core.shell:Creating package script '/home/zhihuili/RM_prac/install/turtlebot3_coppeliasim/share/turtlebot3_coppeliasim/package.zsh'
[0.638s] Level 1:colcon.colcon_core.environment:create_file_with_runtime_dependencies(/home/zhihuili/RM_prac/install/turtlebot3_coppeliasim/share/colcon-core/packages/turtlebot3_coppeliasim)
[0.639s] Level 1:colcon.colcon_core.environment:create_environment_scripts_only(upv_maps_pkg)
[0.640s] Level 1:colcon.colcon_core.environment:checking '/home/zhihuili/RM_prac/install/upv_maps_pkg' for CMake module files
[0.640s] DEBUG:colcon.colcon_core.event_handler.log_command:Invoked command in '/home/zhihuili/RM_prac/build/upv_maps_pkg' returned '0': CMAKE_PREFIX_PATH=${CMAKE_PREFIX_PATH}:/home/zhihuili/RM_prac/install/turtlebot3_dqn:/opt/ros/humble /usr/bin/cmake --install /home/zhihuili/RM_prac/build/upv_maps_pkg
[0.640s] Level 1:colcon.colcon_core.environment:checking '/home/zhihuili/RM_prac/install/upv_maps_pkg' for CMake config files
[0.641s] Level 1:colcon.colcon_core.shell:create_environment_hook('upv_maps_pkg', 'cmake_prefix_path')
[0.641s] INFO:colcon.colcon_core.shell:Creating environment hook '/home/zhihuili/RM_prac/install/upv_maps_pkg/share/upv_maps_pkg/hook/cmake_prefix_path.ps1'
[0.642s] INFO:colcon.colcon_core.shell:Creating environment descriptor '/home/zhihuili/RM_prac/install/upv_maps_pkg/share/upv_maps_pkg/hook/cmake_prefix_path.dsv'
[0.642s] INFO:colcon.colcon_core.shell:Creating environment hook '/home/zhihuili/RM_prac/install/upv_maps_pkg/share/upv_maps_pkg/hook/cmake_prefix_path.sh'
[0.642s] Level 1:colcon.colcon_core.environment:checking '/home/zhihuili/RM_prac/install/upv_maps_pkg/bin'
[0.643s] Level 1:colcon.colcon_core.environment:checking '/home/zhihuili/RM_prac/install/upv_maps_pkg/lib/pkgconfig/upv_maps_pkg.pc'
[0.643s] Level 1:colcon.colcon_core.environment:checking '/home/zhihuili/RM_prac/install/upv_maps_pkg/lib/python3.10/site-packages'
[0.643s] Level 1:colcon.colcon_core.environment:checking '/home/zhihuili/RM_prac/install/upv_maps_pkg/bin'
[0.643s] INFO:colcon.colcon_core.shell:Creating package script '/home/zhihuili/RM_prac/install/upv_maps_pkg/share/upv_maps_pkg/package.ps1'
[0.644s] INFO:colcon.colcon_core.shell:Creating package descriptor '/home/zhihuili/RM_prac/install/upv_maps_pkg/share/upv_maps_pkg/package.dsv'
[0.644s] INFO:colcon.colcon_core.shell:Creating package script '/home/zhihuili/RM_prac/install/upv_maps_pkg/share/upv_maps_pkg/package.sh'
[0.644s] INFO:colcon.colcon_core.shell:Creating package script '/home/zhihuili/RM_prac/install/upv_maps_pkg/share/upv_maps_pkg/package.bash'
[0.646s] INFO:colcon.colcon_core.shell:Creating package script '/home/zhihuili/RM_prac/install/upv_maps_pkg/share/upv_maps_pkg/package.zsh'
[0.646s] Level 1:colcon.colcon_core.environment:create_file_with_runtime_dependencies(/home/zhihuili/RM_prac/install/upv_maps_pkg/share/colcon-core/packages/upv_maps_pkg)
[0.647s] Level 1:colcon.colcon_core.environment:create_environment_scripts_only(upv_maps_pkg)
[0.647s] Level 1:colcon.colcon_core.environment:checking '/home/zhihuili/RM_prac/install/upv_maps_pkg' for CMake module files
[0.647s] Level 1:colcon.colcon_core.environment:checking '/home/zhihuili/RM_prac/install/upv_maps_pkg' for CMake config files
[0.648s] Level 1:colcon.colcon_core.shell:create_environment_hook('upv_maps_pkg', 'cmake_prefix_path')
[0.648s] INFO:colcon.colcon_core.shell:Creating environment hook '/home/zhihuili/RM_prac/install/upv_maps_pkg/share/upv_maps_pkg/hook/cmake_prefix_path.ps1'
[0.648s] INFO:colcon.colcon_core.shell:Creating environment descriptor '/home/zhihuili/RM_prac/install/upv_maps_pkg/share/upv_maps_pkg/hook/cmake_prefix_path.dsv'
[0.650s] INFO:colcon.colcon_core.shell:Creating environment hook '/home/zhihuili/RM_prac/install/upv_maps_pkg/share/upv_maps_pkg/hook/cmake_prefix_path.sh'
[0.651s] Level 1:colcon.colcon_core.environment:checking '/home/zhihuili/RM_prac/install/upv_maps_pkg/bin'
[0.651s] Level 1:colcon.colcon_core.environment:checking '/home/zhihuili/RM_prac/install/upv_maps_pkg/lib/pkgconfig/upv_maps_pkg.pc'
[0.651s] Level 1:colcon.colcon_core.environment:checking '/home/zhihuili/RM_prac/install/upv_maps_pkg/lib/python3.10/site-packages'
[0.652s] Level 1:colcon.colcon_core.environment:checking '/home/zhihuili/RM_prac/install/upv_maps_pkg/bin'
[0.652s] INFO:colcon.colcon_core.shell:Creating package script '/home/zhihuili/RM_prac/install/upv_maps_pkg/share/upv_maps_pkg/package.ps1'
[0.653s] INFO:colcon.colcon_core.shell:Creating package descriptor '/home/zhihuili/RM_prac/install/upv_maps_pkg/share/upv_maps_pkg/package.dsv'
[0.653s] INFO:colcon.colcon_core.shell:Creating package script '/home/zhihuili/RM_prac/install/upv_maps_pkg/share/upv_maps_pkg/package.sh'
[0.653s] INFO:colcon.colcon_core.shell:Creating package script '/home/zhihuili/RM_prac/install/upv_maps_pkg/share/upv_maps_pkg/package.bash'
[0.654s] INFO:colcon.colcon_core.shell:Creating package script '/home/zhihuili/RM_prac/install/upv_maps_pkg/share/upv_maps_pkg/package.zsh'
[0.654s] Level 1:colcon.colcon_core.environment:create_file_with_runtime_dependencies(/home/zhihuili/RM_prac/install/upv_maps_pkg/share/colcon-core/packages/upv_maps_pkg)
[0.654s] Level 1:colcon.colcon_core.environment:create_environment_scripts_only(transformations_pkg)
[0.655s] Level 1:colcon.colcon_core.environment:checking '/home/zhihuili/RM_prac/install/transformations_pkg' for CMake module files
[0.655s] DEBUG:colcon.colcon_core.event_handler.log_command:Invoked command in '/home/zhihuili/RM_prac/build/transformations_pkg' returned '0': CMAKE_PREFIX_PATH=${CMAKE_PREFIX_PATH}:/home/zhihuili/RM_prac/install/turtlebot3_dqn:/opt/ros/humble /usr/bin/cmake --install /home/zhihuili/RM_prac/build/transformations_pkg
[0.656s] Level 1:colcon.colcon_core.environment:checking '/home/zhihuili/RM_prac/install/transformations_pkg' for CMake config files
[0.656s] Level 1:colcon.colcon_core.shell:create_environment_hook('transformations_pkg', 'cmake_prefix_path')
[0.657s] INFO:colcon.colcon_core.shell:Creating environment hook '/home/zhihuili/RM_prac/install/transformations_pkg/share/transformations_pkg/hook/cmake_prefix_path.ps1'
[0.657s] INFO:colcon.colcon_core.shell:Creating environment descriptor '/home/zhihuili/RM_prac/install/transformations_pkg/share/transformations_pkg/hook/cmake_prefix_path.dsv'
[0.658s] INFO:colcon.colcon_core.shell:Creating environment hook '/home/zhihuili/RM_prac/install/transformations_pkg/share/transformations_pkg/hook/cmake_prefix_path.sh'
[0.658s] Level 1:colcon.colcon_core.environment:checking '/home/zhihuili/RM_prac/install/transformations_pkg/lib'
[0.658s] Level 1:colcon.colcon_core.environment:checking '/home/zhihuili/RM_prac/install/transformations_pkg/bin'
[0.658s] Level 1:colcon.colcon_core.environment:checking '/home/zhihuili/RM_prac/install/transformations_pkg/lib/pkgconfig/transformations_pkg.pc'
[0.659s] Level 1:colcon.colcon_core.environment:checking '/home/zhihuili/RM_prac/install/transformations_pkg/lib/python3.10/site-packages'
[0.659s] Level 1:colcon.colcon_core.environment:checking '/home/zhihuili/RM_prac/install/transformations_pkg/bin'
[0.659s] INFO:colcon.colcon_core.shell:Creating package script '/home/zhihuili/RM_prac/install/transformations_pkg/share/transformations_pkg/package.ps1'
[0.660s] INFO:colcon.colcon_core.shell:Creating package descriptor '/home/zhihuili/RM_prac/install/transformations_pkg/share/transformations_pkg/package.dsv'
[0.660s] INFO:colcon.colcon_core.shell:Creating package script '/home/zhihuili/RM_prac/install/transformations_pkg/share/transformations_pkg/package.sh'
[0.661s] INFO:colcon.colcon_core.shell:Creating package script '/home/zhihuili/RM_prac/install/transformations_pkg/share/transformations_pkg/package.bash'
[0.661s] INFO:colcon.colcon_core.shell:Creating package script '/home/zhihuili/RM_prac/install/transformations_pkg/share/transformations_pkg/package.zsh'
[0.662s] Level 1:colcon.colcon_core.environment:create_file_with_runtime_dependencies(/home/zhihuili/RM_prac/install/transformations_pkg/share/colcon-core/packages/transformations_pkg)
[0.662s] Level 1:colcon.colcon_core.environment:create_environment_scripts_only(transformations_pkg)
[0.662s] Level 1:colcon.colcon_core.environment:checking '/home/zhihuili/RM_prac/install/transformations_pkg' for CMake module files
[0.663s] Level 1:colcon.colcon_core.environment:checking '/home/zhihuili/RM_prac/install/transformations_pkg' for CMake config files
[0.663s] Level 1:colcon.colcon_core.shell:create_environment_hook('transformations_pkg', 'cmake_prefix_path')
[0.663s] INFO:colcon.colcon_core.shell:Creating environment hook '/home/zhihuili/RM_prac/install/transformations_pkg/share/transformations_pkg/hook/cmake_prefix_path.ps1'
[0.664s] INFO:colcon.colcon_core.shell:Creating environment descriptor '/home/zhihuili/RM_prac/install/transformations_pkg/share/transformations_pkg/hook/cmake_prefix_path.dsv'
[0.664s] INFO:colcon.colcon_core.shell:Creating environment hook '/home/zhihuili/RM_prac/install/transformations_pkg/share/transformations_pkg/hook/cmake_prefix_path.sh'
[0.665s] Level 1:colcon.colcon_core.environment:checking '/home/zhihuili/RM_prac/install/transformations_pkg/lib'
[0.665s] Level 1:colcon.colcon_core.environment:checking '/home/zhihuili/RM_prac/install/transformations_pkg/bin'
[0.665s] Level 1:colcon.colcon_core.environment:checking '/home/zhihuili/RM_prac/install/transformations_pkg/lib/pkgconfig/transformations_pkg.pc'
[0.665s] Level 1:colcon.colcon_core.environment:checking '/home/zhihuili/RM_prac/install/transformations_pkg/lib/python3.10/site-packages'
[0.666s] Level 1:colcon.colcon_core.environment:checking '/home/zhihuili/RM_prac/install/transformations_pkg/bin'
[0.666s] INFO:colcon.colcon_core.shell:Creating package script '/home/zhihuili/RM_prac/install/transformations_pkg/share/transformations_pkg/package.ps1'
[0.667s] INFO:colcon.colcon_core.shell:Creating package descriptor '/home/zhihuili/RM_prac/install/transformations_pkg/share/transformations_pkg/package.dsv'
[0.667s] INFO:colcon.colcon_core.shell:Creating package script '/home/zhihuili/RM_prac/install/transformations_pkg/share/transformations_pkg/package.sh'
[0.668s] INFO:colcon.colcon_core.shell:Creating package script '/home/zhihuili/RM_prac/install/transformations_pkg/share/transformations_pkg/package.bash'
[0.669s] INFO:colcon.colcon_core.shell:Creating package script '/home/zhihuili/RM_prac/install/transformations_pkg/share/transformations_pkg/package.zsh'
[0.669s] Level 1:colcon.colcon_core.environment:create_file_with_runtime_dependencies(/home/zhihuili/RM_prac/install/transformations_pkg/share/colcon-core/packages/transformations_pkg)
[0.673s] Level 1:colcon.colcon_core.environment:create_environment_scripts_only(ros2_vfh)
[0.673s] Level 1:colcon.colcon_core.environment:checking '/home/zhihuili/RM_prac/install/ros2_vfh' for CMake module files
[0.674s] DEBUG:colcon.colcon_core.event_handler.log_command:Invoked command in '/home/zhihuili/RM_prac/build/ros2_vfh' returned '0': CMAKE_PREFIX_PATH=${CMAKE_PREFIX_PATH}:/home/zhihuili/RM_prac/install/turtlebot3_dqn:/opt/ros/humble /usr/bin/cmake --install /home/zhihuili/RM_prac/build/ros2_vfh
[0.674s] Level 1:colcon.colcon_core.environment:checking '/home/zhihuili/RM_prac/install/ros2_vfh' for CMake config files
[0.675s] Level 1:colcon.colcon_core.shell:create_environment_hook('ros2_vfh', 'cmake_prefix_path')
[0.675s] INFO:colcon.colcon_core.shell:Creating environment hook '/home/zhihuili/RM_prac/install/ros2_vfh/share/ros2_vfh/hook/cmake_prefix_path.ps1'
[0.676s] INFO:colcon.colcon_core.shell:Creating environment descriptor '/home/zhihuili/RM_prac/install/ros2_vfh/share/ros2_vfh/hook/cmake_prefix_path.dsv'
[0.679s] INFO:colcon.colcon_core.shell:Creating environment hook '/home/zhihuili/RM_prac/install/ros2_vfh/share/ros2_vfh/hook/cmake_prefix_path.sh'
[0.680s] Level 1:colcon.colcon_core.environment:checking '/home/zhihuili/RM_prac/install/ros2_vfh/lib'
[0.682s] Level 1:colcon.colcon_core.environment:checking '/home/zhihuili/RM_prac/install/ros2_vfh/bin'
[0.682s] Level 1:colcon.colcon_core.environment:checking '/home/zhihuili/RM_prac/install/ros2_vfh/lib/pkgconfig/ros2_vfh.pc'
[0.682s] Level 1:colcon.colcon_core.environment:checking '/home/zhihuili/RM_prac/install/ros2_vfh/lib/python3.10/site-packages'
[0.683s] Level 1:colcon.colcon_core.environment:checking '/home/zhihuili/RM_prac/install/ros2_vfh/bin'
[0.683s] INFO:colcon.colcon_core.shell:Creating package script '/home/zhihuili/RM_prac/install/ros2_vfh/share/ros2_vfh/package.ps1'
[0.684s] INFO:colcon.colcon_core.shell:Creating package descriptor '/home/zhihuili/RM_prac/install/ros2_vfh/share/ros2_vfh/package.dsv'
[0.684s] INFO:colcon.colcon_core.shell:Creating package script '/home/zhihuili/RM_prac/install/ros2_vfh/share/ros2_vfh/package.sh'
[0.685s] INFO:colcon.colcon_core.shell:Creating package script '/home/zhihuili/RM_prac/install/ros2_vfh/share/ros2_vfh/package.bash'
[0.686s] INFO:colcon.colcon_core.shell:Creating package script '/home/zhihuili/RM_prac/install/ros2_vfh/share/ros2_vfh/package.zsh'
[0.687s] Level 1:colcon.colcon_core.environment:create_file_with_runtime_dependencies(/home/zhihuili/RM_prac/install/ros2_vfh/share/colcon-core/packages/ros2_vfh)
[0.688s] Level 1:colcon.colcon_core.environment:create_environment_scripts_only(ros2_vfh)
[0.688s] Level 1:colcon.colcon_core.environment:checking '/home/zhihuili/RM_prac/install/ros2_vfh' for CMake module files
[0.692s] Level 1:colcon.colcon_core.environment:checking '/home/zhihuili/RM_prac/install/ros2_vfh' for CMake config files
[0.695s] Level 1:colcon.colcon_core.shell:create_environment_hook('ros2_vfh', 'cmake_prefix_path')
[0.695s] INFO:colcon.colcon_core.shell:Creating environment hook '/home/zhihuili/RM_prac/install/ros2_vfh/share/ros2_vfh/hook/cmake_prefix_path.ps1'
[0.696s] INFO:colcon.colcon_core.shell:Creating environment descriptor '/home/zhihuili/RM_prac/install/ros2_vfh/share/ros2_vfh/hook/cmake_prefix_path.dsv'
[0.699s] INFO:colcon.colcon_core.shell:Creating environment hook '/home/zhihuili/RM_prac/install/ros2_vfh/share/ros2_vfh/hook/cmake_prefix_path.sh'
[0.700s] Level 1:colcon.colcon_core.environment:checking '/home/zhihuili/RM_prac/install/ros2_vfh/lib'
[0.701s] Level 1:colcon.colcon_core.environment:checking '/home/zhihuili/RM_prac/install/ros2_vfh/bin'
[0.701s] Level 1:colcon.colcon_core.environment:checking '/home/zhihuili/RM_prac/install/ros2_vfh/lib/pkgconfig/ros2_vfh.pc'
[0.701s] Level 1:colcon.colcon_core.environment:checking '/home/zhihuili/RM_prac/install/ros2_vfh/lib/python3.10/site-packages'
[0.702s] Level 1:colcon.colcon_core.environment:checking '/home/zhihuili/RM_prac/install/ros2_vfh/bin'
[0.702s] INFO:colcon.colcon_core.shell:Creating package script '/home/zhihuili/RM_prac/install/ros2_vfh/share/ros2_vfh/package.ps1'
[0.704s] INFO:colcon.colcon_core.shell:Creating package descriptor '/home/zhihuili/RM_prac/install/ros2_vfh/share/ros2_vfh/package.dsv'
[0.705s] INFO:colcon.colcon_core.shell:Creating package script '/home/zhihuili/RM_prac/install/ros2_vfh/share/ros2_vfh/package.sh'
[0.706s] INFO:colcon.colcon_core.shell:Creating package script '/home/zhihuili/RM_prac/install/ros2_vfh/share/ros2_vfh/package.bash'
[0.707s] INFO:colcon.colcon_core.shell:Creating package script '/home/zhihuili/RM_prac/install/ros2_vfh/share/ros2_vfh/package.zsh'
[0.708s] Level 1:colcon.colcon_core.environment:create_file_with_runtime_dependencies(/home/zhihuili/RM_prac/install/ros2_vfh/share/colcon-core/packages/ros2_vfh)
[0.905s] DEBUG:colcon.colcon_core.event_handler.log_command:Invoked command in '/home/zhihuili/RM_prac/build/turtlebot3_msgs' returned '0': CMAKE_PREFIX_PATH=${CMAKE_PREFIX_PATH}:/home/zhihuili/RM_prac/install/turtlebot3_dqn:/opt/ros/humble /usr/bin/cmake --build /home/zhihuili/RM_prac/build/turtlebot3_msgs -- -j14 -l14
[0.908s] DEBUG:colcon.colcon_core.event_handler.log_command:Invoking command in '/home/zhihuili/RM_prac/build/turtlebot3_msgs': CMAKE_PREFIX_PATH=${CMAKE_PREFIX_PATH}:/home/zhihuili/RM_prac/install/turtlebot3_dqn:/opt/ros/humble /usr/bin/cmake --install /home/zhihuili/RM_prac/build/turtlebot3_msgs
[0.909s] DEBUG:colcon.colcon_core.event_handler.log_command:Invoked command in '/home/zhihuili/RM_prac/build/pure_pursuit_pkg' returned '0': CMAKE_PREFIX_PATH=${CMAKE_PREFIX_PATH}:/home/zhihuili/RM_prac/install/turtlebot3_dqn:/opt/ros/humble /usr/bin/cmake --build /home/zhihuili/RM_prac/build/pure_pursuit_pkg -- -j14 -l14
[0.910s] DEBUG:colcon.colcon_core.event_handler.log_command:Invoking command in '/home/zhihuili/RM_prac/build/pure_pursuit_pkg': CMAKE_PREFIX_PATH=${CMAKE_PREFIX_PATH}:/home/zhihuili/RM_prac/install/turtlebot3_dqn:/opt/ros/humble /usr/bin/cmake --install /home/zhihuili/RM_prac/build/pure_pursuit_pkg
[0.971s] DEBUG:colcon.colcon_core.event_handler.log_command:Invoked command in '/home/zhihuili/RM_prac/build/kinematic_control_pkg' returned '0': CMAKE_PREFIX_PATH=${CMAKE_PREFIX_PATH}:/home/zhihuili/RM_prac/install/turtlebot3_dqn:/opt/ros/humble /usr/bin/cmake --build /home/zhihuili/RM_prac/build/kinematic_control_pkg -- -j14 -l14
[0.977s] DEBUG:colcon.colcon_core.event_handler.log_command:Invoking command in '/home/zhihuili/RM_prac/build/kinematic_control_pkg': CMAKE_PREFIX_PATH=${CMAKE_PREFIX_PATH}:/home/zhihuili/RM_prac/install/turtlebot3_dqn:/opt/ros/humble /usr/bin/cmake --install /home/zhihuili/RM_prac/build/kinematic_control_pkg
[1.037s] Level 1:colcon.colcon_core.environment:create_environment_scripts_only(pure_pursuit_pkg)
[1.037s] Level 1:colcon.colcon_core.environment:checking '/home/zhihuili/RM_prac/install/pure_pursuit_pkg' for CMake module files
[1.039s] DEBUG:colcon.colcon_core.event_handler.log_command:Invoked command in '/home/zhihuili/RM_prac/build/pure_pursuit_pkg' returned '0': CMAKE_PREFIX_PATH=${CMAKE_PREFIX_PATH}:/home/zhihuili/RM_prac/install/turtlebot3_dqn:/opt/ros/humble /usr/bin/cmake --install /home/zhihuili/RM_prac/build/pure_pursuit_pkg
[1.040s] Level 1:colcon.colcon_core.environment:checking '/home/zhihuili/RM_prac/install/pure_pursuit_pkg' for CMake config files
[1.041s] Level 1:colcon.colcon_core.shell:create_environment_hook('pure_pursuit_pkg', 'cmake_prefix_path')
[1.042s] INFO:colcon.colcon_core.shell:Creating environment hook '/home/zhihuili/RM_prac/install/pure_pursuit_pkg/share/pure_pursuit_pkg/hook/cmake_prefix_path.ps1'
[1.043s] INFO:colcon.colcon_core.shell:Creating environment descriptor '/home/zhihuili/RM_prac/install/pure_pursuit_pkg/share/pure_pursuit_pkg/hook/cmake_prefix_path.dsv'
[1.043s] INFO:colcon.colcon_core.shell:Creating environment hook '/home/zhihuili/RM_prac/install/pure_pursuit_pkg/share/pure_pursuit_pkg/hook/cmake_prefix_path.sh'
[1.044s] Level 1:colcon.colcon_core.environment:checking '/home/zhihuili/RM_prac/install/pure_pursuit_pkg/lib'
[1.044s] Level 1:colcon.colcon_core.shell:create_environment_hook('pure_pursuit_pkg', 'ld_library_path_lib')
[1.045s] INFO:colcon.colcon_core.shell:Creating environment hook '/home/zhihuili/RM_prac/install/pure_pursuit_pkg/share/pure_pursuit_pkg/hook/ld_library_path_lib.ps1'
[1.045s] INFO:colcon.colcon_core.shell:Creating environment descriptor '/home/zhihuili/RM_prac/install/pure_pursuit_pkg/share/pure_pursuit_pkg/hook/ld_library_path_lib.dsv'
[1.046s] INFO:colcon.colcon_core.shell:Creating environment hook '/home/zhihuili/RM_prac/install/pure_pursuit_pkg/share/pure_pursuit_pkg/hook/ld_library_path_lib.sh'
[1.046s] Level 1:colcon.colcon_core.environment:checking '/home/zhihuili/RM_prac/install/pure_pursuit_pkg/bin'
[1.046s] Level 1:colcon.colcon_core.environment:checking '/home/zhihuili/RM_prac/install/pure_pursuit_pkg/lib/pkgconfig/pure_pursuit_pkg.pc'
[1.047s] Level 1:colcon.colcon_core.environment:checking '/home/zhihuili/RM_prac/install/pure_pursuit_pkg/lib/python3.10/site-packages'
[1.047s] Level 1:colcon.colcon_core.environment:checking '/home/zhihuili/RM_prac/install/pure_pursuit_pkg/bin'
[1.048s] INFO:colcon.colcon_core.shell:Creating package script '/home/zhihuili/RM_prac/install/pure_pursuit_pkg/share/pure_pursuit_pkg/package.ps1'
[1.049s] INFO:colcon.colcon_core.shell:Creating package descriptor '/home/zhihuili/RM_prac/install/pure_pursuit_pkg/share/pure_pursuit_pkg/package.dsv'
[1.049s] INFO:colcon.colcon_core.shell:Creating package script '/home/zhihuili/RM_prac/install/pure_pursuit_pkg/share/pure_pursuit_pkg/package.sh'
[1.050s] INFO:colcon.colcon_core.shell:Creating package script '/home/zhihuili/RM_prac/install/pure_pursuit_pkg/share/pure_pursuit_pkg/package.bash'
[1.051s] INFO:colcon.colcon_core.shell:Creating package script '/home/zhihuili/RM_prac/install/pure_pursuit_pkg/share/pure_pursuit_pkg/package.zsh'
[1.051s] Level 1:colcon.colcon_core.environment:create_file_with_runtime_dependencies(/home/zhihuili/RM_prac/install/pure_pursuit_pkg/share/colcon-core/packages/pure_pursuit_pkg)
[1.052s] Level 1:colcon.colcon_core.environment:create_environment_scripts_only(pure_pursuit_pkg)
[1.052s] Level 1:colcon.colcon_core.environment:checking '/home/zhihuili/RM_prac/install/pure_pursuit_pkg' for CMake module files
[1.053s] Level 1:colcon.colcon_core.environment:checking '/home/zhihuili/RM_prac/install/pure_pursuit_pkg' for CMake config files
[1.054s] Level 1:colcon.colcon_core.shell:create_environment_hook('pure_pursuit_pkg', 'cmake_prefix_path')
[1.054s] INFO:colcon.colcon_core.shell:Creating environment hook '/home/zhihuili/RM_prac/install/pure_pursuit_pkg/share/pure_pursuit_pkg/hook/cmake_prefix_path.ps1'
[1.055s] INFO:colcon.colcon_core.shell:Creating environment descriptor '/home/zhihuili/RM_prac/install/pure_pursuit_pkg/share/pure_pursuit_pkg/hook/cmake_prefix_path.dsv'
[1.056s] INFO:colcon.colcon_core.shell:Creating environment hook '/home/zhihuili/RM_prac/install/pure_pursuit_pkg/share/pure_pursuit_pkg/hook/cmake_prefix_path.sh'
[1.056s] Level 1:colcon.colcon_core.environment:checking '/home/zhihuili/RM_prac/install/pure_pursuit_pkg/lib'
[1.056s] Level 1:colcon.colcon_core.shell:create_environment_hook('pure_pursuit_pkg', 'ld_library_path_lib')
[1.057s] INFO:colcon.colcon_core.shell:Creating environment hook '/home/zhihuili/RM_prac/install/pure_pursuit_pkg/share/pure_pursuit_pkg/hook/ld_library_path_lib.ps1'
[1.057s] INFO:colcon.colcon_core.shell:Creating environment descriptor '/home/zhihuili/RM_prac/install/pure_pursuit_pkg/share/pure_pursuit_pkg/hook/ld_library_path_lib.dsv'
[1.058s] INFO:colcon.colcon_core.shell:Creating environment hook '/home/zhihuili/RM_prac/install/pure_pursuit_pkg/share/pure_pursuit_pkg/hook/ld_library_path_lib.sh'
[1.058s] Level 1:colcon.colcon_core.environment:checking '/home/zhihuili/RM_prac/install/pure_pursuit_pkg/bin'
[1.059s] Level 1:colcon.colcon_core.environment:checking '/home/zhihuili/RM_prac/install/pure_pursuit_pkg/lib/pkgconfig/pure_pursuit_pkg.pc'
[1.059s] Level 1:colcon.colcon_core.environment:checking '/home/zhihuili/RM_prac/install/pure_pursuit_pkg/lib/python3.10/site-packages'
[1.059s] Level 1:colcon.colcon_core.environment:checking '/home/zhihuili/RM_prac/install/pure_pursuit_pkg/bin'
[1.060s] INFO:colcon.colcon_core.shell:Creating package script '/home/zhihuili/RM_prac/install/pure_pursuit_pkg/share/pure_pursuit_pkg/package.ps1'
[1.061s] INFO:colcon.colcon_core.shell:Creating package descriptor '/home/zhihuili/RM_prac/install/pure_pursuit_pkg/share/pure_pursuit_pkg/package.dsv'
[1.062s] INFO:colcon.colcon_core.shell:Creating package script '/home/zhihuili/RM_prac/install/pure_pursuit_pkg/share/pure_pursuit_pkg/package.sh'
[1.063s] INFO:colcon.colcon_core.shell:Creating package script '/home/zhihuili/RM_prac/install/pure_pursuit_pkg/share/pure_pursuit_pkg/package.bash'
[1.064s] INFO:colcon.colcon_core.shell:Creating package script '/home/zhihuili/RM_prac/install/pure_pursuit_pkg/share/pure_pursuit_pkg/package.zsh'
[1.065s] Level 1:colcon.colcon_core.environment:create_file_with_runtime_dependencies(/home/zhihuili/RM_prac/install/pure_pursuit_pkg/share/colcon-core/packages/pure_pursuit_pkg)
[1.108s] Level 1:colcon.colcon_core.environment:create_environment_scripts_only(turtlebot3_msgs)
[1.109s] Level 1:colcon.colcon_core.environment:checking '/home/zhihuili/RM_prac/install/turtlebot3_msgs' for CMake module files
[1.110s] Level 1:colcon.colcon_core.environment:checking '/home/zhihuili/RM_prac/install/turtlebot3_msgs' for CMake config files
[1.110s] Level 1:colcon.colcon_core.shell:create_environment_hook('turtlebot3_msgs', 'cmake_prefix_path')
[1.111s] INFO:colcon.colcon_core.shell:Creating environment hook '/home/zhihuili/RM_prac/install/turtlebot3_msgs/share/turtlebot3_msgs/hook/cmake_prefix_path.ps1'
[1.112s] INFO:colcon.colcon_core.shell:Creating environment descriptor '/home/zhihuili/RM_prac/install/turtlebot3_msgs/share/turtlebot3_msgs/hook/cmake_prefix_path.dsv'
[1.113s] INFO:colcon.colcon_core.shell:Creating environment hook '/home/zhihuili/RM_prac/install/turtlebot3_msgs/share/turtlebot3_msgs/hook/cmake_prefix_path.sh'
[1.114s] Level 1:colcon.colcon_core.environment:checking '/home/zhihuili/RM_prac/install/turtlebot3_msgs/lib'
[1.114s] Level 1:colcon.colcon_core.shell:create_environment_hook('turtlebot3_msgs', 'ld_library_path_lib')
[1.114s] INFO:colcon.colcon_core.shell:Creating environment hook '/home/zhihuili/RM_prac/install/turtlebot3_msgs/share/turtlebot3_msgs/hook/ld_library_path_lib.ps1'
[1.115s] INFO:colcon.colcon_core.shell:Creating environment descriptor '/home/zhihuili/RM_prac/install/turtlebot3_msgs/share/turtlebot3_msgs/hook/ld_library_path_lib.dsv'
[1.118s] DEBUG:colcon.colcon_core.event_handler.log_command:Invoked command in '/home/zhihuili/RM_prac/build/turtlebot3_msgs' returned '0': CMAKE_PREFIX_PATH=${CMAKE_PREFIX_PATH}:/home/zhihuili/RM_prac/install/turtlebot3_dqn:/opt/ros/humble /usr/bin/cmake --install /home/zhihuili/RM_prac/build/turtlebot3_msgs
[1.119s] INFO:colcon.colcon_core.shell:Creating environment hook '/home/zhihuili/RM_prac/install/turtlebot3_msgs/share/turtlebot3_msgs/hook/ld_library_path_lib.sh'
[1.119s] Level 1:colcon.colcon_core.environment:checking '/home/zhihuili/RM_prac/install/turtlebot3_msgs/bin'
[1.119s] Level 1:colcon.colcon_core.environment:checking '/home/zhihuili/RM_prac/install/turtlebot3_msgs/lib/pkgconfig/turtlebot3_msgs.pc'
[1.120s] Level 1:colcon.colcon_core.environment:checking '/home/zhihuili/RM_prac/install/turtlebot3_msgs/lib/python3.10/site-packages'
[1.120s] Level 1:colcon.colcon_core.environment:checking '/home/zhihuili/RM_prac/install/turtlebot3_msgs/bin'
[1.121s] INFO:colcon.colcon_core.shell:Creating package script '/home/zhihuili/RM_prac/install/turtlebot3_msgs/share/turtlebot3_msgs/package.ps1'
[1.122s] INFO:colcon.colcon_core.shell:Creating package descriptor '/home/zhihuili/RM_prac/install/turtlebot3_msgs/share/turtlebot3_msgs/package.dsv'
[1.123s] INFO:colcon.colcon_core.shell:Creating package script '/home/zhihuili/RM_prac/install/turtlebot3_msgs/share/turtlebot3_msgs/package.sh'
[1.123s] INFO:colcon.colcon_core.shell:Creating package script '/home/zhihuili/RM_prac/install/turtlebot3_msgs/share/turtlebot3_msgs/package.bash'
[1.124s] INFO:colcon.colcon_core.shell:Creating package script '/home/zhihuili/RM_prac/install/turtlebot3_msgs/share/turtlebot3_msgs/package.zsh'
[1.124s] Level 1:colcon.colcon_core.environment:create_file_with_runtime_dependencies(/home/zhihuili/RM_prac/install/turtlebot3_msgs/share/colcon-core/packages/turtlebot3_msgs)
[1.125s] Level 1:colcon.colcon_core.environment:create_environment_scripts_only(turtlebot3_msgs)
[1.126s] Level 1:colcon.colcon_core.environment:checking '/home/zhihuili/RM_prac/install/turtlebot3_msgs' for CMake module files
[1.127s] Level 1:colcon.colcon_core.environment:checking '/home/zhihuili/RM_prac/install/turtlebot3_msgs' for CMake config files
[1.127s] Level 1:colcon.colcon_core.shell:create_environment_hook('turtlebot3_msgs', 'cmake_prefix_path')
[1.128s] INFO:colcon.colcon_core.shell:Creating environment hook '/home/zhihuili/RM_prac/install/turtlebot3_msgs/share/turtlebot3_msgs/hook/cmake_prefix_path.ps1'
[1.128s] INFO:colcon.colcon_core.shell:Creating environment descriptor '/home/zhihuili/RM_prac/install/turtlebot3_msgs/share/turtlebot3_msgs/hook/cmake_prefix_path.dsv'
[1.129s] INFO:colcon.colcon_core.shell:Creating environment hook '/home/zhihuili/RM_prac/install/turtlebot3_msgs/share/turtlebot3_msgs/hook/cmake_prefix_path.sh'
[1.130s] Level 1:colcon.colcon_core.environment:checking '/home/zhihuili/RM_prac/install/turtlebot3_msgs/lib'
[1.130s] Level 1:colcon.colcon_core.shell:create_environment_hook('turtlebot3_msgs', 'ld_library_path_lib')
[1.130s] INFO:colcon.colcon_core.shell:Creating environment hook '/home/zhihuili/RM_prac/install/turtlebot3_msgs/share/turtlebot3_msgs/hook/ld_library_path_lib.ps1'
[1.131s] INFO:colcon.colcon_core.shell:Creating environment descriptor '/home/zhihuili/RM_prac/install/turtlebot3_msgs/share/turtlebot3_msgs/hook/ld_library_path_lib.dsv'
[1.131s] INFO:colcon.colcon_core.shell:Creating environment hook '/home/zhihuili/RM_prac/install/turtlebot3_msgs/share/turtlebot3_msgs/hook/ld_library_path_lib.sh'
[1.132s] Level 1:colcon.colcon_core.environment:checking '/home/zhihuili/RM_prac/install/turtlebot3_msgs/bin'
[1.132s] Level 1:colcon.colcon_core.environment:checking '/home/zhihuili/RM_prac/install/turtlebot3_msgs/lib/pkgconfig/turtlebot3_msgs.pc'
[1.132s] Level 1:colcon.colcon_core.environment:checking '/home/zhihuili/RM_prac/install/turtlebot3_msgs/lib/python3.10/site-packages'
[1.133s] Level 1:colcon.colcon_core.environment:checking '/home/zhihuili/RM_prac/install/turtlebot3_msgs/bin'
[1.133s] INFO:colcon.colcon_core.shell:Creating package script '/home/zhihuili/RM_prac/install/turtlebot3_msgs/share/turtlebot3_msgs/package.ps1'
[1.134s] INFO:colcon.colcon_core.shell:Creating package descriptor '/home/zhihuili/RM_prac/install/turtlebot3_msgs/share/turtlebot3_msgs/package.dsv'
[1.135s] INFO:colcon.colcon_core.shell:Creating package script '/home/zhihuili/RM_prac/install/turtlebot3_msgs/share/turtlebot3_msgs/package.sh'
[1.136s] INFO:colcon.colcon_core.shell:Creating package script '/home/zhihuili/RM_prac/install/turtlebot3_msgs/share/turtlebot3_msgs/package.bash'
[1.136s] INFO:colcon.colcon_core.shell:Creating package script '/home/zhihuili/RM_prac/install/turtlebot3_msgs/share/turtlebot3_msgs/package.zsh'
[1.137s] Level 1:colcon.colcon_core.environment:create_file_with_runtime_dependencies(/home/zhihuili/RM_prac/install/turtlebot3_msgs/share/colcon-core/packages/turtlebot3_msgs)
[1.137s] INFO:colcon.colcon_ros.task.ament_cmake.build:Building ROS package in '/home/zhihuili/RM_prac/src/maintenance_mode_pkg' with build type 'ament_cmake'
[1.139s] INFO:colcon.colcon_cmake.task.cmake.build:Building CMake package in '/home/zhihuili/RM_prac/src/maintenance_mode_pkg'
[1.140s] INFO:colcon.colcon_core.shell:Skip shell extension 'powershell' for command environment: Not usable outside of PowerShell
[1.140s] DEBUG:colcon.colcon_core.shell:Skip shell extension 'dsv' for command environment
[1.149s] INFO:colcon.colcon_ros.task.ament_python.build:Building ROS package in '/home/zhihuili/RM_prac/src/turtlebot3_dqn' with build type 'ament_python'
[1.150s] Level 1:colcon.colcon_core.shell:create_environment_hook('turtlebot3_dqn', 'ament_prefix_path')
[1.151s] INFO:colcon.colcon_core.shell:Creating environment hook '/home/zhihuili/RM_prac/install/turtlebot3_dqn/share/turtlebot3_dqn/hook/ament_prefix_path.ps1'
[1.153s] INFO:colcon.colcon_core.shell:Creating environment descriptor '/home/zhihuili/RM_prac/install/turtlebot3_dqn/share/turtlebot3_dqn/hook/ament_prefix_path.dsv'
[1.153s] INFO:colcon.colcon_core.shell:Creating environment hook '/home/zhihuili/RM_prac/install/turtlebot3_dqn/share/turtlebot3_dqn/hook/ament_prefix_path.sh'
[1.154s] INFO:colcon.colcon_core.shell:Skip shell extension 'powershell' for command environment: Not usable outside of PowerShell
[1.154s] DEBUG:colcon.colcon_core.shell:Skip shell extension 'dsv' for command environment
[1.163s] Level 1:colcon.colcon_core.environment:create_environment_scripts_only(kinematic_control_pkg)
[1.164s] Level 1:colcon.colcon_core.environment:checking '/home/zhihuili/RM_prac/install/kinematic_control_pkg' for CMake module files
[1.165s] Level 1:colcon.colcon_core.environment:checking '/home/zhihuili/RM_prac/install/kinematic_control_pkg' for CMake config files
[1.164s] DEBUG:colcon.colcon_core.event_handler.log_command:Invoked command in '/home/zhihuili/RM_prac/build/kinematic_control_pkg' returned '0': CMAKE_PREFIX_PATH=${CMAKE_PREFIX_PATH}:/home/zhihuili/RM_prac/install/turtlebot3_dqn:/opt/ros/humble /usr/bin/cmake --install /home/zhihuili/RM_prac/build/kinematic_control_pkg
[1.167s] Level 1:colcon.colcon_core.shell:create_environment_hook('kinematic_control_pkg', 'cmake_prefix_path')
[1.168s] INFO:colcon.colcon_core.shell:Creating environment hook '/home/zhihuili/RM_prac/install/kinematic_control_pkg/share/kinematic_control_pkg/hook/cmake_prefix_path.ps1'
[1.169s] INFO:colcon.colcon_core.shell:Creating environment descriptor '/home/zhihuili/RM_prac/install/kinematic_control_pkg/share/kinematic_control_pkg/hook/cmake_prefix_path.dsv'
[1.170s] INFO:colcon.colcon_core.shell:Creating environment hook '/home/zhihuili/RM_prac/install/kinematic_control_pkg/share/kinematic_control_pkg/hook/cmake_prefix_path.sh'
[1.171s] Level 1:colcon.colcon_core.environment:checking '/home/zhihuili/RM_prac/install/kinematic_control_pkg/lib'
[1.172s] Level 1:colcon.colcon_core.shell:create_environment_hook('kinematic_control_pkg', 'ld_library_path_lib')
[1.172s] INFO:colcon.colcon_core.shell:Creating environment hook '/home/zhihuili/RM_prac/install/kinematic_control_pkg/share/kinematic_control_pkg/hook/ld_library_path_lib.ps1'
[1.173s] INFO:colcon.colcon_core.shell:Creating environment descriptor '/home/zhihuili/RM_prac/install/kinematic_control_pkg/share/kinematic_control_pkg/hook/ld_library_path_lib.dsv'
[1.173s] INFO:colcon.colcon_core.shell:Creating environment hook '/home/zhihuili/RM_prac/install/kinematic_control_pkg/share/kinematic_control_pkg/hook/ld_library_path_lib.sh'
[1.174s] Level 1:colcon.colcon_core.environment:checking '/home/zhihuili/RM_prac/install/kinematic_control_pkg/bin'
[1.174s] Level 1:colcon.colcon_core.environment:checking '/home/zhihuili/RM_prac/install/kinematic_control_pkg/lib/pkgconfig/kinematic_control_pkg.pc'
[1.175s] Level 1:colcon.colcon_core.environment:checking '/home/zhihuili/RM_prac/install/kinematic_control_pkg/lib/python3.10/site-packages'
[1.175s] Level 1:colcon.colcon_core.environment:checking '/home/zhihuili/RM_prac/install/kinematic_control_pkg/bin'
[1.176s] INFO:colcon.colcon_core.shell:Creating package script '/home/zhihuili/RM_prac/install/kinematic_control_pkg/share/kinematic_control_pkg/package.ps1'
[1.177s] INFO:colcon.colcon_core.shell:Creating package descriptor '/home/zhihuili/RM_prac/install/kinematic_control_pkg/share/kinematic_control_pkg/package.dsv'
[1.178s] INFO:colcon.colcon_core.shell:Creating package script '/home/zhihuili/RM_prac/install/kinematic_control_pkg/share/kinematic_control_pkg/package.sh'
[1.178s] INFO:colcon.colcon_core.shell:Creating package script '/home/zhihuili/RM_prac/install/kinematic_control_pkg/share/kinematic_control_pkg/package.bash'
[1.179s] INFO:colcon.colcon_core.shell:Creating package script '/home/zhihuili/RM_prac/install/kinematic_control_pkg/share/kinematic_control_pkg/package.zsh'
[1.179s] Level 1:colcon.colcon_core.environment:create_file_with_runtime_dependencies(/home/zhihuili/RM_prac/install/kinematic_control_pkg/share/colcon-core/packages/kinematic_control_pkg)
[1.181s] Level 1:colcon.colcon_core.environment:create_environment_scripts_only(kinematic_control_pkg)
[1.181s] Level 1:colcon.colcon_core.environment:checking '/home/zhihuili/RM_prac/install/kinematic_control_pkg' for CMake module files
[1.182s] Level 1:colcon.colcon_core.environment:checking '/home/zhihuili/RM_prac/install/kinematic_control_pkg' for CMake config files
[1.183s] Level 1:colcon.colcon_core.shell:create_environment_hook('kinematic_control_pkg', 'cmake_prefix_path')
[1.184s] INFO:colcon.colcon_core.shell:Creating environment hook '/home/zhihuili/RM_prac/install/kinematic_control_pkg/share/kinematic_control_pkg/hook/cmake_prefix_path.ps1'
[1.184s] INFO:colcon.colcon_core.shell:Creating environment descriptor '/home/zhihuili/RM_prac/install/kinematic_control_pkg/share/kinematic_control_pkg/hook/cmake_prefix_path.dsv'
[1.185s] INFO:colcon.colcon_core.shell:Creating environment hook '/home/zhihuili/RM_prac/install/kinematic_control_pkg/share/kinematic_control_pkg/hook/cmake_prefix_path.sh'
[1.186s] Level 1:colcon.colcon_core.environment:checking '/home/zhihuili/RM_prac/install/kinematic_control_pkg/lib'
[1.186s] Level 1:colcon.colcon_core.shell:create_environment_hook('kinematic_control_pkg', 'ld_library_path_lib')
[1.186s] INFO:colcon.colcon_core.shell:Creating environment hook '/home/zhihuili/RM_prac/install/kinematic_control_pkg/share/kinematic_control_pkg/hook/ld_library_path_lib.ps1'
[1.187s] INFO:colcon.colcon_core.shell:Creating environment descriptor '/home/zhihuili/RM_prac/install/kinematic_control_pkg/share/kinematic_control_pkg/hook/ld_library_path_lib.dsv'
[1.188s] INFO:colcon.colcon_core.shell:Creating environment hook '/home/zhihuili/RM_prac/install/kinematic_control_pkg/share/kinematic_control_pkg/hook/ld_library_path_lib.sh'
[1.189s] Level 1:colcon.colcon_core.environment:checking '/home/zhihuili/RM_prac/install/kinematic_control_pkg/bin'
[1.189s] Level 1:colcon.colcon_core.environment:checking '/home/zhihuili/RM_prac/install/kinematic_control_pkg/lib/pkgconfig/kinematic_control_pkg.pc'
[1.189s] Level 1:colcon.colcon_core.environment:checking '/home/zhihuili/RM_prac/install/kinematic_control_pkg/lib/python3.10/site-packages'
[1.190s] Level 1:colcon.colcon_core.environment:checking '/home/zhihuili/RM_prac/install/kinematic_control_pkg/bin'
[1.190s] INFO:colcon.colcon_core.shell:Creating package script '/home/zhihuili/RM_prac/install/kinematic_control_pkg/share/kinematic_control_pkg/package.ps1'
[1.192s] INFO:colcon.colcon_core.shell:Creating package descriptor '/home/zhihuili/RM_prac/install/kinematic_control_pkg/share/kinematic_control_pkg/package.dsv'
[1.192s] INFO:colcon.colcon_core.shell:Creating package script '/home/zhihuili/RM_prac/install/kinematic_control_pkg/share/kinematic_control_pkg/package.sh'
[1.193s] INFO:colcon.colcon_core.shell:Creating package script '/home/zhihuili/RM_prac/install/kinematic_control_pkg/share/kinematic_control_pkg/package.bash'
[1.194s] INFO:colcon.colcon_core.shell:Creating package script '/home/zhihuili/RM_prac/install/kinematic_control_pkg/share/kinematic_control_pkg/package.zsh'
[1.194s] Level 1:colcon.colcon_core.environment:create_file_with_runtime_dependencies(/home/zhihuili/RM_prac/install/kinematic_control_pkg/share/colcon-core/packages/kinematic_control_pkg)
[1.205s] DEBUG:colcon.colcon_core.event_handler.log_command:Invoking command in '/home/zhihuili/RM_prac/build/maintenance_mode_pkg': CMAKE_PREFIX_PATH=/home/zhihuili/RM_prac/install/turtlebot3_msgs:/home/zhihuili/RM_prac/install/upv_maps_pkg:/home/zhihuili/RM_prac/install/maintenance_mode_pkg:/home/zhihuili/RM_prac/install/turtlebot3_coppeliasim:/home/zhihuili/RM_prac/install/transformations_pkg:/home/zhihuili/RM_prac/install/slam_pkg:/home/zhihuili/RM_prac/install/ros2_vfh:/home/zhihuili/RM_prac/install/pure_pursuit_pkg:/home/zhihuili/RM_prac/install/navigation_pkg:/home/zhihuili/RM_prac/install/kinematic_control_pkg:/home/zhihuili/RM_prac/install/intro_ros_pkg:/home/zhihuili/RM_prac/install/bringup_turtlebot3_pkg:/home/zhihuili/RM_prac/install/turtlebot3_dqn:/opt/ros/humble LD_LIBRARY_PATH=/home/zhihuili/RM_prac/install/turtlebot3_msgs/lib:/home/zhihuili/sumo_env/lib:/home/zhihuili/RM_prac/install/pure_pursuit_pkg/lib:/home/zhihuili/RM_prac/install/kinematic_control_pkg/lib:/opt/ros/humble/opt/rviz_ogre_vendor/lib:/opt/ros/humble/lib/x86_64-linux-gnu:/opt/ros/humble/lib /usr/bin/cmake --build /home/zhihuili/RM_prac/build/maintenance_mode_pkg -- -j14 -l14
[1.502s] INFO:colcon.colcon_core.task.python.build:Building Python package in '/home/zhihuili/RM_prac/src/turtlebot3_dqn'
[1.502s] INFO:colcon.colcon_core.shell:Skip shell extension 'powershell' for command environment: Not usable outside of PowerShell
[1.502s] DEBUG:colcon.colcon_core.shell:Skip shell extension 'dsv' for command environment
[1.512s] DEBUG:colcon.colcon_core.event_handler.log_command:Invoked command in '/home/zhihuili/RM_prac/build/maintenance_mode_pkg' returned '0': CMAKE_PREFIX_PATH=/home/zhihuili/RM_prac/install/turtlebot3_msgs:/home/zhihuili/RM_prac/install/upv_maps_pkg:/home/zhihuili/RM_prac/install/maintenance_mode_pkg:/home/zhihuili/RM_prac/install/turtlebot3_coppeliasim:/home/zhihuili/RM_prac/install/transformations_pkg:/home/zhihuili/RM_prac/install/slam_pkg:/home/zhihuili/RM_prac/install/ros2_vfh:/home/zhihuili/RM_prac/install/pure_pursuit_pkg:/home/zhihuili/RM_prac/install/navigation_pkg:/home/zhihuili/RM_prac/install/kinematic_control_pkg:/home/zhihuili/RM_prac/install/intro_ros_pkg:/home/zhihuili/RM_prac/install/bringup_turtlebot3_pkg:/home/zhihuili/RM_prac/install/turtlebot3_dqn:/opt/ros/humble LD_LIBRARY_PATH=/home/zhihuili/RM_prac/install/turtlebot3_msgs/lib:/home/zhihuili/sumo_env/lib:/home/zhihuili/RM_prac/install/pure_pursuit_pkg/lib:/home/zhihuili/RM_prac/install/kinematic_control_pkg/lib:/opt/ros/humble/opt/rviz_ogre_vendor/lib:/opt/ros/humble/lib/x86_64-linux-gnu:/opt/ros/humble/lib /usr/bin/cmake --build /home/zhihuili/RM_prac/build/maintenance_mode_pkg -- -j14 -l14
[1.515s] DEBUG:colcon.colcon_core.event_handler.log_command:Invoking command in '/home/zhihuili/RM_prac/build/maintenance_mode_pkg': CMAKE_PREFIX_PATH=/home/zhihuili/RM_prac/install/turtlebot3_msgs:/home/zhihuili/RM_prac/install/upv_maps_pkg:/home/zhihuili/RM_prac/install/maintenance_mode_pkg:/home/zhihuili/RM_prac/install/turtlebot3_coppeliasim:/home/zhihuili/RM_prac/install/transformations_pkg:/home/zhihuili/RM_prac/install/slam_pkg:/home/zhihuili/RM_prac/install/ros2_vfh:/home/zhihuili/RM_prac/install/pure_pursuit_pkg:/home/zhihuili/RM_prac/install/navigation_pkg:/home/zhihuili/RM_prac/install/kinematic_control_pkg:/home/zhihuili/RM_prac/install/intro_ros_pkg:/home/zhihuili/RM_prac/install/bringup_turtlebot3_pkg:/home/zhihuili/RM_prac/install/turtlebot3_dqn:/opt/ros/humble LD_LIBRARY_PATH=/home/zhihuili/RM_prac/install/turtlebot3_msgs/lib:/home/zhihuili/sumo_env/lib:/home/zhihuili/RM_prac/install/pure_pursuit_pkg/lib:/home/zhihuili/RM_prac/install/kinematic_control_pkg/lib:/opt/ros/humble/opt/rviz_ogre_vendor/lib:/opt/ros/humble/lib/x86_64-linux-gnu:/opt/ros/humble/lib /usr/bin/cmake --install /home/zhihuili/RM_prac/build/maintenance_mode_pkg
[1.554s] Level 1:colcon.colcon_core.environment:create_environment_scripts_only(maintenance_mode_pkg)
[1.555s] Level 1:colcon.colcon_core.environment:checking '/home/zhihuili/RM_prac/install/maintenance_mode_pkg' for CMake module files
[1.556s] DEBUG:colcon.colcon_core.event_handler.log_command:Invoked command in '/home/zhihuili/RM_prac/build/maintenance_mode_pkg' returned '0': CMAKE_PREFIX_PATH=/home/zhihuili/RM_prac/install/turtlebot3_msgs:/home/zhihuili/RM_prac/install/upv_maps_pkg:/home/zhihuili/RM_prac/install/maintenance_mode_pkg:/home/zhihuili/RM_prac/install/turtlebot3_coppeliasim:/home/zhihuili/RM_prac/install/transformations_pkg:/home/zhihuili/RM_prac/install/slam_pkg:/home/zhihuili/RM_prac/install/ros2_vfh:/home/zhihuili/RM_prac/install/pure_pursuit_pkg:/home/zhihuili/RM_prac/install/navigation_pkg:/home/zhihuili/RM_prac/install/kinematic_control_pkg:/home/zhihuili/RM_prac/install/intro_ros_pkg:/home/zhihuili/RM_prac/install/bringup_turtlebot3_pkg:/home/zhihuili/RM_prac/install/turtlebot3_dqn:/opt/ros/humble LD_LIBRARY_PATH=/home/zhihuili/RM_prac/install/turtlebot3_msgs/lib:/home/zhihuili/sumo_env/lib:/home/zhihuili/RM_prac/install/pure_pursuit_pkg/lib:/home/zhihuili/RM_prac/install/kinematic_control_pkg/lib:/opt/ros/humble/opt/rviz_ogre_vendor/lib:/opt/ros/humble/lib/x86_64-linux-gnu:/opt/ros/humble/lib /usr/bin/cmake --install /home/zhihuili/RM_prac/build/maintenance_mode_pkg
[1.557s] Level 1:colcon.colcon_core.environment:checking '/home/zhihuili/RM_prac/install/maintenance_mode_pkg' for CMake config files
[1.558s] Level 1:colcon.colcon_core.shell:create_environment_hook('maintenance_mode_pkg', 'cmake_prefix_path')
[1.559s] INFO:colcon.colcon_core.shell:Creating environment hook '/home/zhihuili/RM_prac/install/maintenance_mode_pkg/share/maintenance_mode_pkg/hook/cmake_prefix_path.ps1'
[1.561s] INFO:colcon.colcon_core.shell:Creating environment descriptor '/home/zhihuili/RM_prac/install/maintenance_mode_pkg/share/maintenance_mode_pkg/hook/cmake_prefix_path.dsv'
[1.563s] INFO:colcon.colcon_core.shell:Creating environment hook '/home/zhihuili/RM_prac/install/maintenance_mode_pkg/share/maintenance_mode_pkg/hook/cmake_prefix_path.sh'
[1.566s] Level 1:colcon.colcon_core.environment:checking '/home/zhihuili/RM_prac/install/maintenance_mode_pkg/lib'
[1.567s] Level 1:colcon.colcon_core.environment:checking '/home/zhihuili/RM_prac/install/maintenance_mode_pkg/bin'
[1.567s] Level 1:colcon.colcon_core.environment:checking '/home/zhihuili/RM_prac/install/maintenance_mode_pkg/lib/pkgconfig/maintenance_mode_pkg.pc'
[1.568s] Level 1:colcon.colcon_core.environment:checking '/home/zhihuili/RM_prac/install/maintenance_mode_pkg/lib/python3.10/site-packages'
[1.568s] Level 1:colcon.colcon_core.environment:checking '/home/zhihuili/RM_prac/install/maintenance_mode_pkg/bin'
[1.569s] INFO:colcon.colcon_core.shell:Creating package script '/home/zhihuili/RM_prac/install/maintenance_mode_pkg/share/maintenance_mode_pkg/package.ps1'
[1.571s] INFO:colcon.colcon_core.shell:Creating package descriptor '/home/zhihuili/RM_prac/install/maintenance_mode_pkg/share/maintenance_mode_pkg/package.dsv'
[1.571s] INFO:colcon.colcon_core.shell:Creating package script '/home/zhihuili/RM_prac/install/maintenance_mode_pkg/share/maintenance_mode_pkg/package.sh'
[1.572s] INFO:colcon.colcon_core.shell:Creating package script '/home/zhihuili/RM_prac/install/maintenance_mode_pkg/share/maintenance_mode_pkg/package.bash'
[1.572s] INFO:colcon.colcon_core.shell:Creating package script '/home/zhihuili/RM_prac/install/maintenance_mode_pkg/share/maintenance_mode_pkg/package.zsh'
[1.573s] Level 1:colcon.colcon_core.environment:create_file_with_runtime_dependencies(/home/zhihuili/RM_prac/install/maintenance_mode_pkg/share/colcon-core/packages/maintenance_mode_pkg)
[1.573s] Level 1:colcon.colcon_core.environment:create_environment_scripts_only(maintenance_mode_pkg)
[1.574s] Level 1:colcon.colcon_core.environment:checking '/home/zhihuili/RM_prac/install/maintenance_mode_pkg' for CMake module files
[1.574s] Level 1:colcon.colcon_core.environment:checking '/home/zhihuili/RM_prac/install/maintenance_mode_pkg' for CMake config files
[1.574s] Level 1:colcon.colcon_core.shell:create_environment_hook('maintenance_mode_pkg', 'cmake_prefix_path')
[1.574s] INFO:colcon.colcon_core.shell:Creating environment hook '/home/zhihuili/RM_prac/install/maintenance_mode_pkg/share/maintenance_mode_pkg/hook/cmake_prefix_path.ps1'
[1.575s] INFO:colcon.colcon_core.shell:Creating environment descriptor '/home/zhihuili/RM_prac/install/maintenance_mode_pkg/share/maintenance_mode_pkg/hook/cmake_prefix_path.dsv'
[1.575s] INFO:colcon.colcon_core.shell:Creating environment hook '/home/zhihuili/RM_prac/install/maintenance_mode_pkg/share/maintenance_mode_pkg/hook/cmake_prefix_path.sh'
[1.577s] Level 1:colcon.colcon_core.environment:checking '/home/zhihuili/RM_prac/install/maintenance_mode_pkg/lib'
[1.577s] Level 1:colcon.colcon_core.environment:checking '/home/zhihuili/RM_prac/install/maintenance_mode_pkg/bin'
[1.577s] Level 1:colcon.colcon_core.environment:checking '/home/zhihuili/RM_prac/install/maintenance_mode_pkg/lib/pkgconfig/maintenance_mode_pkg.pc'
[1.577s] Level 1:colcon.colcon_core.environment:checking '/home/zhihuili/RM_prac/install/maintenance_mode_pkg/lib/python3.10/site-packages'
[1.577s] Level 1:colcon.colcon_core.environment:checking '/home/zhihuili/RM_prac/install/maintenance_mode_pkg/bin'
[1.578s] INFO:colcon.colcon_core.shell:Creating package script '/home/zhihuili/RM_prac/install/maintenance_mode_pkg/share/maintenance_mode_pkg/package.ps1'
[1.578s] INFO:colcon.colcon_core.shell:Creating package descriptor '/home/zhihuili/RM_prac/install/maintenance_mode_pkg/share/maintenance_mode_pkg/package.dsv'
[1.579s] INFO:colcon.colcon_core.shell:Creating package script '/home/zhihuili/RM_prac/install/maintenance_mode_pkg/share/maintenance_mode_pkg/package.sh'
[1.579s] INFO:colcon.colcon_core.shell:Creating package script '/home/zhihuili/RM_prac/install/maintenance_mode_pkg/share/maintenance_mode_pkg/package.bash'
[1.580s] INFO:colcon.colcon_core.shell:Creating package script '/home/zhihuili/RM_prac/install/maintenance_mode_pkg/share/maintenance_mode_pkg/package.zsh'
[1.580s] Level 1:colcon.colcon_core.environment:create_file_with_runtime_dependencies(/home/zhihuili/RM_prac/install/maintenance_mode_pkg/share/colcon-core/packages/maintenance_mode_pkg)
[1.797s] DEBUG:colcon.colcon_core.event_handler.log_command:Invoking command in '/home/zhihuili/RM_prac/src/turtlebot3_dqn': CMAKE_PREFIX_PATH=/home/zhihuili/RM_prac/install/turtlebot3_msgs:/home/zhihuili/RM_prac/install/upv_maps_pkg:/home/zhihuili/RM_prac/install/maintenance_mode_pkg:/home/zhihuili/RM_prac/install/turtlebot3_coppeliasim:/home/zhihuili/RM_prac/install/transformations_pkg:/home/zhihuili/RM_prac/install/slam_pkg:/home/zhihuili/RM_prac/install/ros2_vfh:/home/zhihuili/RM_prac/install/pure_pursuit_pkg:/home/zhihuili/RM_prac/install/navigation_pkg:/home/zhihuili/RM_prac/install/kinematic_control_pkg:/home/zhihuili/RM_prac/install/intro_ros_pkg:/home/zhihuili/RM_prac/install/bringup_turtlebot3_pkg LD_LIBRARY_PATH=/home/zhihuili/RM_prac/install/turtlebot3_msgs/lib:/home/zhihuili/sumo_env/lib:/home/zhihuili/RM_prac/install/pure_pursuit_pkg/lib:/home/zhihuili/RM_prac/install/kinematic_control_pkg/lib:/opt/ros/humble/opt/rviz_ogre_vendor/lib:/opt/ros/humble/lib/x86_64-linux-gnu:/opt/ros/humble/lib PYTHONPATH=/home/zhihuili/RM_prac/build/turtlebot3_dqn/prefix_override:/usr/lib/python3/dist-packages/colcon_core/task/python/colcon_distutils_commands:/home/zhihuili/RM_prac/install/turtlebot3_dqn/lib/python3.10/site-packages:${PYTHONPATH} /usr/bin/python3 -W ignore:setup.py install is deprecated -W ignore:easy_install command is deprecated setup.py egg_info --egg-base ../../build/turtlebot3_dqn build --build-base /home/zhihuili/RM_prac/build/turtlebot3_dqn/build install --record /home/zhihuili/RM_prac/build/turtlebot3_dqn/install.log --single-version-externally-managed install_data
[1.968s] Level 1:colcon.colcon_core.environment:checking '/home/zhihuili/RM_prac/install/turtlebot3_dqn' for CMake module files
[1.969s] DEBUG:colcon.colcon_core.event_handler.log_command:Invoked command in '/home/zhihuili/RM_prac/src/turtlebot3_dqn' returned '0': CMAKE_PREFIX_PATH=/home/zhihuili/RM_prac/install/turtlebot3_msgs:/home/zhihuili/RM_prac/install/upv_maps_pkg:/home/zhihuili/RM_prac/install/maintenance_mode_pkg:/home/zhihuili/RM_prac/install/turtlebot3_coppeliasim:/home/zhihuili/RM_prac/install/transformations_pkg:/home/zhihuili/RM_prac/install/slam_pkg:/home/zhihuili/RM_prac/install/ros2_vfh:/home/zhihuili/RM_prac/install/pure_pursuit_pkg:/home/zhihuili/RM_prac/install/navigation_pkg:/home/zhihuili/RM_prac/install/kinematic_control_pkg:/home/zhihuili/RM_prac/install/intro_ros_pkg:/home/zhihuili/RM_prac/install/bringup_turtlebot3_pkg LD_LIBRARY_PATH=/home/zhihuili/RM_prac/install/turtlebot3_msgs/lib:/home/zhihuili/sumo_env/lib:/home/zhihuili/RM_prac/install/pure_pursuit_pkg/lib:/home/zhihuili/RM_prac/install/kinematic_control_pkg/lib:/opt/ros/humble/opt/rviz_ogre_vendor/lib:/opt/ros/humble/lib/x86_64-linux-gnu:/opt/ros/humble/lib PYTHONPATH=/home/zhihuili/RM_prac/build/turtlebot3_dqn/prefix_override:/usr/lib/python3/dist-packages/colcon_core/task/python/colcon_distutils_commands:/home/zhihuili/RM_prac/install/turtlebot3_dqn/lib/python3.10/site-packages:${PYTHONPATH} /usr/bin/python3 -W ignore:setup.py install is deprecated -W ignore:easy_install command is deprecated setup.py egg_info --egg-base ../../build/turtlebot3_dqn build --build-base /home/zhihuili/RM_prac/build/turtlebot3_dqn/build install --record /home/zhihuili/RM_prac/build/turtlebot3_dqn/install.log --single-version-externally-managed install_data
[1.969s] Level 1:colcon.colcon_core.environment:checking '/home/zhihuili/RM_prac/install/turtlebot3_dqn' for CMake config files
[1.970s] Level 1:colcon.colcon_core.environment:checking '/home/zhihuili/RM_prac/install/turtlebot3_dqn/lib'
[1.970s] Level 1:colcon.colcon_core.environment:checking '/home/zhihuili/RM_prac/install/turtlebot3_dqn/bin'
[1.970s] Level 1:colcon.colcon_core.environment:checking '/home/zhihuili/RM_prac/install/turtlebot3_dqn/lib/pkgconfig/turtlebot3_dqn.pc'
[1.970s] Level 1:colcon.colcon_core.environment:checking '/home/zhihuili/RM_prac/install/turtlebot3_dqn/lib/python3.10/site-packages'
[1.970s] Level 1:colcon.colcon_core.shell:create_environment_hook('turtlebot3_dqn', 'pythonpath')
[1.970s] INFO:colcon.colcon_core.shell:Creating environment hook '/home/zhihuili/RM_prac/install/turtlebot3_dqn/share/turtlebot3_dqn/hook/pythonpath.ps1'
[1.971s] INFO:colcon.colcon_core.shell:Creating environment descriptor '/home/zhihuili/RM_prac/install/turtlebot3_dqn/share/turtlebot3_dqn/hook/pythonpath.dsv'
[1.971s] INFO:colcon.colcon_core.shell:Creating environment hook '/home/zhihuili/RM_prac/install/turtlebot3_dqn/share/turtlebot3_dqn/hook/pythonpath.sh'
[1.972s] Level 1:colcon.colcon_core.environment:checking '/home/zhihuili/RM_prac/install/turtlebot3_dqn/bin'
[1.972s] Level 1:colcon.colcon_core.environment:create_environment_scripts_only(turtlebot3_dqn)
[1.972s] INFO:colcon.colcon_core.shell:Creating package script '/home/zhihuili/RM_prac/install/turtlebot3_dqn/share/turtlebot3_dqn/package.ps1'
[1.973s] INFO:colcon.colcon_core.shell:Creating package descriptor '/home/zhihuili/RM_prac/install/turtlebot3_dqn/share/turtlebot3_dqn/package.dsv'
[1.973s] INFO:colcon.colcon_core.shell:Creating package script '/home/zhihuili/RM_prac/install/turtlebot3_dqn/share/turtlebot3_dqn/package.sh'
[1.973s] INFO:colcon.colcon_core.shell:Creating package script '/home/zhihuili/RM_prac/install/turtlebot3_dqn/share/turtlebot3_dqn/package.bash'
[1.973s] INFO:colcon.colcon_core.shell:Creating package script '/home/zhihuili/RM_prac/install/turtlebot3_dqn/share/turtlebot3_dqn/package.zsh'
[1.976s] Level 1:colcon.colcon_core.environment:create_file_with_runtime_dependencies(/home/zhihuili/RM_prac/install/turtlebot3_dqn/share/colcon-core/packages/turtlebot3_dqn)
[1.976s] DEBUG:colcon.colcon_parallel_executor.executor.parallel:closing loop
[1.977s] DEBUG:colcon.colcon_parallel_executor.executor.parallel:loop closed
[1.977s] DEBUG:colcon.colcon_parallel_executor.executor.parallel:run_until_complete finished with '0'
[1.977s] DEBUG:colcon.colcon_core.event_reactor:joining thread
[1.990s] INFO:colcon.colcon_core.plugin_system:Skipping extension 'colcon_notification.desktop_notification.notify_send': Could not find 'notify-send'
[1.991s] INFO:colcon.colcon_core.plugin_system:Skipping extension 'colcon_notification.desktop_notification.terminal_notifier': Not used on non-Darwin systems
[1.991s] INFO:colcon.colcon_core.plugin_system:Skipping extension 'colcon_notification.desktop_notification.win32': Not used on non-Windows systems
[1.991s] INFO:colcon.colcon_notification.desktop_notification:Sending desktop notification using 'notify2'
[2.010s] DEBUG:colcon.colcon_core.event_reactor:joined thread
[2.012s] INFO:colcon.colcon_core.shell:Creating prefix script '/home/zhihuili/RM_prac/install/local_setup.ps1'
[2.014s] INFO:colcon.colcon_core.shell:Creating prefix util module '/home/zhihuili/RM_prac/install/_local_setup_util_ps1.py'
[2.017s] INFO:colcon.colcon_core.shell:Creating prefix chain script '/home/zhihuili/RM_prac/install/setup.ps1'
[2.021s] INFO:colcon.colcon_core.shell:Creating prefix script '/home/zhihuili/RM_prac/install/local_setup.sh'
[2.022s] INFO:colcon.colcon_core.shell:Creating prefix util module '/home/zhihuili/RM_prac/install/_local_setup_util_sh.py'
[2.024s] INFO:colcon.colcon_core.shell:Creating prefix chain script '/home/zhihuili/RM_prac/install/setup.sh'
[2.028s] INFO:colcon.colcon_core.shell:Creating prefix script '/home/zhihuili/RM_prac/install/local_setup.bash'
[2.030s] INFO:colcon.colcon_core.shell:Creating prefix chain script '/home/zhihuili/RM_prac/install/setup.bash'
[2.033s] INFO:colcon.colcon_core.shell:Creating prefix script '/home/zhihuili/RM_prac/install/local_setup.zsh'
[2.035s] INFO:colcon.colcon_core.shell:Creating prefix chain script '/home/zhihuili/RM_prac/install/setup.zsh'
