[0.117s] DEBUG:colcon:Command line arguments: ['/usr/bin/colcon', 'build']
[0.117s] DEBUG:colcon:Parsed command line arguments: Namespace(log_base=None, log_level=None, verb_name='build', build_base='build', install_base='install', merge_install=False, symlink_install=False, test_result_base=None, continue_on_error=False, executor='parallel', parallel_workers=14, event_handlers=None, ignore_user_meta=False, metas=['./colcon.meta'], base_paths=['.'], packages_ignore=None, packages_ignore_regex=None, paths=None, packages_up_to=None, packages_up_to_regex=None, packages_above=None, packages_above_and_dependencies=None, packages_above_depth=None, packages_select_by_dep=None, packages_skip_by_dep=None, packages_skip_up_to=None, packages_select_build_failed=False, packages_skip_build_finished=False, packages_select_test_failures=False, packages_skip_test_passed=False, packages_select=None, packages_skip=None, packages_select_regex=None, packages_skip_regex=None, packages_start=None, packages_end=None, allow_overriding=[], cmake_args=None, cmake_target=None, cmake_target_skip_unavailable=False, cmake_clean_cache=False, cmake_clean_first=False, cmake_force_configure=False, ament_cmake_args=None, catkin_cmake_args=None, catkin_skip_building_tests=False, mixin_files=None, mixin=None, verb_parser=<colcon_mixin.mixin.mixin_argument.MixinArgumentDecorator object at 0x7be83c44f490>, verb_extension=<colcon_core.verb.build.BuildVerb object at 0x7be83c60c430>, main=<bound method BuildVerb.main of <colcon_core.verb.build.BuildVerb object at 0x7be83c60c430>>, mixin_verb=('build',))
[0.253s] Level 1:colcon.colcon_core.package_discovery:discover_packages(colcon_meta) check parameters
[0.254s] Level 1:colcon.colcon_core.package_discovery:discover_packages(recursive) check parameters
[0.254s] Level 1:colcon.colcon_core.package_discovery:discover_packages(ignore) check parameters
[0.254s] Level 1:colcon.colcon_core.package_discovery:discover_packages(path) check parameters
[0.254s] Level 1:colcon.colcon_core.package_discovery:discover_packages(colcon_meta) discover
[0.254s] Level 1:colcon.colcon_core.package_discovery:discover_packages(recursive) discover
[0.254s] INFO:colcon.colcon_core.package_discovery:Crawling recursively for packages in '/home/zhihuili/RM_prac'
[0.254s] Level 1:colcon.colcon_core.package_identification:_identify(.) by extensions ['ignore', 'ignore_ament_install']
[0.254s] Level 1:colcon.colcon_core.package_identification:_identify(.) by extension 'ignore'
[0.254s] Level 1:colcon.colcon_core.package_identification:_identify(.) by extension 'ignore_ament_install'
[0.254s] Level 1:colcon.colcon_core.package_identification:_identify(.) by extensions ['colcon_pkg']
[0.254s] Level 1:colcon.colcon_core.package_identification:_identify(.) by extension 'colcon_pkg'
[0.254s] Level 1:colcon.colcon_core.package_identification:_identify(.) by extensions ['colcon_meta']
[0.254s] Level 1:colcon.colcon_core.package_identification:_identify(.) by extension 'colcon_meta'
[0.254s] Level 1:colcon.colcon_core.package_identification:_identify(.) by extensions ['ros']
[0.254s] Level 1:colcon.colcon_core.package_identification:_identify(.) by extension 'ros'
[0.264s] Level 1:colcon.colcon_core.package_identification:_identify(.) by extensions ['cmake', 'python']
[0.264s] Level 1:colcon.colcon_core.package_identification:_identify(.) by extension 'cmake'
[0.264s] Level 1:colcon.colcon_core.package_identification:_identify(.) by extension 'python'
[0.264s] Level 1:colcon.colcon_core.package_identification:_identify(.) by extensions ['python_setup_py']
[0.264s] Level 1:colcon.colcon_core.package_identification:_identify(.) by extension 'python_setup_py'
[0.264s] Level 1:colcon.colcon_core.package_identification:_identify(build) by extensions ['ignore', 'ignore_ament_install']
[0.264s] Level 1:colcon.colcon_core.package_identification:_identify(build) by extension 'ignore'
[0.264s] Level 1:colcon.colcon_core.package_identification:_identify(build) ignored
[0.264s] Level 1:colcon.colcon_core.package_identification:_identify(install) by extensions ['ignore', 'ignore_ament_install']
[0.264s] Level 1:colcon.colcon_core.package_identification:_identify(install) by extension 'ignore'
[0.264s] Level 1:colcon.colcon_core.package_identification:_identify(install) ignored
[0.265s] Level 1:colcon.colcon_core.package_identification:_identify(log) by extensions ['ignore', 'ignore_ament_install']
[0.265s] Level 1:colcon.colcon_core.package_identification:_identify(log) by extension 'ignore'
[0.265s] Level 1:colcon.colcon_core.package_identification:_identify(log) ignored
[0.265s] Level 1:colcon.colcon_core.package_identification:_identify(src) by extensions ['ignore', 'ignore_ament_install']
[0.265s] Level 1:colcon.colcon_core.package_identification:_identify(src) by extension 'ignore'
[0.265s] Level 1:colcon.colcon_core.package_identification:_identify(src) by extension 'ignore_ament_install'
[0.265s] Level 1:colcon.colcon_core.package_identification:_identify(src) by extensions ['colcon_pkg']
[0.265s] Level 1:colcon.colcon_core.package_identification:_identify(src) by extension 'colcon_pkg'
[0.265s] Level 1:colcon.colcon_core.package_identification:_identify(src) by extensions ['colcon_meta']
[0.265s] Level 1:colcon.colcon_core.package_identification:_identify(src) by extension 'colcon_meta'
[0.265s] Level 1:colcon.colcon_core.package_identification:_identify(src) by extensions ['ros']
[0.265s] Level 1:colcon.colcon_core.package_identification:_identify(src) by extension 'ros'
[0.265s] Level 1:colcon.colcon_core.package_identification:_identify(src) by extensions ['cmake', 'python']
[0.265s] Level 1:colcon.colcon_core.package_identification:_identify(src) by extension 'cmake'
[0.265s] Level 1:colcon.colcon_core.package_identification:_identify(src) by extension 'python'
[0.265s] Level 1:colcon.colcon_core.package_identification:_identify(src) by extensions ['python_setup_py']
[0.265s] Level 1:colcon.colcon_core.package_identification:_identify(src) by extension 'python_setup_py'
[0.265s] Level 1:colcon.colcon_core.package_identification:_identify(src/bringup_turtlebot3_pkg) by extensions ['ignore', 'ignore_ament_install']
[0.265s] Level 1:colcon.colcon_core.package_identification:_identify(src/bringup_turtlebot3_pkg) by extension 'ignore'
[0.265s] Level 1:colcon.colcon_core.package_identification:_identify(src/bringup_turtlebot3_pkg) by extension 'ignore_ament_install'
[0.265s] Level 1:colcon.colcon_core.package_identification:_identify(src/bringup_turtlebot3_pkg) by extensions ['colcon_pkg']
[0.265s] Level 1:colcon.colcon_core.package_identification:_identify(src/bringup_turtlebot3_pkg) by extension 'colcon_pkg'
[0.265s] Level 1:colcon.colcon_core.package_identification:_identify(src/bringup_turtlebot3_pkg) by extensions ['colcon_meta']
[0.265s] Level 1:colcon.colcon_core.package_identification:_identify(src/bringup_turtlebot3_pkg) by extension 'colcon_meta'
[0.265s] Level 1:colcon.colcon_core.package_identification:_identify(src/bringup_turtlebot3_pkg) by extensions ['ros']
[0.265s] Level 1:colcon.colcon_core.package_identification:_identify(src/bringup_turtlebot3_pkg) by extension 'ros'
[0.268s] DEBUG:colcon.colcon_core.package_identification:Package 'src/bringup_turtlebot3_pkg' with type 'ros.ament_cmake' and name 'bringup_turtlebot3_pkg'
[0.268s] Level 1:colcon.colcon_core.package_identification:_identify(src/intro_ros_pkg) by extensions ['ignore', 'ignore_ament_install']
[0.268s] Level 1:colcon.colcon_core.package_identification:_identify(src/intro_ros_pkg) by extension 'ignore'
[0.268s] Level 1:colcon.colcon_core.package_identification:_identify(src/intro_ros_pkg) by extension 'ignore_ament_install'
[0.268s] Level 1:colcon.colcon_core.package_identification:_identify(src/intro_ros_pkg) by extensions ['colcon_pkg']
[0.268s] Level 1:colcon.colcon_core.package_identification:_identify(src/intro_ros_pkg) by extension 'colcon_pkg'
[0.268s] Level 1:colcon.colcon_core.package_identification:_identify(src/intro_ros_pkg) by extensions ['colcon_meta']
[0.268s] Level 1:colcon.colcon_core.package_identification:_identify(src/intro_ros_pkg) by extension 'colcon_meta'
[0.268s] Level 1:colcon.colcon_core.package_identification:_identify(src/intro_ros_pkg) by extensions ['ros']
[0.268s] Level 1:colcon.colcon_core.package_identification:_identify(src/intro_ros_pkg) by extension 'ros'
[0.269s] DEBUG:colcon.colcon_core.package_identification:Package 'src/intro_ros_pkg' with type 'ros.ament_cmake' and name 'intro_ros_pkg'
[0.269s] Level 1:colcon.colcon_core.package_identification:_identify(src/kinematic_control_pkg) by extensions ['ignore', 'ignore_ament_install']
[0.269s] Level 1:colcon.colcon_core.package_identification:_identify(src/kinematic_control_pkg) by extension 'ignore'
[0.269s] Level 1:colcon.colcon_core.package_identification:_identify(src/kinematic_control_pkg) by extension 'ignore_ament_install'
[0.269s] Level 1:colcon.colcon_core.package_identification:_identify(src/kinematic_control_pkg) by extensions ['colcon_pkg']
[0.269s] Level 1:colcon.colcon_core.package_identification:_identify(src/kinematic_control_pkg) by extension 'colcon_pkg'
[0.269s] Level 1:colcon.colcon_core.package_identification:_identify(src/kinematic_control_pkg) by extensions ['colcon_meta']
[0.269s] Level 1:colcon.colcon_core.package_identification:_identify(src/kinematic_control_pkg) by extension 'colcon_meta'
[0.269s] Level 1:colcon.colcon_core.package_identification:_identify(src/kinematic_control_pkg) by extensions ['ros']
[0.269s] Level 1:colcon.colcon_core.package_identification:_identify(src/kinematic_control_pkg) by extension 'ros'
[0.270s] DEBUG:colcon.colcon_core.package_identification:Package 'src/kinematic_control_pkg' with type 'ros.ament_cmake' and name 'kinematic_control_pkg'
[0.270s] Level 1:colcon.colcon_core.package_identification:_identify(src/maintenance_mode_pkg) by extensions ['ignore', 'ignore_ament_install']
[0.270s] Level 1:colcon.colcon_core.package_identification:_identify(src/maintenance_mode_pkg) by extension 'ignore'
[0.270s] Level 1:colcon.colcon_core.package_identification:_identify(src/maintenance_mode_pkg) by extension 'ignore_ament_install'
[0.270s] Level 1:colcon.colcon_core.package_identification:_identify(src/maintenance_mode_pkg) by extensions ['colcon_pkg']
[0.270s] Level 1:colcon.colcon_core.package_identification:_identify(src/maintenance_mode_pkg) by extension 'colcon_pkg'
[0.270s] Level 1:colcon.colcon_core.package_identification:_identify(src/maintenance_mode_pkg) by extensions ['colcon_meta']
[0.270s] Level 1:colcon.colcon_core.package_identification:_identify(src/maintenance_mode_pkg) by extension 'colcon_meta'
[0.270s] Level 1:colcon.colcon_core.package_identification:_identify(src/maintenance_mode_pkg) by extensions ['ros']
[0.270s] Level 1:colcon.colcon_core.package_identification:_identify(src/maintenance_mode_pkg) by extension 'ros'
[0.271s] DEBUG:colcon.colcon_core.package_identification:Package 'src/maintenance_mode_pkg' with type 'ros.ament_cmake' and name 'maintenance_mode_pkg'
[0.271s] Level 1:colcon.colcon_core.package_identification:_identify(src/navigation_pkg) by extensions ['ignore', 'ignore_ament_install']
[0.271s] Level 1:colcon.colcon_core.package_identification:_identify(src/navigation_pkg) by extension 'ignore'
[0.271s] Level 1:colcon.colcon_core.package_identification:_identify(src/navigation_pkg) by extension 'ignore_ament_install'
[0.271s] Level 1:colcon.colcon_core.package_identification:_identify(src/navigation_pkg) by extensions ['colcon_pkg']
[0.271s] Level 1:colcon.colcon_core.package_identification:_identify(src/navigation_pkg) by extension 'colcon_pkg'
[0.271s] Level 1:colcon.colcon_core.package_identification:_identify(src/navigation_pkg) by extensions ['colcon_meta']
[0.271s] Level 1:colcon.colcon_core.package_identification:_identify(src/navigation_pkg) by extension 'colcon_meta'
[0.271s] Level 1:colcon.colcon_core.package_identification:_identify(src/navigation_pkg) by extensions ['ros']
[0.271s] Level 1:colcon.colcon_core.package_identification:_identify(src/navigation_pkg) by extension 'ros'
[0.272s] DEBUG:colcon.colcon_core.package_identification:Package 'src/navigation_pkg' with type 'ros.ament_cmake' and name 'navigation_pkg'
[0.272s] Level 1:colcon.colcon_core.package_identification:_identify(src/pure_pursuit_pkg) by extensions ['ignore', 'ignore_ament_install']
[0.272s] Level 1:colcon.colcon_core.package_identification:_identify(src/pure_pursuit_pkg) by extension 'ignore'
[0.272s] Level 1:colcon.colcon_core.package_identification:_identify(src/pure_pursuit_pkg) by extension 'ignore_ament_install'
[0.272s] Level 1:colcon.colcon_core.package_identification:_identify(src/pure_pursuit_pkg) by extensions ['colcon_pkg']
[0.272s] Level 1:colcon.colcon_core.package_identification:_identify(src/pure_pursuit_pkg) by extension 'colcon_pkg'
[0.272s] Level 1:colcon.colcon_core.package_identification:_identify(src/pure_pursuit_pkg) by extensions ['colcon_meta']
[0.272s] Level 1:colcon.colcon_core.package_identification:_identify(src/pure_pursuit_pkg) by extension 'colcon_meta'
[0.272s] Level 1:colcon.colcon_core.package_identification:_identify(src/pure_pursuit_pkg) by extensions ['ros']
[0.272s] Level 1:colcon.colcon_core.package_identification:_identify(src/pure_pursuit_pkg) by extension 'ros'
[0.273s] DEBUG:colcon.colcon_core.package_identification:Package 'src/pure_pursuit_pkg' with type 'ros.ament_cmake' and name 'pure_pursuit_pkg'
[0.273s] Level 1:colcon.colcon_core.package_identification:_identify(src/ros2_vfh) by extensions ['ignore', 'ignore_ament_install']
[0.273s] Level 1:colcon.colcon_core.package_identification:_identify(src/ros2_vfh) by extension 'ignore'
[0.273s] Level 1:colcon.colcon_core.package_identification:_identify(src/ros2_vfh) by extension 'ignore_ament_install'
[0.273s] Level 1:colcon.colcon_core.package_identification:_identify(src/ros2_vfh) by extensions ['colcon_pkg']
[0.273s] Level 1:colcon.colcon_core.package_identification:_identify(src/ros2_vfh) by extension 'colcon_pkg'
[0.273s] Level 1:colcon.colcon_core.package_identification:_identify(src/ros2_vfh) by extensions ['colcon_meta']
[0.273s] Level 1:colcon.colcon_core.package_identification:_identify(src/ros2_vfh) by extension 'colcon_meta'
[0.273s] Level 1:colcon.colcon_core.package_identification:_identify(src/ros2_vfh) by extensions ['ros']
[0.273s] Level 1:colcon.colcon_core.package_identification:_identify(src/ros2_vfh) by extension 'ros'
[0.274s] DEBUG:colcon.colcon_core.package_identification:Package 'src/ros2_vfh' with type 'ros.ament_cmake' and name 'ros2_vfh'
[0.274s] Level 1:colcon.colcon_core.package_identification:_identify(src/slam_pkg) by extensions ['ignore', 'ignore_ament_install']
[0.274s] Level 1:colcon.colcon_core.package_identification:_identify(src/slam_pkg) by extension 'ignore'
[0.274s] Level 1:colcon.colcon_core.package_identification:_identify(src/slam_pkg) by extension 'ignore_ament_install'
[0.274s] Level 1:colcon.colcon_core.package_identification:_identify(src/slam_pkg) by extensions ['colcon_pkg']
[0.274s] Level 1:colcon.colcon_core.package_identification:_identify(src/slam_pkg) by extension 'colcon_pkg'
[0.274s] Level 1:colcon.colcon_core.package_identification:_identify(src/slam_pkg) by extensions ['colcon_meta']
[0.274s] Level 1:colcon.colcon_core.package_identification:_identify(src/slam_pkg) by extension 'colcon_meta'
[0.274s] Level 1:colcon.colcon_core.package_identification:_identify(src/slam_pkg) by extensions ['ros']
[0.274s] Level 1:colcon.colcon_core.package_identification:_identify(src/slam_pkg) by extension 'ros'
[0.275s] DEBUG:colcon.colcon_core.package_identification:Package 'src/slam_pkg' with type 'ros.ament_cmake' and name 'slam_pkg'
[0.275s] Level 1:colcon.colcon_core.package_identification:_identify(src/transformations_pkg) by extensions ['ignore', 'ignore_ament_install']
[0.275s] Level 1:colcon.colcon_core.package_identification:_identify(src/transformations_pkg) by extension 'ignore'
[0.275s] Level 1:colcon.colcon_core.package_identification:_identify(src/transformations_pkg) by extension 'ignore_ament_install'
[0.275s] Level 1:colcon.colcon_core.package_identification:_identify(src/transformations_pkg) by extensions ['colcon_pkg']
[0.275s] Level 1:colcon.colcon_core.package_identification:_identify(src/transformations_pkg) by extension 'colcon_pkg'
[0.275s] Level 1:colcon.colcon_core.package_identification:_identify(src/transformations_pkg) by extensions ['colcon_meta']
[0.275s] Level 1:colcon.colcon_core.package_identification:_identify(src/transformations_pkg) by extension 'colcon_meta'
[0.275s] Level 1:colcon.colcon_core.package_identification:_identify(src/transformations_pkg) by extensions ['ros']
[0.275s] Level 1:colcon.colcon_core.package_identification:_identify(src/transformations_pkg) by extension 'ros'
[0.276s] DEBUG:colcon.colcon_core.package_identification:Package 'src/transformations_pkg' with type 'ros.ament_cmake' and name 'transformations_pkg'
[0.276s] Level 1:colcon.colcon_core.package_identification:_identify(src/turtlebot3_coppeliasim) by extensions ['ignore', 'ignore_ament_install']
[0.276s] Level 1:colcon.colcon_core.package_identification:_identify(src/turtlebot3_coppeliasim) by extension 'ignore'
[0.276s] Level 1:colcon.colcon_core.package_identification:_identify(src/turtlebot3_coppeliasim) by extension 'ignore_ament_install'
[0.276s] Level 1:colcon.colcon_core.package_identification:_identify(src/turtlebot3_coppeliasim) by extensions ['colcon_pkg']
[0.276s] Level 1:colcon.colcon_core.package_identification:_identify(src/turtlebot3_coppeliasim) by extension 'colcon_pkg'
[0.276s] Level 1:colcon.colcon_core.package_identification:_identify(src/turtlebot3_coppeliasim) by extensions ['colcon_meta']
[0.276s] Level 1:colcon.colcon_core.package_identification:_identify(src/turtlebot3_coppeliasim) by extension 'colcon_meta'
[0.276s] Level 1:colcon.colcon_core.package_identification:_identify(src/turtlebot3_coppeliasim) by extensions ['ros']
[0.276s] Level 1:colcon.colcon_core.package_identification:_identify(src/turtlebot3_coppeliasim) by extension 'ros'
[0.277s] DEBUG:colcon.colcon_core.package_identification:Package 'src/turtlebot3_coppeliasim' with type 'ros.ament_cmake' and name 'turtlebot3_coppeliasim'
[0.277s] Level 1:colcon.colcon_core.package_identification:_identify(src/turtlebot3_dqn) by extensions ['ignore', 'ignore_ament_install']
[0.277s] Level 1:colcon.colcon_core.package_identification:_identify(src/turtlebot3_dqn) by extension 'ignore'
[0.277s] Level 1:colcon.colcon_core.package_identification:_identify(src/turtlebot3_dqn) by extension 'ignore_ament_install'
[0.277s] Level 1:colcon.colcon_core.package_identification:_identify(src/turtlebot3_dqn) by extensions ['colcon_pkg']
[0.277s] Level 1:colcon.colcon_core.package_identification:_identify(src/turtlebot3_dqn) by extension 'colcon_pkg'
[0.277s] Level 1:colcon.colcon_core.package_identification:_identify(src/turtlebot3_dqn) by extensions ['colcon_meta']
[0.277s] Level 1:colcon.colcon_core.package_identification:_identify(src/turtlebot3_dqn) by extension 'colcon_meta'
[0.277s] Level 1:colcon.colcon_core.package_identification:_identify(src/turtlebot3_dqn) by extensions ['ros']
[0.277s] Level 1:colcon.colcon_core.package_identification:_identify(src/turtlebot3_dqn) by extension 'ros'
[0.277s] DEBUG:colcon.colcon_core.package_identification:Package 'src/turtlebot3_dqn' with type 'ros.ament_python' and name 'turtlebot3_dqn'
[0.277s] Level 1:colcon.colcon_core.package_identification:_identify(src/turtlebot3_msgs) by extensions ['ignore', 'ignore_ament_install']
[0.278s] Level 1:colcon.colcon_core.package_identification:_identify(src/turtlebot3_msgs) by extension 'ignore'
[0.278s] Level 1:colcon.colcon_core.package_identification:_identify(src/turtlebot3_msgs) by extension 'ignore_ament_install'
[0.278s] Level 1:colcon.colcon_core.package_identification:_identify(src/turtlebot3_msgs) by extensions ['colcon_pkg']
[0.278s] Level 1:colcon.colcon_core.package_identification:_identify(src/turtlebot3_msgs) by extension 'colcon_pkg'
[0.278s] Level 1:colcon.colcon_core.package_identification:_identify(src/turtlebot3_msgs) by extensions ['colcon_meta']
[0.278s] Level 1:colcon.colcon_core.package_identification:_identify(src/turtlebot3_msgs) by extension 'colcon_meta'
[0.278s] Level 1:colcon.colcon_core.package_identification:_identify(src/turtlebot3_msgs) by extensions ['ros']
[0.278s] Level 1:colcon.colcon_core.package_identification:_identify(src/turtlebot3_msgs) by extension 'ros'
[0.279s] DEBUG:colcon.colcon_core.package_identification:Package 'src/turtlebot3_msgs' with type 'ros.ament_cmake' and name 'turtlebot3_msgs'
[0.279s] Level 1:colcon.colcon_core.package_identification:_identify(src/upv_maps_pkg) by extensions ['ignore', 'ignore_ament_install']
[0.279s] Level 1:colcon.colcon_core.package_identification:_identify(src/upv_maps_pkg) by extension 'ignore'
[0.280s] Level 1:colcon.colcon_core.package_identification:_identify(src/upv_maps_pkg) by extension 'ignore_ament_install'
[0.280s] Level 1:colcon.colcon_core.package_identification:_identify(src/upv_maps_pkg) by extensions ['colcon_pkg']
[0.280s] Level 1:colcon.colcon_core.package_identification:_identify(src/upv_maps_pkg) by extension 'colcon_pkg'
[0.280s] Level 1:colcon.colcon_core.package_identification:_identify(src/upv_maps_pkg) by extensions ['colcon_meta']
[0.280s] Level 1:colcon.colcon_core.package_identification:_identify(src/upv_maps_pkg) by extension 'colcon_meta'
[0.280s] Level 1:colcon.colcon_core.package_identification:_identify(src/upv_maps_pkg) by extensions ['ros']
[0.280s] Level 1:colcon.colcon_core.package_identification:_identify(src/upv_maps_pkg) by extension 'ros'
[0.280s] DEBUG:colcon.colcon_core.package_identification:Package 'src/upv_maps_pkg' with type 'ros.ament_cmake' and name 'upv_maps_pkg'
[0.280s] Level 1:colcon.colcon_core.package_discovery:discover_packages(recursive) using defaults
[0.280s] Level 1:colcon.colcon_core.package_discovery:discover_packages(ignore) discover
[0.280s] Level 1:colcon.colcon_core.package_discovery:discover_packages(ignore) using defaults
[0.280s] Level 1:colcon.colcon_core.package_discovery:discover_packages(path) discover
[0.280s] Level 1:colcon.colcon_core.package_discovery:discover_packages(path) using defaults
[0.313s] Level 1:colcon.colcon_core.package_discovery:discover_packages(prefix_path) check parameters
[0.313s] Level 1:colcon.colcon_core.package_discovery:discover_packages(prefix_path) discover
[0.316s] DEBUG:colcon.colcon_installed_package_information.package_discovery:Found 13 installed packages in /home/zhihuili/RM_prac/install
[0.316s] DEBUG:colcon.colcon_installed_package_information.package_discovery:Found 1 installed packages in /home/zhihuili/sim_ros2_interface/install
[0.317s] DEBUG:colcon.colcon_installed_package_information.package_discovery:Found 325 installed packages in /opt/ros/humble
[0.319s] Level 1:colcon.colcon_core.package_discovery:discover_packages(prefix_path) using defaults
[0.354s] Level 5:colcon.colcon_core.verb:set package 'bringup_turtlebot3_pkg' build argument 'cmake_args' from command line to 'None'
[0.354s] Level 5:colcon.colcon_core.verb:set package 'bringup_turtlebot3_pkg' build argument 'cmake_target' from command line to 'None'
[0.354s] Level 5:colcon.colcon_core.verb:set package 'bringup_turtlebot3_pkg' build argument 'cmake_target_skip_unavailable' from command line to 'False'
[0.354s] Level 5:colcon.colcon_core.verb:set package 'bringup_turtlebot3_pkg' build argument 'cmake_clean_cache' from command line to 'False'
[0.354s] Level 5:colcon.colcon_core.verb:set package 'bringup_turtlebot3_pkg' build argument 'cmake_clean_first' from command line to 'False'
[0.354s] Level 5:colcon.colcon_core.verb:set package 'bringup_turtlebot3_pkg' build argument 'cmake_force_configure' from command line to 'False'
[0.354s] Level 5:colcon.colcon_core.verb:set package 'bringup_turtlebot3_pkg' build argument 'ament_cmake_args' from command line to 'None'
[0.354s] Level 5:colcon.colcon_core.verb:set package 'bringup_turtlebot3_pkg' build argument 'catkin_cmake_args' from command line to 'None'
[0.354s] Level 5:colcon.colcon_core.verb:set package 'bringup_turtlebot3_pkg' build argument 'catkin_skip_building_tests' from command line to 'False'
[0.354s] DEBUG:colcon.colcon_core.verb:Building package 'bringup_turtlebot3_pkg' with the following arguments: {'ament_cmake_args': None, 'build_base': '/home/zhihuili/RM_prac/build/bringup_turtlebot3_pkg', 'catkin_cmake_args': None, 'catkin_skip_building_tests': False, 'cmake_args': None, 'cmake_clean_cache': False, 'cmake_clean_first': False, 'cmake_force_configure': False, 'cmake_target': None, 'cmake_target_skip_unavailable': False, 'install_base': '/home/zhihuili/RM_prac/install/bringup_turtlebot3_pkg', 'merge_install': False, 'path': '/home/zhihuili/RM_prac/src/bringup_turtlebot3_pkg', 'symlink_install': False, 'test_result_base': None}
[0.354s] Level 5:colcon.colcon_core.verb:set package 'intro_ros_pkg' build argument 'cmake_args' from command line to 'None'
[0.354s] Level 5:colcon.colcon_core.verb:set package 'intro_ros_pkg' build argument 'cmake_target' from command line to 'None'
[0.354s] Level 5:colcon.colcon_core.verb:set package 'intro_ros_pkg' build argument 'cmake_target_skip_unavailable' from command line to 'False'
[0.354s] Level 5:colcon.colcon_core.verb:set package 'intro_ros_pkg' build argument 'cmake_clean_cache' from command line to 'False'
[0.354s] Level 5:colcon.colcon_core.verb:set package 'intro_ros_pkg' build argument 'cmake_clean_first' from command line to 'False'
[0.354s] Level 5:colcon.colcon_core.verb:set package 'intro_ros_pkg' build argument 'cmake_force_configure' from command line to 'False'
[0.354s] Level 5:colcon.colcon_core.verb:set package 'intro_ros_pkg' build argument 'ament_cmake_args' from command line to 'None'
[0.354s] Level 5:colcon.colcon_core.verb:set package 'intro_ros_pkg' build argument 'catkin_cmake_args' from command line to 'None'
[0.354s] Level 5:colcon.colcon_core.verb:set package 'intro_ros_pkg' build argument 'catkin_skip_building_tests' from command line to 'False'
[0.354s] DEBUG:colcon.colcon_core.verb:Building package 'intro_ros_pkg' with the following arguments: {'ament_cmake_args': None, 'build_base': '/home/zhihuili/RM_prac/build/intro_ros_pkg', 'catkin_cmake_args': None, 'catkin_skip_building_tests': False, 'cmake_args': None, 'cmake_clean_cache': False, 'cmake_clean_first': False, 'cmake_force_configure': False, 'cmake_target': None, 'cmake_target_skip_unavailable': False, 'install_base': '/home/zhihuili/RM_prac/install/intro_ros_pkg', 'merge_install': False, 'path': '/home/zhihuili/RM_prac/src/intro_ros_pkg', 'symlink_install': False, 'test_result_base': None}
[0.355s] Level 5:colcon.colcon_core.verb:set package 'kinematic_control_pkg' build argument 'cmake_args' from command line to 'None'
[0.355s] Level 5:colcon.colcon_core.verb:set package 'kinematic_control_pkg' build argument 'cmake_target' from command line to 'None'
[0.355s] Level 5:colcon.colcon_core.verb:set package 'kinematic_control_pkg' build argument 'cmake_target_skip_unavailable' from command line to 'False'
[0.355s] Level 5:colcon.colcon_core.verb:set package 'kinematic_control_pkg' build argument 'cmake_clean_cache' from command line to 'False'
[0.355s] Level 5:colcon.colcon_core.verb:set package 'kinematic_control_pkg' build argument 'cmake_clean_first' from command line to 'False'
[0.355s] Level 5:colcon.colcon_core.verb:set package 'kinematic_control_pkg' build argument 'cmake_force_configure' from command line to 'False'
[0.355s] Level 5:colcon.colcon_core.verb:set package 'kinematic_control_pkg' build argument 'ament_cmake_args' from command line to 'None'
[0.355s] Level 5:colcon.colcon_core.verb:set package 'kinematic_control_pkg' build argument 'catkin_cmake_args' from command line to 'None'
[0.355s] Level 5:colcon.colcon_core.verb:set package 'kinematic_control_pkg' build argument 'catkin_skip_building_tests' from command line to 'False'
[0.355s] DEBUG:colcon.colcon_core.verb:Building package 'kinematic_control_pkg' with the following arguments: {'ament_cmake_args': None, 'build_base': '/home/zhihuili/RM_prac/build/kinematic_control_pkg', 'catkin_cmake_args': None, 'catkin_skip_building_tests': False, 'cmake_args': None, 'cmake_clean_cache': False, 'cmake_clean_first': False, 'cmake_force_configure': False, 'cmake_target': None, 'cmake_target_skip_unavailable': False, 'install_base': '/home/zhihuili/RM_prac/install/kinematic_control_pkg', 'merge_install': False, 'path': '/home/zhihuili/RM_prac/src/kinematic_control_pkg', 'symlink_install': False, 'test_result_base': None}
[0.355s] Level 5:colcon.colcon_core.verb:set package 'navigation_pkg' build argument 'cmake_args' from command line to 'None'
[0.355s] Level 5:colcon.colcon_core.verb:set package 'navigation_pkg' build argument 'cmake_target' from command line to 'None'
[0.355s] Level 5:colcon.colcon_core.verb:set package 'navigation_pkg' build argument 'cmake_target_skip_unavailable' from command line to 'False'
[0.355s] Level 5:colcon.colcon_core.verb:set package 'navigation_pkg' build argument 'cmake_clean_cache' from command line to 'False'
[0.355s] Level 5:colcon.colcon_core.verb:set package 'navigation_pkg' build argument 'cmake_clean_first' from command line to 'False'
[0.355s] Level 5:colcon.colcon_core.verb:set package 'navigation_pkg' build argument 'cmake_force_configure' from command line to 'False'
[0.355s] Level 5:colcon.colcon_core.verb:set package 'navigation_pkg' build argument 'ament_cmake_args' from command line to 'None'
[0.355s] Level 5:colcon.colcon_core.verb:set package 'navigation_pkg' build argument 'catkin_cmake_args' from command line to 'None'
[0.355s] Level 5:colcon.colcon_core.verb:set package 'navigation_pkg' build argument 'catkin_skip_building_tests' from command line to 'False'
[0.355s] DEBUG:colcon.colcon_core.verb:Building package 'navigation_pkg' with the following arguments: {'ament_cmake_args': None, 'build_base': '/home/zhihuili/RM_prac/build/navigation_pkg', 'catkin_cmake_args': None, 'catkin_skip_building_tests': False, 'cmake_args': None, 'cmake_clean_cache': False, 'cmake_clean_first': False, 'cmake_force_configure': False, 'cmake_target': None, 'cmake_target_skip_unavailable': False, 'install_base': '/home/zhihuili/RM_prac/install/navigation_pkg', 'merge_install': False, 'path': '/home/zhihuili/RM_prac/src/navigation_pkg', 'symlink_install': False, 'test_result_base': None}
[0.355s] Level 5:colcon.colcon_core.verb:set package 'pure_pursuit_pkg' build argument 'cmake_args' from command line to 'None'
[0.356s] Level 5:colcon.colcon_core.verb:set package 'pure_pursuit_pkg' build argument 'cmake_target' from command line to 'None'
[0.356s] Level 5:colcon.colcon_core.verb:set package 'pure_pursuit_pkg' build argument 'cmake_target_skip_unavailable' from command line to 'False'
[0.356s] Level 5:colcon.colcon_core.verb:set package 'pure_pursuit_pkg' build argument 'cmake_clean_cache' from command line to 'False'
[0.356s] Level 5:colcon.colcon_core.verb:set package 'pure_pursuit_pkg' build argument 'cmake_clean_first' from command line to 'False'
[0.356s] Level 5:colcon.colcon_core.verb:set package 'pure_pursuit_pkg' build argument 'cmake_force_configure' from command line to 'False'
[0.356s] Level 5:colcon.colcon_core.verb:set package 'pure_pursuit_pkg' build argument 'ament_cmake_args' from command line to 'None'
[0.356s] Level 5:colcon.colcon_core.verb:set package 'pure_pursuit_pkg' build argument 'catkin_cmake_args' from command line to 'None'
[0.356s] Level 5:colcon.colcon_core.verb:set package 'pure_pursuit_pkg' build argument 'catkin_skip_building_tests' from command line to 'False'
[0.356s] DEBUG:colcon.colcon_core.verb:Building package 'pure_pursuit_pkg' with the following arguments: {'ament_cmake_args': None, 'build_base': '/home/zhihuili/RM_prac/build/pure_pursuit_pkg', 'catkin_cmake_args': None, 'catkin_skip_building_tests': False, 'cmake_args': None, 'cmake_clean_cache': False, 'cmake_clean_first': False, 'cmake_force_configure': False, 'cmake_target': None, 'cmake_target_skip_unavailable': False, 'install_base': '/home/zhihuili/RM_prac/install/pure_pursuit_pkg', 'merge_install': False, 'path': '/home/zhihuili/RM_prac/src/pure_pursuit_pkg', 'symlink_install': False, 'test_result_base': None}
[0.356s] Level 5:colcon.colcon_core.verb:set package 'ros2_vfh' build argument 'cmake_args' from command line to 'None'
[0.356s] Level 5:colcon.colcon_core.verb:set package 'ros2_vfh' build argument 'cmake_target' from command line to 'None'
[0.356s] Level 5:colcon.colcon_core.verb:set package 'ros2_vfh' build argument 'cmake_target_skip_unavailable' from command line to 'False'
[0.356s] Level 5:colcon.colcon_core.verb:set package 'ros2_vfh' build argument 'cmake_clean_cache' from command line to 'False'
[0.356s] Level 5:colcon.colcon_core.verb:set package 'ros2_vfh' build argument 'cmake_clean_first' from command line to 'False'
[0.356s] Level 5:colcon.colcon_core.verb:set package 'ros2_vfh' build argument 'cmake_force_configure' from command line to 'False'
[0.356s] Level 5:colcon.colcon_core.verb:set package 'ros2_vfh' build argument 'ament_cmake_args' from command line to 'None'
[0.356s] Level 5:colcon.colcon_core.verb:set package 'ros2_vfh' build argument 'catkin_cmake_args' from command line to 'None'
[0.356s] Level 5:colcon.colcon_core.verb:set package 'ros2_vfh' build argument 'catkin_skip_building_tests' from command line to 'False'
[0.356s] DEBUG:colcon.colcon_core.verb:Building package 'ros2_vfh' with the following arguments: {'ament_cmake_args': None, 'build_base': '/home/zhihuili/RM_prac/build/ros2_vfh', 'catkin_cmake_args': None, 'catkin_skip_building_tests': False, 'cmake_args': None, 'cmake_clean_cache': False, 'cmake_clean_first': False, 'cmake_force_configure': False, 'cmake_target': None, 'cmake_target_skip_unavailable': False, 'install_base': '/home/zhihuili/RM_prac/install/ros2_vfh', 'merge_install': False, 'path': '/home/zhihuili/RM_prac/src/ros2_vfh', 'symlink_install': False, 'test_result_base': None}
[0.356s] Level 5:colcon.colcon_core.verb:set package 'slam_pkg' build argument 'cmake_args' from command line to 'None'
[0.356s] Level 5:colcon.colcon_core.verb:set package 'slam_pkg' build argument 'cmake_target' from command line to 'None'
[0.356s] Level 5:colcon.colcon_core.verb:set package 'slam_pkg' build argument 'cmake_target_skip_unavailable' from command line to 'False'
[0.356s] Level 5:colcon.colcon_core.verb:set package 'slam_pkg' build argument 'cmake_clean_cache' from command line to 'False'
[0.356s] Level 5:colcon.colcon_core.verb:set package 'slam_pkg' build argument 'cmake_clean_first' from command line to 'False'
[0.356s] Level 5:colcon.colcon_core.verb:set package 'slam_pkg' build argument 'cmake_force_configure' from command line to 'False'
[0.356s] Level 5:colcon.colcon_core.verb:set package 'slam_pkg' build argument 'ament_cmake_args' from command line to 'None'
[0.357s] Level 5:colcon.colcon_core.verb:set package 'slam_pkg' build argument 'catkin_cmake_args' from command line to 'None'
[0.357s] Level 5:colcon.colcon_core.verb:set package 'slam_pkg' build argument 'catkin_skip_building_tests' from command line to 'False'
[0.357s] DEBUG:colcon.colcon_core.verb:Building package 'slam_pkg' with the following arguments: {'ament_cmake_args': None, 'build_base': '/home/zhihuili/RM_prac/build/slam_pkg', 'catkin_cmake_args': None, 'catkin_skip_building_tests': False, 'cmake_args': None, 'cmake_clean_cache': False, 'cmake_clean_first': False, 'cmake_force_configure': False, 'cmake_target': None, 'cmake_target_skip_unavailable': False, 'install_base': '/home/zhihuili/RM_prac/install/slam_pkg', 'merge_install': False, 'path': '/home/zhihuili/RM_prac/src/slam_pkg', 'symlink_install': False, 'test_result_base': None}
[0.357s] Level 5:colcon.colcon_core.verb:set package 'transformations_pkg' build argument 'cmake_args' from command line to 'None'
[0.357s] Level 5:colcon.colcon_core.verb:set package 'transformations_pkg' build argument 'cmake_target' from command line to 'None'
[0.357s] Level 5:colcon.colcon_core.verb:set package 'transformations_pkg' build argument 'cmake_target_skip_unavailable' from command line to 'False'
[0.357s] Level 5:colcon.colcon_core.verb:set package 'transformations_pkg' build argument 'cmake_clean_cache' from command line to 'False'
[0.357s] Level 5:colcon.colcon_core.verb:set package 'transformations_pkg' build argument 'cmake_clean_first' from command line to 'False'
[0.357s] Level 5:colcon.colcon_core.verb:set package 'transformations_pkg' build argument 'cmake_force_configure' from command line to 'False'
[0.357s] Level 5:colcon.colcon_core.verb:set package 'transformations_pkg' build argument 'ament_cmake_args' from command line to 'None'
[0.357s] Level 5:colcon.colcon_core.verb:set package 'transformations_pkg' build argument 'catkin_cmake_args' from command line to 'None'
[0.357s] Level 5:colcon.colcon_core.verb:set package 'transformations_pkg' build argument 'catkin_skip_building_tests' from command line to 'False'
[0.357s] DEBUG:colcon.colcon_core.verb:Building package 'transformations_pkg' with the following arguments: {'ament_cmake_args': None, 'build_base': '/home/zhihuili/RM_prac/build/transformations_pkg', 'catkin_cmake_args': None, 'catkin_skip_building_tests': False, 'cmake_args': None, 'cmake_clean_cache': False, 'cmake_clean_first': False, 'cmake_force_configure': False, 'cmake_target': None, 'cmake_target_skip_unavailable': False, 'install_base': '/home/zhihuili/RM_prac/install/transformations_pkg', 'merge_install': False, 'path': '/home/zhihuili/RM_prac/src/transformations_pkg', 'symlink_install': False, 'test_result_base': None}
[0.357s] Level 5:colcon.colcon_core.verb:set package 'turtlebot3_coppeliasim' build argument 'cmake_args' from command line to 'None'
[0.357s] Level 5:colcon.colcon_core.verb:set package 'turtlebot3_coppeliasim' build argument 'cmake_target' from command line to 'None'
[0.357s] Level 5:colcon.colcon_core.verb:set package 'turtlebot3_coppeliasim' build argument 'cmake_target_skip_unavailable' from command line to 'False'
[0.357s] Level 5:colcon.colcon_core.verb:set package 'turtlebot3_coppeliasim' build argument 'cmake_clean_cache' from command line to 'False'
[0.357s] Level 5:colcon.colcon_core.verb:set package 'turtlebot3_coppeliasim' build argument 'cmake_clean_first' from command line to 'False'
[0.357s] Level 5:colcon.colcon_core.verb:set package 'turtlebot3_coppeliasim' build argument 'cmake_force_configure' from command line to 'False'
[0.357s] Level 5:colcon.colcon_core.verb:set package 'turtlebot3_coppeliasim' build argument 'ament_cmake_args' from command line to 'None'
[0.357s] Level 5:colcon.colcon_core.verb:set package 'turtlebot3_coppeliasim' build argument 'catkin_cmake_args' from command line to 'None'
[0.357s] Level 5:colcon.colcon_core.verb:set package 'turtlebot3_coppeliasim' build argument 'catkin_skip_building_tests' from command line to 'False'
[0.357s] DEBUG:colcon.colcon_core.verb:Building package 'turtlebot3_coppeliasim' with the following arguments: {'ament_cmake_args': None, 'build_base': '/home/zhihuili/RM_prac/build/turtlebot3_coppeliasim', 'catkin_cmake_args': None, 'catkin_skip_building_tests': False, 'cmake_args': None, 'cmake_clean_cache': False, 'cmake_clean_first': False, 'cmake_force_configure': False, 'cmake_target': None, 'cmake_target_skip_unavailable': False, 'install_base': '/home/zhihuili/RM_prac/install/turtlebot3_coppeliasim', 'merge_install': False, 'path': '/home/zhihuili/RM_prac/src/turtlebot3_coppeliasim', 'symlink_install': False, 'test_result_base': None}
[0.358s] Level 5:colcon.colcon_core.verb:set package 'turtlebot3_msgs' build argument 'cmake_args' from command line to 'None'
[0.358s] Level 5:colcon.colcon_core.verb:set package 'turtlebot3_msgs' build argument 'cmake_target' from command line to 'None'
[0.358s] Level 5:colcon.colcon_core.verb:set package 'turtlebot3_msgs' build argument 'cmake_target_skip_unavailable' from command line to 'False'
[0.358s] Level 5:colcon.colcon_core.verb:set package 'turtlebot3_msgs' build argument 'cmake_clean_cache' from command line to 'False'
[0.358s] Level 5:colcon.colcon_core.verb:set package 'turtlebot3_msgs' build argument 'cmake_clean_first' from command line to 'False'
[0.358s] Level 5:colcon.colcon_core.verb:set package 'turtlebot3_msgs' build argument 'cmake_force_configure' from command line to 'False'
[0.358s] Level 5:colcon.colcon_core.verb:set package 'turtlebot3_msgs' build argument 'ament_cmake_args' from command line to 'None'
[0.358s] Level 5:colcon.colcon_core.verb:set package 'turtlebot3_msgs' build argument 'catkin_cmake_args' from command line to 'None'
[0.358s] Level 5:colcon.colcon_core.verb:set package 'turtlebot3_msgs' build argument 'catkin_skip_building_tests' from command line to 'False'
[0.358s] DEBUG:colcon.colcon_core.verb:Building package 'turtlebot3_msgs' with the following arguments: {'ament_cmake_args': None, 'build_base': '/home/zhihuili/RM_prac/build/turtlebot3_msgs', 'catkin_cmake_args': None, 'catkin_skip_building_tests': False, 'cmake_args': None, 'cmake_clean_cache': False, 'cmake_clean_first': False, 'cmake_force_configure': False, 'cmake_target': None, 'cmake_target_skip_unavailable': False, 'install_base': '/home/zhihuili/RM_prac/install/turtlebot3_msgs', 'merge_install': False, 'path': '/home/zhihuili/RM_prac/src/turtlebot3_msgs', 'symlink_install': False, 'test_result_base': None}
[0.358s] Level 5:colcon.colcon_core.verb:set package 'upv_maps_pkg' build argument 'cmake_args' from command line to 'None'
[0.358s] Level 5:colcon.colcon_core.verb:set package 'upv_maps_pkg' build argument 'cmake_target' from command line to 'None'
[0.358s] Level 5:colcon.colcon_core.verb:set package 'upv_maps_pkg' build argument 'cmake_target_skip_unavailable' from command line to 'False'
[0.358s] Level 5:colcon.colcon_core.verb:set package 'upv_maps_pkg' build argument 'cmake_clean_cache' from command line to 'False'
[0.358s] Level 5:colcon.colcon_core.verb:set package 'upv_maps_pkg' build argument 'cmake_clean_first' from command line to 'False'
[0.358s] Level 5:colcon.colcon_core.verb:set package 'upv_maps_pkg' build argument 'cmake_force_configure' from command line to 'False'
[0.358s] Level 5:colcon.colcon_core.verb:set package 'upv_maps_pkg' build argument 'ament_cmake_args' from command line to 'None'
[0.358s] Level 5:colcon.colcon_core.verb:set package 'upv_maps_pkg' build argument 'catkin_cmake_args' from command line to 'None'
[0.358s] Level 5:colcon.colcon_core.verb:set package 'upv_maps_pkg' build argument 'catkin_skip_building_tests' from command line to 'False'
[0.358s] DEBUG:colcon.colcon_core.verb:Building package 'upv_maps_pkg' with the following arguments: {'ament_cmake_args': None, 'build_base': '/home/zhihuili/RM_prac/build/upv_maps_pkg', 'catkin_cmake_args': None, 'catkin_skip_building_tests': False, 'cmake_args': None, 'cmake_clean_cache': False, 'cmake_clean_first': False, 'cmake_force_configure': False, 'cmake_target': None, 'cmake_target_skip_unavailable': False, 'install_base': '/home/zhihuili/RM_prac/install/upv_maps_pkg', 'merge_install': False, 'path': '/home/zhihuili/RM_prac/src/upv_maps_pkg', 'symlink_install': False, 'test_result_base': None}
[0.358s] Level 5:colcon.colcon_core.verb:set package 'maintenance_mode_pkg' build argument 'cmake_args' from command line to 'None'
[0.359s] Level 5:colcon.colcon_core.verb:set package 'maintenance_mode_pkg' build argument 'cmake_target' from command line to 'None'
[0.359s] Level 5:colcon.colcon_core.verb:set package 'maintenance_mode_pkg' build argument 'cmake_target_skip_unavailable' from command line to 'False'
[0.359s] Level 5:colcon.colcon_core.verb:set package 'maintenance_mode_pkg' build argument 'cmake_clean_cache' from command line to 'False'
[0.359s] Level 5:colcon.colcon_core.verb:set package 'maintenance_mode_pkg' build argument 'cmake_clean_first' from command line to 'False'
[0.359s] Level 5:colcon.colcon_core.verb:set package 'maintenance_mode_pkg' build argument 'cmake_force_configure' from command line to 'False'
[0.359s] Level 5:colcon.colcon_core.verb:set package 'maintenance_mode_pkg' build argument 'ament_cmake_args' from command line to 'None'
[0.359s] Level 5:colcon.colcon_core.verb:set package 'maintenance_mode_pkg' build argument 'catkin_cmake_args' from command line to 'None'
[0.359s] Level 5:colcon.colcon_core.verb:set package 'maintenance_mode_pkg' build argument 'catkin_skip_building_tests' from command line to 'False'
[0.359s] DEBUG:colcon.colcon_core.verb:Building package 'maintenance_mode_pkg' with the following arguments: {'ament_cmake_args': None, 'build_base': '/home/zhihuili/RM_prac/build/maintenance_mode_pkg', 'catkin_cmake_args': None, 'catkin_skip_building_tests': False, 'cmake_args': None, 'cmake_clean_cache': False, 'cmake_clean_first': False, 'cmake_force_configure': False, 'cmake_target': None, 'cmake_target_skip_unavailable': False, 'install_base': '/home/zhihuili/RM_prac/install/maintenance_mode_pkg', 'merge_install': False, 'path': '/home/zhihuili/RM_prac/src/maintenance_mode_pkg', 'symlink_install': False, 'test_result_base': None}
[0.359s] Level 5:colcon.colcon_core.verb:set package 'turtlebot3_dqn' build argument 'cmake_args' from command line to 'None'
[0.359s] Level 5:colcon.colcon_core.verb:set package 'turtlebot3_dqn' build argument 'cmake_target' from command line to 'None'
[0.359s] Level 5:colcon.colcon_core.verb:set package 'turtlebot3_dqn' build argument 'cmake_target_skip_unavailable' from command line to 'False'
[0.359s] Level 5:colcon.colcon_core.verb:set package 'turtlebot3_dqn' build argument 'cmake_clean_cache' from command line to 'False'
[0.359s] Level 5:colcon.colcon_core.verb:set package 'turtlebot3_dqn' build argument 'cmake_clean_first' from command line to 'False'
[0.359s] Level 5:colcon.colcon_core.verb:set package 'turtlebot3_dqn' build argument 'cmake_force_configure' from command line to 'False'
[0.359s] Level 5:colcon.colcon_core.verb:set package 'turtlebot3_dqn' build argument 'ament_cmake_args' from command line to 'None'
[0.359s] Level 5:colcon.colcon_core.verb:set package 'turtlebot3_dqn' build argument 'catkin_cmake_args' from command line to 'None'
[0.359s] Level 5:colcon.colcon_core.verb:set package 'turtlebot3_dqn' build argument 'catkin_skip_building_tests' from command line to 'False'
[0.359s] DEBUG:colcon.colcon_core.verb:Building package 'turtlebot3_dqn' with the following arguments: {'ament_cmake_args': None, 'build_base': '/home/zhihuili/RM_prac/build/turtlebot3_dqn', 'catkin_cmake_args': None, 'catkin_skip_building_tests': False, 'cmake_args': None, 'cmake_clean_cache': False, 'cmake_clean_first': False, 'cmake_force_configure': False, 'cmake_target': None, 'cmake_target_skip_unavailable': False, 'install_base': '/home/zhihuili/RM_prac/install/turtlebot3_dqn', 'merge_install': False, 'path': '/home/zhihuili/RM_prac/src/turtlebot3_dqn', 'symlink_install': False, 'test_result_base': None}
[0.359s] INFO:colcon.colcon_core.executor:Executing jobs using 'parallel' executor
[0.361s] DEBUG:colcon.colcon_parallel_executor.executor.parallel:run_until_complete
[0.361s] INFO:colcon.colcon_ros.task.ament_cmake.build:Building ROS package in '/home/zhihuili/RM_prac/src/turtlebot3_msgs' with build type 'ament_cmake'
[0.361s] INFO:colcon.colcon_cmake.task.cmake.build:Building CMake package in '/home/zhihuili/RM_prac/src/turtlebot3_msgs'
[0.363s] INFO:colcon.colcon_core.plugin_system:Skipping extension 'colcon_core.shell.bat': Not used on non-Windows systems
[0.364s] INFO:colcon.colcon_core.shell:Skip shell extension 'powershell' for command environment: Not usable outside of PowerShell
[0.364s] DEBUG:colcon.colcon_core.shell:Skip shell extension 'dsv' for command environment
[0.368s] INFO:colcon.colcon_ros.task.ament_cmake.build:Building ROS package in '/home/zhihuili/RM_prac/src/bringup_turtlebot3_pkg' with build type 'ament_cmake'
[0.368s] INFO:colcon.colcon_cmake.task.cmake.build:Building CMake package in '/home/zhihuili/RM_prac/src/bringup_turtlebot3_pkg'
[0.368s] INFO:colcon.colcon_core.shell:Skip shell extension 'powershell' for command environment: Not usable outside of PowerShell
[0.368s] DEBUG:colcon.colcon_core.shell:Skip shell extension 'dsv' for command environment
[0.372s] INFO:colcon.colcon_ros.task.ament_cmake.build:Building ROS package in '/home/zhihuili/RM_prac/src/intro_ros_pkg' with build type 'ament_cmake'
[0.372s] INFO:colcon.colcon_cmake.task.cmake.build:Building CMake package in '/home/zhihuili/RM_prac/src/intro_ros_pkg'
[0.372s] INFO:colcon.colcon_core.shell:Skip shell extension 'powershell' for command environment: Not usable outside of PowerShell
[0.372s] DEBUG:colcon.colcon_core.shell:Skip shell extension 'dsv' for command environment
[0.376s] INFO:colcon.colcon_ros.task.ament_cmake.build:Building ROS package in '/home/zhihuili/RM_prac/src/kinematic_control_pkg' with build type 'ament_cmake'
[0.376s] INFO:colcon.colcon_cmake.task.cmake.build:Building CMake package in '/home/zhihuili/RM_prac/src/kinematic_control_pkg'
[0.376s] INFO:colcon.colcon_core.shell:Skip shell extension 'powershell' for command environment: Not usable outside of PowerShell
[0.376s] DEBUG:colcon.colcon_core.shell:Skip shell extension 'dsv' for command environment
[0.380s] INFO:colcon.colcon_ros.task.ament_cmake.build:Building ROS package in '/home/zhihuili/RM_prac/src/navigation_pkg' with build type 'ament_cmake'
[0.381s] INFO:colcon.colcon_cmake.task.cmake.build:Building CMake package in '/home/zhihuili/RM_prac/src/navigation_pkg'
[0.381s] INFO:colcon.colcon_core.shell:Skip shell extension 'powershell' for command environment: Not usable outside of PowerShell
[0.381s] DEBUG:colcon.colcon_core.shell:Skip shell extension 'dsv' for command environment
[0.385s] INFO:colcon.colcon_ros.task.ament_cmake.build:Building ROS package in '/home/zhihuili/RM_prac/src/pure_pursuit_pkg' with build type 'ament_cmake'
[0.385s] INFO:colcon.colcon_cmake.task.cmake.build:Building CMake package in '/home/zhihuili/RM_prac/src/pure_pursuit_pkg'
[0.385s] INFO:colcon.colcon_core.shell:Skip shell extension 'powershell' for command environment: Not usable outside of PowerShell
[0.385s] DEBUG:colcon.colcon_core.shell:Skip shell extension 'dsv' for command environment
[0.389s] INFO:colcon.colcon_ros.task.ament_cmake.build:Building ROS package in '/home/zhihuili/RM_prac/src/ros2_vfh' with build type 'ament_cmake'
[0.389s] INFO:colcon.colcon_cmake.task.cmake.build:Building CMake package in '/home/zhihuili/RM_prac/src/ros2_vfh'
[0.389s] INFO:colcon.colcon_core.shell:Skip shell extension 'powershell' for command environment: Not usable outside of PowerShell
[0.389s] DEBUG:colcon.colcon_core.shell:Skip shell extension 'dsv' for command environment
[0.393s] INFO:colcon.colcon_ros.task.ament_cmake.build:Building ROS package in '/home/zhihuili/RM_prac/src/slam_pkg' with build type 'ament_cmake'
[0.393s] INFO:colcon.colcon_cmake.task.cmake.build:Building CMake package in '/home/zhihuili/RM_prac/src/slam_pkg'
[0.393s] INFO:colcon.colcon_core.shell:Skip shell extension 'powershell' for command environment: Not usable outside of PowerShell
[0.393s] DEBUG:colcon.colcon_core.shell:Skip shell extension 'dsv' for command environment
[0.397s] INFO:colcon.colcon_ros.task.ament_cmake.build:Building ROS package in '/home/zhihuili/RM_prac/src/transformations_pkg' with build type 'ament_cmake'
[0.398s] INFO:colcon.colcon_cmake.task.cmake.build:Building CMake package in '/home/zhihuili/RM_prac/src/transformations_pkg'
[0.398s] INFO:colcon.colcon_core.shell:Skip shell extension 'powershell' for command environment: Not usable outside of PowerShell
[0.398s] DEBUG:colcon.colcon_core.shell:Skip shell extension 'dsv' for command environment
[0.402s] INFO:colcon.colcon_ros.task.ament_cmake.build:Building ROS package in '/home/zhihuili/RM_prac/src/turtlebot3_coppeliasim' with build type 'ament_cmake'
[0.402s] INFO:colcon.colcon_cmake.task.cmake.build:Building CMake package in '/home/zhihuili/RM_prac/src/turtlebot3_coppeliasim'
[0.402s] INFO:colcon.colcon_core.shell:Skip shell extension 'powershell' for command environment: Not usable outside of PowerShell
[0.402s] DEBUG:colcon.colcon_core.shell:Skip shell extension 'dsv' for command environment
[0.406s] INFO:colcon.colcon_ros.task.ament_cmake.build:Building ROS package in '/home/zhihuili/RM_prac/src/upv_maps_pkg' with build type 'ament_cmake'
[0.406s] INFO:colcon.colcon_cmake.task.cmake.build:Building CMake package in '/home/zhihuili/RM_prac/src/upv_maps_pkg'
[0.406s] INFO:colcon.colcon_core.shell:Skip shell extension 'powershell' for command environment: Not usable outside of PowerShell
[0.406s] DEBUG:colcon.colcon_core.shell:Skip shell extension 'dsv' for command environment
[0.419s] DEBUG:colcon.colcon_core.event_handler.log_command:Invoking command in '/home/zhihuili/RM_prac/build/turtlebot3_msgs': CMAKE_PREFIX_PATH=${CMAKE_PREFIX_PATH}:/home/zhihuili/RM_prac/install/turtlebot3_dqn:/opt/ros/humble /usr/bin/cmake --build /home/zhihuili/RM_prac/build/turtlebot3_msgs -- -j14 -l14
[0.422s] DEBUG:colcon.colcon_core.event_handler.log_command:Invoking command in '/home/zhihuili/RM_prac/build/bringup_turtlebot3_pkg': CMAKE_PREFIX_PATH=${CMAKE_PREFIX_PATH}:/home/zhihuili/RM_prac/install/turtlebot3_dqn:/opt/ros/humble /usr/bin/cmake --build /home/zhihuili/RM_prac/build/bringup_turtlebot3_pkg -- -j14 -l14
[0.425s] DEBUG:colcon.colcon_core.event_handler.log_command:Invoking command in '/home/zhihuili/RM_prac/build/intro_ros_pkg': CMAKE_PREFIX_PATH=${CMAKE_PREFIX_PATH}:/home/zhihuili/RM_prac/install/turtlebot3_dqn:/opt/ros/humble /usr/bin/cmake --build /home/zhihuili/RM_prac/build/intro_ros_pkg -- -j14 -l14
[0.428s] DEBUG:colcon.colcon_core.event_handler.log_command:Invoking command in '/home/zhihuili/RM_prac/build/kinematic_control_pkg': CMAKE_PREFIX_PATH=${CMAKE_PREFIX_PATH}:/home/zhihuili/RM_prac/install/turtlebot3_dqn:/opt/ros/humble /usr/bin/cmake --build /home/zhihuili/RM_prac/build/kinematic_control_pkg -- -j14 -l14
[0.433s] DEBUG:colcon.colcon_core.event_handler.log_command:Invoking command in '/home/zhihuili/RM_prac/build/navigation_pkg': CMAKE_PREFIX_PATH=${CMAKE_PREFIX_PATH}:/home/zhihuili/RM_prac/install/turtlebot3_dqn:/opt/ros/humble /usr/bin/cmake --build /home/zhihuili/RM_prac/build/navigation_pkg -- -j14 -l14
[0.436s] DEBUG:colcon.colcon_core.event_handler.log_command:Invoking command in '/home/zhihuili/RM_prac/build/pure_pursuit_pkg': CMAKE_PREFIX_PATH=${CMAKE_PREFIX_PATH}:/home/zhihuili/RM_prac/install/turtlebot3_dqn:/opt/ros/humble /usr/bin/cmake --build /home/zhihuili/RM_prac/build/pure_pursuit_pkg -- -j14 -l14
[0.442s] DEBUG:colcon.colcon_core.event_handler.log_command:Invoking command in '/home/zhihuili/RM_prac/build/ros2_vfh': CMAKE_PREFIX_PATH=${CMAKE_PREFIX_PATH}:/home/zhihuili/RM_prac/install/turtlebot3_dqn:/opt/ros/humble /usr/bin/cmake --build /home/zhihuili/RM_prac/build/ros2_vfh -- -j14 -l14
[0.452s] DEBUG:colcon.colcon_core.event_handler.log_command:Invoking command in '/home/zhihuili/RM_prac/build/slam_pkg': CMAKE_PREFIX_PATH=${CMAKE_PREFIX_PATH}:/home/zhihuili/RM_prac/install/turtlebot3_dqn:/opt/ros/humble /usr/bin/cmake --build /home/zhihuili/RM_prac/build/slam_pkg -- -j14 -l14
[0.458s] DEBUG:colcon.colcon_core.event_handler.log_command:Invoking command in '/home/zhihuili/RM_prac/build/transformations_pkg': CMAKE_PREFIX_PATH=${CMAKE_PREFIX_PATH}:/home/zhihuili/RM_prac/install/turtlebot3_dqn:/opt/ros/humble /usr/bin/cmake --build /home/zhihuili/RM_prac/build/transformations_pkg -- -j14 -l14
[0.460s] DEBUG:colcon.colcon_core.event_handler.log_command:Invoking command in '/home/zhihuili/RM_prac/build/turtlebot3_coppeliasim': CMAKE_PREFIX_PATH=${CMAKE_PREFIX_PATH}:/home/zhihuili/RM_prac/install/turtlebot3_dqn:/opt/ros/humble /usr/bin/cmake --build /home/zhihuili/RM_prac/build/turtlebot3_coppeliasim -- -j14 -l14
[0.465s] DEBUG:colcon.colcon_core.event_handler.log_command:Invoking command in '/home/zhihuili/RM_prac/build/upv_maps_pkg': CMAKE_PREFIX_PATH=${CMAKE_PREFIX_PATH}:/home/zhihuili/RM_prac/install/turtlebot3_dqn:/opt/ros/humble /usr/bin/cmake --build /home/zhihuili/RM_prac/build/upv_maps_pkg -- -j14 -l14
[0.505s] DEBUG:colcon.colcon_core.event_handler.log_command:Invoked command in '/home/zhihuili/RM_prac/build/navigation_pkg' returned '0': CMAKE_PREFIX_PATH=${CMAKE_PREFIX_PATH}:/home/zhihuili/RM_prac/install/turtlebot3_dqn:/opt/ros/humble /usr/bin/cmake --build /home/zhihuili/RM_prac/build/navigation_pkg -- -j14 -l14
[0.545s] DEBUG:colcon.colcon_core.event_handler.log_command:Invoking command in '/home/zhihuili/RM_prac/build/navigation_pkg': CMAKE_PREFIX_PATH=${CMAKE_PREFIX_PATH}:/home/zhihuili/RM_prac/install/turtlebot3_dqn:/opt/ros/humble /usr/bin/cmake --install /home/zhihuili/RM_prac/build/navigation_pkg
[0.560s] DEBUG:colcon.colcon_core.event_handler.log_command:Invoked command in '/home/zhihuili/RM_prac/build/turtlebot3_coppeliasim' returned '0': CMAKE_PREFIX_PATH=${CMAKE_PREFIX_PATH}:/home/zhihuili/RM_prac/install/turtlebot3_dqn:/opt/ros/humble /usr/bin/cmake --build /home/zhihuili/RM_prac/build/turtlebot3_coppeliasim -- -j14 -l14
[0.561s] DEBUG:colcon.colcon_core.event_handler.log_command:Invoking command in '/home/zhihuili/RM_prac/build/turtlebot3_coppeliasim': CMAKE_PREFIX_PATH=${CMAKE_PREFIX_PATH}:/home/zhihuili/RM_prac/install/turtlebot3_dqn:/opt/ros/humble /usr/bin/cmake --install /home/zhihuili/RM_prac/build/turtlebot3_coppeliasim
[0.571s] DEBUG:colcon.colcon_core.event_handler.log_command:Invoked command in '/home/zhihuili/RM_prac/build/upv_maps_pkg' returned '0': CMAKE_PREFIX_PATH=${CMAKE_PREFIX_PATH}:/home/zhihuili/RM_prac/install/turtlebot3_dqn:/opt/ros/humble /usr/bin/cmake --build /home/zhihuili/RM_prac/build/upv_maps_pkg -- -j14 -l14
[0.578s] DEBUG:colcon.colcon_core.event_handler.log_command:Invoking command in '/home/zhihuili/RM_prac/build/upv_maps_pkg': CMAKE_PREFIX_PATH=${CMAKE_PREFIX_PATH}:/home/zhihuili/RM_prac/install/turtlebot3_dqn:/opt/ros/humble /usr/bin/cmake --install /home/zhihuili/RM_prac/build/upv_maps_pkg
[0.619s] Level 1:colcon.colcon_core.environment:create_environment_scripts_only(upv_maps_pkg)
[0.644s] Level 1:colcon.colcon_core.environment:checking '/home/zhihuili/RM_prac/install/upv_maps_pkg' for CMake module files
[0.645s] Level 1:colcon.colcon_core.environment:checking '/home/zhihuili/RM_prac/install/upv_maps_pkg' for CMake config files
[0.653s] Level 1:colcon.colcon_core.shell:create_environment_hook('upv_maps_pkg', 'cmake_prefix_path')
[0.653s] DEBUG:colcon.colcon_core.event_handler.log_command:Invoked command in '/home/zhihuili/RM_prac/build/intro_ros_pkg' returned '0': CMAKE_PREFIX_PATH=${CMAKE_PREFIX_PATH}:/home/zhihuili/RM_prac/install/turtlebot3_dqn:/opt/ros/humble /usr/bin/cmake --build /home/zhihuili/RM_prac/build/intro_ros_pkg -- -j14 -l14
[0.654s] INFO:colcon.colcon_core.shell:Creating environment hook '/home/zhihuili/RM_prac/install/upv_maps_pkg/share/upv_maps_pkg/hook/cmake_prefix_path.ps1'
[0.656s] DEBUG:colcon.colcon_core.event_handler.log_command:Invoking command in '/home/zhihuili/RM_prac/build/intro_ros_pkg': CMAKE_PREFIX_PATH=${CMAKE_PREFIX_PATH}:/home/zhihuili/RM_prac/install/turtlebot3_dqn:/opt/ros/humble /usr/bin/cmake --install /home/zhihuili/RM_prac/build/intro_ros_pkg
[0.658s] INFO:colcon.colcon_core.shell:Creating environment descriptor '/home/zhihuili/RM_prac/install/upv_maps_pkg/share/upv_maps_pkg/hook/cmake_prefix_path.dsv'
[0.659s] INFO:colcon.colcon_core.shell:Creating environment hook '/home/zhihuili/RM_prac/install/upv_maps_pkg/share/upv_maps_pkg/hook/cmake_prefix_path.sh'
[0.662s] Level 1:colcon.colcon_core.environment:checking '/home/zhihuili/RM_prac/install/upv_maps_pkg/bin'
[0.663s] Level 1:colcon.colcon_core.environment:checking '/home/zhihuili/RM_prac/install/upv_maps_pkg/lib/pkgconfig/upv_maps_pkg.pc'
[0.663s] Level 1:colcon.colcon_core.environment:checking '/home/zhihuili/RM_prac/install/upv_maps_pkg/lib/python3.10/site-packages'
[0.664s] Level 1:colcon.colcon_core.environment:checking '/home/zhihuili/RM_prac/install/upv_maps_pkg/bin'
[0.665s] INFO:colcon.colcon_core.shell:Creating package script '/home/zhihuili/RM_prac/install/upv_maps_pkg/share/upv_maps_pkg/package.ps1'
[0.669s] INFO:colcon.colcon_core.shell:Creating package descriptor '/home/zhihuili/RM_prac/install/upv_maps_pkg/share/upv_maps_pkg/package.dsv'
[0.672s] INFO:colcon.colcon_core.shell:Creating package script '/home/zhihuili/RM_prac/install/upv_maps_pkg/share/upv_maps_pkg/package.sh'
[0.673s] INFO:colcon.colcon_core.shell:Creating package script '/home/zhihuili/RM_prac/install/upv_maps_pkg/share/upv_maps_pkg/package.bash'
[0.674s] INFO:colcon.colcon_core.shell:Creating package script '/home/zhihuili/RM_prac/install/upv_maps_pkg/share/upv_maps_pkg/package.zsh'
[0.675s] Level 1:colcon.colcon_core.environment:create_file_with_runtime_dependencies(/home/zhihuili/RM_prac/install/upv_maps_pkg/share/colcon-core/packages/upv_maps_pkg)
[0.678s] Level 1:colcon.colcon_core.environment:create_environment_scripts_only(upv_maps_pkg)
[0.678s] Level 1:colcon.colcon_core.environment:checking '/home/zhihuili/RM_prac/install/upv_maps_pkg' for CMake module files
[0.680s] Level 1:colcon.colcon_core.environment:checking '/home/zhihuili/RM_prac/install/upv_maps_pkg' for CMake config files
[0.681s] Level 1:colcon.colcon_core.shell:create_environment_hook('upv_maps_pkg', 'cmake_prefix_path')
[0.681s] DEBUG:colcon.colcon_core.event_handler.log_command:Invoked command in '/home/zhihuili/RM_prac/build/slam_pkg' returned '0': CMAKE_PREFIX_PATH=${CMAKE_PREFIX_PATH}:/home/zhihuili/RM_prac/install/turtlebot3_dqn:/opt/ros/humble /usr/bin/cmake --build /home/zhihuili/RM_prac/build/slam_pkg -- -j14 -l14
[0.682s] INFO:colcon.colcon_core.shell:Creating environment hook '/home/zhihuili/RM_prac/install/upv_maps_pkg/share/upv_maps_pkg/hook/cmake_prefix_path.ps1'
[0.683s] DEBUG:colcon.colcon_core.event_handler.log_command:Invoking command in '/home/zhihuili/RM_prac/build/slam_pkg': CMAKE_PREFIX_PATH=${CMAKE_PREFIX_PATH}:/home/zhihuili/RM_prac/install/turtlebot3_dqn:/opt/ros/humble /usr/bin/cmake --install /home/zhihuili/RM_prac/build/slam_pkg
[0.685s] INFO:colcon.colcon_core.shell:Creating environment descriptor '/home/zhihuili/RM_prac/install/upv_maps_pkg/share/upv_maps_pkg/hook/cmake_prefix_path.dsv'
[0.687s] INFO:colcon.colcon_core.shell:Creating environment hook '/home/zhihuili/RM_prac/install/upv_maps_pkg/share/upv_maps_pkg/hook/cmake_prefix_path.sh'
[0.688s] DEBUG:colcon.colcon_core.event_handler.log_command:Invoked command in '/home/zhihuili/RM_prac/build/transformations_pkg' returned '0': CMAKE_PREFIX_PATH=${CMAKE_PREFIX_PATH}:/home/zhihuili/RM_prac/install/turtlebot3_dqn:/opt/ros/humble /usr/bin/cmake --build /home/zhihuili/RM_prac/build/transformations_pkg -- -j14 -l14
[0.688s] DEBUG:colcon.colcon_core.event_handler.log_command:Invoking command in '/home/zhihuili/RM_prac/build/transformations_pkg': CMAKE_PREFIX_PATH=${CMAKE_PREFIX_PATH}:/home/zhihuili/RM_prac/install/turtlebot3_dqn:/opt/ros/humble /usr/bin/cmake --install /home/zhihuili/RM_prac/build/transformations_pkg
[0.690s] Level 1:colcon.colcon_core.environment:checking '/home/zhihuili/RM_prac/install/upv_maps_pkg/bin'
[0.690s] Level 1:colcon.colcon_core.environment:checking '/home/zhihuili/RM_prac/install/upv_maps_pkg/lib/pkgconfig/upv_maps_pkg.pc'
[0.691s] Level 1:colcon.colcon_core.environment:checking '/home/zhihuili/RM_prac/install/upv_maps_pkg/lib/python3.10/site-packages'
[0.692s] Level 1:colcon.colcon_core.environment:checking '/home/zhihuili/RM_prac/install/upv_maps_pkg/bin'
[0.693s] INFO:colcon.colcon_core.shell:Creating package script '/home/zhihuili/RM_prac/install/upv_maps_pkg/share/upv_maps_pkg/package.ps1'
[0.694s] DEBUG:colcon.colcon_core.event_handler.log_command:Invoked command in '/home/zhihuili/RM_prac/build/upv_maps_pkg' returned '0': CMAKE_PREFIX_PATH=${CMAKE_PREFIX_PATH}:/home/zhihuili/RM_prac/install/turtlebot3_dqn:/opt/ros/humble /usr/bin/cmake --install /home/zhihuili/RM_prac/build/upv_maps_pkg
[0.697s] INFO:colcon.colcon_core.shell:Creating package descriptor '/home/zhihuili/RM_prac/install/upv_maps_pkg/share/upv_maps_pkg/package.dsv'
[0.699s] INFO:colcon.colcon_core.shell:Creating package script '/home/zhihuili/RM_prac/install/upv_maps_pkg/share/upv_maps_pkg/package.sh'
[0.700s] INFO:colcon.colcon_core.shell:Creating package script '/home/zhihuili/RM_prac/install/upv_maps_pkg/share/upv_maps_pkg/package.bash'
[0.703s] INFO:colcon.colcon_core.shell:Creating package script '/home/zhihuili/RM_prac/install/upv_maps_pkg/share/upv_maps_pkg/package.zsh'
[0.704s] Level 1:colcon.colcon_core.environment:create_file_with_runtime_dependencies(/home/zhihuili/RM_prac/install/upv_maps_pkg/share/colcon-core/packages/upv_maps_pkg)
[0.719s] Level 1:colcon.colcon_core.environment:create_environment_scripts_only(navigation_pkg)
[0.720s] Level 1:colcon.colcon_core.environment:checking '/home/zhihuili/RM_prac/install/navigation_pkg' for CMake module files
[0.721s] Level 1:colcon.colcon_core.environment:checking '/home/zhihuili/RM_prac/install/navigation_pkg' for CMake config files
[0.725s] Level 1:colcon.colcon_core.shell:create_environment_hook('navigation_pkg', 'cmake_prefix_path')
[0.725s] INFO:colcon.colcon_core.shell:Creating environment hook '/home/zhihuili/RM_prac/install/navigation_pkg/share/navigation_pkg/hook/cmake_prefix_path.ps1'
[0.727s] INFO:colcon.colcon_core.shell:Creating environment descriptor '/home/zhihuili/RM_prac/install/navigation_pkg/share/navigation_pkg/hook/cmake_prefix_path.dsv'
[0.730s] INFO:colcon.colcon_core.shell:Creating environment hook '/home/zhihuili/RM_prac/install/navigation_pkg/share/navigation_pkg/hook/cmake_prefix_path.sh'
[0.732s] Level 1:colcon.colcon_core.environment:checking '/home/zhihuili/RM_prac/install/navigation_pkg/bin'
[0.733s] Level 1:colcon.colcon_core.environment:checking '/home/zhihuili/RM_prac/install/navigation_pkg/lib/pkgconfig/navigation_pkg.pc'
[0.734s] Level 1:colcon.colcon_core.environment:checking '/home/zhihuili/RM_prac/install/navigation_pkg/lib/python3.10/site-packages'
[0.735s] Level 1:colcon.colcon_core.environment:checking '/home/zhihuili/RM_prac/install/navigation_pkg/bin'
[0.736s] INFO:colcon.colcon_core.shell:Creating package script '/home/zhihuili/RM_prac/install/navigation_pkg/share/navigation_pkg/package.ps1'
[0.740s] INFO:colcon.colcon_core.shell:Creating package descriptor '/home/zhihuili/RM_prac/install/navigation_pkg/share/navigation_pkg/package.dsv'
[0.743s] INFO:colcon.colcon_core.shell:Creating package script '/home/zhihuili/RM_prac/install/navigation_pkg/share/navigation_pkg/package.sh'
[0.744s] INFO:colcon.colcon_core.shell:Creating package script '/home/zhihuili/RM_prac/install/navigation_pkg/share/navigation_pkg/package.bash'
[0.747s] INFO:colcon.colcon_core.shell:Creating package script '/home/zhihuili/RM_prac/install/navigation_pkg/share/navigation_pkg/package.zsh'
[0.749s] DEBUG:colcon.colcon_core.event_handler.log_command:Invoked command in '/home/zhihuili/RM_prac/build/bringup_turtlebot3_pkg' returned '0': CMAKE_PREFIX_PATH=${CMAKE_PREFIX_PATH}:/home/zhihuili/RM_prac/install/turtlebot3_dqn:/opt/ros/humble /usr/bin/cmake --build /home/zhihuili/RM_prac/build/bringup_turtlebot3_pkg -- -j14 -l14
[0.749s] Level 1:colcon.colcon_core.environment:create_file_with_runtime_dependencies(/home/zhihuili/RM_prac/install/navigation_pkg/share/colcon-core/packages/navigation_pkg)
[0.752s] Level 1:colcon.colcon_core.environment:create_environment_scripts_only(navigation_pkg)
[0.752s] DEBUG:colcon.colcon_core.event_handler.log_command:Invoking command in '/home/zhihuili/RM_prac/build/bringup_turtlebot3_pkg': CMAKE_PREFIX_PATH=${CMAKE_PREFIX_PATH}:/home/zhihuili/RM_prac/install/turtlebot3_dqn:/opt/ros/humble /usr/bin/cmake --install /home/zhihuili/RM_prac/build/bringup_turtlebot3_pkg
[0.753s] Level 1:colcon.colcon_core.environment:checking '/home/zhihuili/RM_prac/install/navigation_pkg' for CMake module files
[0.793s] Level 1:colcon.colcon_core.environment:checking '/home/zhihuili/RM_prac/install/navigation_pkg' for CMake config files
[0.797s] Level 1:colcon.colcon_core.shell:create_environment_hook('navigation_pkg', 'cmake_prefix_path')
[0.797s] INFO:colcon.colcon_core.shell:Creating environment hook '/home/zhihuili/RM_prac/install/navigation_pkg/share/navigation_pkg/hook/cmake_prefix_path.ps1'
[0.800s] INFO:colcon.colcon_core.shell:Creating environment descriptor '/home/zhihuili/RM_prac/install/navigation_pkg/share/navigation_pkg/hook/cmake_prefix_path.dsv'
[0.802s] DEBUG:colcon.colcon_core.event_handler.log_command:Invoked command in '/home/zhihuili/RM_prac/build/navigation_pkg' returned '0': CMAKE_PREFIX_PATH=${CMAKE_PREFIX_PATH}:/home/zhihuili/RM_prac/install/turtlebot3_dqn:/opt/ros/humble /usr/bin/cmake --install /home/zhihuili/RM_prac/build/navigation_pkg
[0.802s] INFO:colcon.colcon_core.shell:Creating environment hook '/home/zhihuili/RM_prac/install/navigation_pkg/share/navigation_pkg/hook/cmake_prefix_path.sh'
[0.805s] Level 1:colcon.colcon_core.environment:checking '/home/zhihuili/RM_prac/install/navigation_pkg/bin'
[0.805s] Level 1:colcon.colcon_core.environment:checking '/home/zhihuili/RM_prac/install/navigation_pkg/lib/pkgconfig/navigation_pkg.pc'
[0.806s] Level 1:colcon.colcon_core.environment:checking '/home/zhihuili/RM_prac/install/navigation_pkg/lib/python3.10/site-packages'
[0.807s] Level 1:colcon.colcon_core.environment:checking '/home/zhihuili/RM_prac/install/navigation_pkg/bin'
[0.807s] INFO:colcon.colcon_core.shell:Creating package script '/home/zhihuili/RM_prac/install/navigation_pkg/share/navigation_pkg/package.ps1'
[0.810s] INFO:colcon.colcon_core.shell:Creating package descriptor '/home/zhihuili/RM_prac/install/navigation_pkg/share/navigation_pkg/package.dsv'
[0.812s] INFO:colcon.colcon_core.shell:Creating package script '/home/zhihuili/RM_prac/install/navigation_pkg/share/navigation_pkg/package.sh'
[0.813s] INFO:colcon.colcon_core.shell:Creating package script '/home/zhihuili/RM_prac/install/navigation_pkg/share/navigation_pkg/package.bash'
[0.816s] INFO:colcon.colcon_core.shell:Creating package script '/home/zhihuili/RM_prac/install/navigation_pkg/share/navigation_pkg/package.zsh'
[0.816s] Level 1:colcon.colcon_core.environment:create_file_with_runtime_dependencies(/home/zhihuili/RM_prac/install/navigation_pkg/share/colcon-core/packages/navigation_pkg)
[0.817s] Level 1:colcon.colcon_core.environment:create_environment_scripts_only(turtlebot3_coppeliasim)
[0.817s] Level 1:colcon.colcon_core.environment:checking '/home/zhihuili/RM_prac/install/turtlebot3_coppeliasim' for CMake module files
[0.819s] Level 1:colcon.colcon_core.environment:checking '/home/zhihuili/RM_prac/install/turtlebot3_coppeliasim' for CMake config files
[0.821s] Level 1:colcon.colcon_core.shell:create_environment_hook('turtlebot3_coppeliasim', 'cmake_prefix_path')
[0.820s] DEBUG:colcon.colcon_core.event_handler.log_command:Invoked command in '/home/zhihuili/RM_prac/build/turtlebot3_coppeliasim' returned '0': CMAKE_PREFIX_PATH=${CMAKE_PREFIX_PATH}:/home/zhihuili/RM_prac/install/turtlebot3_dqn:/opt/ros/humble /usr/bin/cmake --install /home/zhihuili/RM_prac/build/turtlebot3_coppeliasim
[0.822s] INFO:colcon.colcon_core.shell:Creating environment hook '/home/zhihuili/RM_prac/install/turtlebot3_coppeliasim/share/turtlebot3_coppeliasim/hook/cmake_prefix_path.ps1'
[0.823s] INFO:colcon.colcon_core.shell:Creating environment descriptor '/home/zhihuili/RM_prac/install/turtlebot3_coppeliasim/share/turtlebot3_coppeliasim/hook/cmake_prefix_path.dsv'
[0.824s] INFO:colcon.colcon_core.shell:Creating environment hook '/home/zhihuili/RM_prac/install/turtlebot3_coppeliasim/share/turtlebot3_coppeliasim/hook/cmake_prefix_path.sh'
[0.824s] Level 1:colcon.colcon_core.environment:checking '/home/zhihuili/RM_prac/install/turtlebot3_coppeliasim/bin'
[0.825s] Level 1:colcon.colcon_core.environment:checking '/home/zhihuili/RM_prac/install/turtlebot3_coppeliasim/lib/pkgconfig/turtlebot3_coppeliasim.pc'
[0.825s] Level 1:colcon.colcon_core.environment:checking '/home/zhihuili/RM_prac/install/turtlebot3_coppeliasim/lib/python3.10/site-packages'
[0.825s] Level 1:colcon.colcon_core.environment:checking '/home/zhihuili/RM_prac/install/turtlebot3_coppeliasim/bin'
[0.826s] INFO:colcon.colcon_core.shell:Creating package script '/home/zhihuili/RM_prac/install/turtlebot3_coppeliasim/share/turtlebot3_coppeliasim/package.ps1'
[0.826s] INFO:colcon.colcon_core.shell:Creating package descriptor '/home/zhihuili/RM_prac/install/turtlebot3_coppeliasim/share/turtlebot3_coppeliasim/package.dsv'
[0.827s] INFO:colcon.colcon_core.shell:Creating package script '/home/zhihuili/RM_prac/install/turtlebot3_coppeliasim/share/turtlebot3_coppeliasim/package.sh'
[0.827s] INFO:colcon.colcon_core.shell:Creating package script '/home/zhihuili/RM_prac/install/turtlebot3_coppeliasim/share/turtlebot3_coppeliasim/package.bash'
[0.828s] INFO:colcon.colcon_core.shell:Creating package script '/home/zhihuili/RM_prac/install/turtlebot3_coppeliasim/share/turtlebot3_coppeliasim/package.zsh'
[0.828s] Level 1:colcon.colcon_core.environment:create_file_with_runtime_dependencies(/home/zhihuili/RM_prac/install/turtlebot3_coppeliasim/share/colcon-core/packages/turtlebot3_coppeliasim)
[0.829s] Level 1:colcon.colcon_core.environment:create_environment_scripts_only(turtlebot3_coppeliasim)
[0.829s] Level 1:colcon.colcon_core.environment:checking '/home/zhihuili/RM_prac/install/turtlebot3_coppeliasim' for CMake module files
[0.830s] Level 1:colcon.colcon_core.environment:checking '/home/zhihuili/RM_prac/install/turtlebot3_coppeliasim' for CMake config files
[0.830s] Level 1:colcon.colcon_core.shell:create_environment_hook('turtlebot3_coppeliasim', 'cmake_prefix_path')
[0.830s] INFO:colcon.colcon_core.shell:Creating environment hook '/home/zhihuili/RM_prac/install/turtlebot3_coppeliasim/share/turtlebot3_coppeliasim/hook/cmake_prefix_path.ps1'
[0.831s] INFO:colcon.colcon_core.shell:Creating environment descriptor '/home/zhihuili/RM_prac/install/turtlebot3_coppeliasim/share/turtlebot3_coppeliasim/hook/cmake_prefix_path.dsv'
[0.831s] INFO:colcon.colcon_core.shell:Creating environment hook '/home/zhihuili/RM_prac/install/turtlebot3_coppeliasim/share/turtlebot3_coppeliasim/hook/cmake_prefix_path.sh'
[0.832s] Level 1:colcon.colcon_core.environment:checking '/home/zhihuili/RM_prac/install/turtlebot3_coppeliasim/bin'
[0.832s] Level 1:colcon.colcon_core.environment:checking '/home/zhihuili/RM_prac/install/turtlebot3_coppeliasim/lib/pkgconfig/turtlebot3_coppeliasim.pc'
[0.832s] Level 1:colcon.colcon_core.environment:checking '/home/zhihuili/RM_prac/install/turtlebot3_coppeliasim/lib/python3.10/site-packages'
[0.833s] Level 1:colcon.colcon_core.environment:checking '/home/zhihuili/RM_prac/install/turtlebot3_coppeliasim/bin'
[0.833s] INFO:colcon.colcon_core.shell:Creating package script '/home/zhihuili/RM_prac/install/turtlebot3_coppeliasim/share/turtlebot3_coppeliasim/package.ps1'
[0.834s] INFO:colcon.colcon_core.shell:Creating package descriptor '/home/zhihuili/RM_prac/install/turtlebot3_coppeliasim/share/turtlebot3_coppeliasim/package.dsv'
[0.835s] INFO:colcon.colcon_core.shell:Creating package script '/home/zhihuili/RM_prac/install/turtlebot3_coppeliasim/share/turtlebot3_coppeliasim/package.sh'
[0.835s] INFO:colcon.colcon_core.shell:Creating package script '/home/zhihuili/RM_prac/install/turtlebot3_coppeliasim/share/turtlebot3_coppeliasim/package.bash'
[0.836s] INFO:colcon.colcon_core.shell:Creating package script '/home/zhihuili/RM_prac/install/turtlebot3_coppeliasim/share/turtlebot3_coppeliasim/package.zsh'
[0.836s] Level 1:colcon.colcon_core.environment:create_file_with_runtime_dependencies(/home/zhihuili/RM_prac/install/turtlebot3_coppeliasim/share/colcon-core/packages/turtlebot3_coppeliasim)
[0.841s] Level 1:colcon.colcon_core.environment:create_environment_scripts_only(transformations_pkg)
[0.842s] Level 1:colcon.colcon_core.environment:checking '/home/zhihuili/RM_prac/install/transformations_pkg' for CMake module files
[0.845s] Level 1:colcon.colcon_core.environment:checking '/home/zhihuili/RM_prac/install/transformations_pkg' for CMake config files
[0.846s] DEBUG:colcon.colcon_core.event_handler.log_command:Invoked command in '/home/zhihuili/RM_prac/build/ros2_vfh' returned '0': CMAKE_PREFIX_PATH=${CMAKE_PREFIX_PATH}:/home/zhihuili/RM_prac/install/turtlebot3_dqn:/opt/ros/humble /usr/bin/cmake --build /home/zhihuili/RM_prac/build/ros2_vfh -- -j14 -l14
[0.848s] DEBUG:colcon.colcon_core.event_handler.log_command:Invoking command in '/home/zhihuili/RM_prac/build/ros2_vfh': CMAKE_PREFIX_PATH=${CMAKE_PREFIX_PATH}:/home/zhihuili/RM_prac/install/turtlebot3_dqn:/opt/ros/humble /usr/bin/cmake --install /home/zhihuili/RM_prac/build/ros2_vfh
[0.848s] DEBUG:colcon.colcon_core.event_handler.log_command:Invoked command in '/home/zhihuili/RM_prac/build/transformations_pkg' returned '0': CMAKE_PREFIX_PATH=${CMAKE_PREFIX_PATH}:/home/zhihuili/RM_prac/install/turtlebot3_dqn:/opt/ros/humble /usr/bin/cmake --install /home/zhihuili/RM_prac/build/transformations_pkg
[0.850s] Level 1:colcon.colcon_core.shell:create_environment_hook('transformations_pkg', 'cmake_prefix_path')
[0.851s] INFO:colcon.colcon_core.shell:Creating environment hook '/home/zhihuili/RM_prac/install/transformations_pkg/share/transformations_pkg/hook/cmake_prefix_path.ps1'
[0.853s] INFO:colcon.colcon_core.shell:Creating environment descriptor '/home/zhihuili/RM_prac/install/transformations_pkg/share/transformations_pkg/hook/cmake_prefix_path.dsv'
[0.855s] INFO:colcon.colcon_core.shell:Creating environment hook '/home/zhihuili/RM_prac/install/transformations_pkg/share/transformations_pkg/hook/cmake_prefix_path.sh'
[0.857s] Level 1:colcon.colcon_core.environment:checking '/home/zhihuili/RM_prac/install/transformations_pkg/lib'
[0.858s] Level 1:colcon.colcon_core.environment:checking '/home/zhihuili/RM_prac/install/transformations_pkg/bin'
[0.858s] Level 1:colcon.colcon_core.environment:checking '/home/zhihuili/RM_prac/install/transformations_pkg/lib/pkgconfig/transformations_pkg.pc'
[0.859s] Level 1:colcon.colcon_core.environment:checking '/home/zhihuili/RM_prac/install/transformations_pkg/lib/python3.10/site-packages'
[0.860s] Level 1:colcon.colcon_core.environment:checking '/home/zhihuili/RM_prac/install/transformations_pkg/bin'
[0.860s] INFO:colcon.colcon_core.shell:Creating package script '/home/zhihuili/RM_prac/install/transformations_pkg/share/transformations_pkg/package.ps1'
[0.862s] INFO:colcon.colcon_core.shell:Creating package descriptor '/home/zhihuili/RM_prac/install/transformations_pkg/share/transformations_pkg/package.dsv'
[0.865s] INFO:colcon.colcon_core.shell:Creating package script '/home/zhihuili/RM_prac/install/transformations_pkg/share/transformations_pkg/package.sh'
[0.872s] INFO:colcon.colcon_core.shell:Creating package script '/home/zhihuili/RM_prac/install/transformations_pkg/share/transformations_pkg/package.bash'
[0.875s] INFO:colcon.colcon_core.shell:Creating package script '/home/zhihuili/RM_prac/install/transformations_pkg/share/transformations_pkg/package.zsh'
[0.878s] Level 1:colcon.colcon_core.environment:create_file_with_runtime_dependencies(/home/zhihuili/RM_prac/install/transformations_pkg/share/colcon-core/packages/transformations_pkg)
[0.881s] Level 1:colcon.colcon_core.environment:create_environment_scripts_only(transformations_pkg)
[0.882s] Level 1:colcon.colcon_core.environment:checking '/home/zhihuili/RM_prac/install/transformations_pkg' for CMake module files
[0.883s] Level 1:colcon.colcon_core.environment:checking '/home/zhihuili/RM_prac/install/transformations_pkg' for CMake config files
[0.884s] Level 1:colcon.colcon_core.shell:create_environment_hook('transformations_pkg', 'cmake_prefix_path')
[0.886s] INFO:colcon.colcon_core.shell:Creating environment hook '/home/zhihuili/RM_prac/install/transformations_pkg/share/transformations_pkg/hook/cmake_prefix_path.ps1'
[0.888s] INFO:colcon.colcon_core.shell:Creating environment descriptor '/home/zhihuili/RM_prac/install/transformations_pkg/share/transformations_pkg/hook/cmake_prefix_path.dsv'
[0.890s] INFO:colcon.colcon_core.shell:Creating environment hook '/home/zhihuili/RM_prac/install/transformations_pkg/share/transformations_pkg/hook/cmake_prefix_path.sh'
[0.893s] Level 1:colcon.colcon_core.environment:checking '/home/zhihuili/RM_prac/install/transformations_pkg/lib'
[0.893s] Level 1:colcon.colcon_core.environment:checking '/home/zhihuili/RM_prac/install/transformations_pkg/bin'
[0.893s] Level 1:colcon.colcon_core.environment:checking '/home/zhihuili/RM_prac/install/transformations_pkg/lib/pkgconfig/transformations_pkg.pc'
[0.894s] Level 1:colcon.colcon_core.environment:checking '/home/zhihuili/RM_prac/install/transformations_pkg/lib/python3.10/site-packages'
[0.894s] Level 1:colcon.colcon_core.environment:checking '/home/zhihuili/RM_prac/install/transformations_pkg/bin'
[0.895s] INFO:colcon.colcon_core.shell:Creating package script '/home/zhihuili/RM_prac/install/transformations_pkg/share/transformations_pkg/package.ps1'
[0.896s] INFO:colcon.colcon_core.shell:Creating package descriptor '/home/zhihuili/RM_prac/install/transformations_pkg/share/transformations_pkg/package.dsv'
[0.897s] INFO:colcon.colcon_core.shell:Creating package script '/home/zhihuili/RM_prac/install/transformations_pkg/share/transformations_pkg/package.sh'
[0.898s] INFO:colcon.colcon_core.shell:Creating package script '/home/zhihuili/RM_prac/install/transformations_pkg/share/transformations_pkg/package.bash'
[0.898s] INFO:colcon.colcon_core.shell:Creating package script '/home/zhihuili/RM_prac/install/transformations_pkg/share/transformations_pkg/package.zsh'
[0.899s] Level 1:colcon.colcon_core.environment:create_file_with_runtime_dependencies(/home/zhihuili/RM_prac/install/transformations_pkg/share/colcon-core/packages/transformations_pkg)
[0.900s] Level 1:colcon.colcon_core.environment:create_environment_scripts_only(slam_pkg)
[0.901s] Level 1:colcon.colcon_core.environment:checking '/home/zhihuili/RM_prac/install/slam_pkg' for CMake module files
[0.903s] DEBUG:colcon.colcon_core.event_handler.log_command:Invoked command in '/home/zhihuili/RM_prac/build/slam_pkg' returned '0': CMAKE_PREFIX_PATH=${CMAKE_PREFIX_PATH}:/home/zhihuili/RM_prac/install/turtlebot3_dqn:/opt/ros/humble /usr/bin/cmake --install /home/zhihuili/RM_prac/build/slam_pkg
[0.903s] Level 1:colcon.colcon_core.environment:checking '/home/zhihuili/RM_prac/install/slam_pkg' for CMake config files
[0.903s] Level 1:colcon.colcon_core.shell:create_environment_hook('slam_pkg', 'cmake_prefix_path')
[0.904s] INFO:colcon.colcon_core.shell:Creating environment hook '/home/zhihuili/RM_prac/install/slam_pkg/share/slam_pkg/hook/cmake_prefix_path.ps1'
[0.905s] INFO:colcon.colcon_core.shell:Creating environment descriptor '/home/zhihuili/RM_prac/install/slam_pkg/share/slam_pkg/hook/cmake_prefix_path.dsv'
[0.905s] INFO:colcon.colcon_core.shell:Creating environment hook '/home/zhihuili/RM_prac/install/slam_pkg/share/slam_pkg/hook/cmake_prefix_path.sh'
[0.906s] Level 1:colcon.colcon_core.environment:checking '/home/zhihuili/RM_prac/install/slam_pkg/lib'
[0.906s] Level 1:colcon.colcon_core.environment:checking '/home/zhihuili/RM_prac/install/slam_pkg/bin'
[0.906s] Level 1:colcon.colcon_core.environment:checking '/home/zhihuili/RM_prac/install/slam_pkg/lib/pkgconfig/slam_pkg.pc'
[0.907s] Level 1:colcon.colcon_core.environment:checking '/home/zhihuili/RM_prac/install/slam_pkg/lib/python3.10/site-packages'
[0.907s] Level 1:colcon.colcon_core.environment:checking '/home/zhihuili/RM_prac/install/slam_pkg/bin'
[0.908s] INFO:colcon.colcon_core.shell:Creating package script '/home/zhihuili/RM_prac/install/slam_pkg/share/slam_pkg/package.ps1'
[0.909s] INFO:colcon.colcon_core.shell:Creating package descriptor '/home/zhihuili/RM_prac/install/slam_pkg/share/slam_pkg/package.dsv'
[0.909s] INFO:colcon.colcon_core.shell:Creating package script '/home/zhihuili/RM_prac/install/slam_pkg/share/slam_pkg/package.sh'
[0.910s] INFO:colcon.colcon_core.shell:Creating package script '/home/zhihuili/RM_prac/install/slam_pkg/share/slam_pkg/package.bash'
[0.911s] INFO:colcon.colcon_core.shell:Creating package script '/home/zhihuili/RM_prac/install/slam_pkg/share/slam_pkg/package.zsh'
[0.912s] Level 1:colcon.colcon_core.environment:create_file_with_runtime_dependencies(/home/zhihuili/RM_prac/install/slam_pkg/share/colcon-core/packages/slam_pkg)
[0.913s] Level 1:colcon.colcon_core.environment:create_environment_scripts_only(slam_pkg)
[0.913s] Level 1:colcon.colcon_core.environment:checking '/home/zhihuili/RM_prac/install/slam_pkg' for CMake module files
[0.914s] Level 1:colcon.colcon_core.environment:checking '/home/zhihuili/RM_prac/install/slam_pkg' for CMake config files
[0.915s] Level 1:colcon.colcon_core.shell:create_environment_hook('slam_pkg', 'cmake_prefix_path')
[0.915s] INFO:colcon.colcon_core.shell:Creating environment hook '/home/zhihuili/RM_prac/install/slam_pkg/share/slam_pkg/hook/cmake_prefix_path.ps1'
[0.916s] INFO:colcon.colcon_core.shell:Creating environment descriptor '/home/zhihuili/RM_prac/install/slam_pkg/share/slam_pkg/hook/cmake_prefix_path.dsv'
[0.917s] INFO:colcon.colcon_core.shell:Creating environment hook '/home/zhihuili/RM_prac/install/slam_pkg/share/slam_pkg/hook/cmake_prefix_path.sh'
[0.920s] Level 1:colcon.colcon_core.environment:checking '/home/zhihuili/RM_prac/install/slam_pkg/lib'
[0.920s] Level 1:colcon.colcon_core.environment:checking '/home/zhihuili/RM_prac/install/slam_pkg/bin'
[0.920s] Level 1:colcon.colcon_core.environment:checking '/home/zhihuili/RM_prac/install/slam_pkg/lib/pkgconfig/slam_pkg.pc'
[0.921s] Level 1:colcon.colcon_core.environment:checking '/home/zhihuili/RM_prac/install/slam_pkg/lib/python3.10/site-packages'
[0.921s] Level 1:colcon.colcon_core.environment:checking '/home/zhihuili/RM_prac/install/slam_pkg/bin'
[0.922s] INFO:colcon.colcon_core.shell:Creating package script '/home/zhihuili/RM_prac/install/slam_pkg/share/slam_pkg/package.ps1'
[0.923s] INFO:colcon.colcon_core.shell:Creating package descriptor '/home/zhihuili/RM_prac/install/slam_pkg/share/slam_pkg/package.dsv'
[0.924s] INFO:colcon.colcon_core.shell:Creating package script '/home/zhihuili/RM_prac/install/slam_pkg/share/slam_pkg/package.sh'
[0.925s] INFO:colcon.colcon_core.shell:Creating package script '/home/zhihuili/RM_prac/install/slam_pkg/share/slam_pkg/package.bash'
[0.925s] INFO:colcon.colcon_core.shell:Creating package script '/home/zhihuili/RM_prac/install/slam_pkg/share/slam_pkg/package.zsh'
[0.926s] Level 1:colcon.colcon_core.environment:create_file_with_runtime_dependencies(/home/zhihuili/RM_prac/install/slam_pkg/share/colcon-core/packages/slam_pkg)
[0.927s] Level 1:colcon.colcon_core.environment:create_environment_scripts_only(intro_ros_pkg)
[0.928s] Level 1:colcon.colcon_core.environment:checking '/home/zhihuili/RM_prac/install/intro_ros_pkg' for CMake module files
[0.930s] DEBUG:colcon.colcon_core.event_handler.log_command:Invoked command in '/home/zhihuili/RM_prac/build/intro_ros_pkg' returned '0': CMAKE_PREFIX_PATH=${CMAKE_PREFIX_PATH}:/home/zhihuili/RM_prac/install/turtlebot3_dqn:/opt/ros/humble /usr/bin/cmake --install /home/zhihuili/RM_prac/build/intro_ros_pkg
[0.931s] Level 1:colcon.colcon_core.environment:checking '/home/zhihuili/RM_prac/install/intro_ros_pkg' for CMake config files
[0.933s] Level 1:colcon.colcon_core.shell:create_environment_hook('intro_ros_pkg', 'cmake_prefix_path')
[0.933s] INFO:colcon.colcon_core.shell:Creating environment hook '/home/zhihuili/RM_prac/install/intro_ros_pkg/share/intro_ros_pkg/hook/cmake_prefix_path.ps1'
[0.935s] INFO:colcon.colcon_core.shell:Creating environment descriptor '/home/zhihuili/RM_prac/install/intro_ros_pkg/share/intro_ros_pkg/hook/cmake_prefix_path.dsv'
[0.936s] INFO:colcon.colcon_core.shell:Creating environment hook '/home/zhihuili/RM_prac/install/intro_ros_pkg/share/intro_ros_pkg/hook/cmake_prefix_path.sh'
[0.936s] Level 1:colcon.colcon_core.environment:checking '/home/zhihuili/RM_prac/install/intro_ros_pkg/lib'
[0.937s] Level 1:colcon.colcon_core.environment:checking '/home/zhihuili/RM_prac/install/intro_ros_pkg/bin'
[0.937s] Level 1:colcon.colcon_core.environment:checking '/home/zhihuili/RM_prac/install/intro_ros_pkg/lib/pkgconfig/intro_ros_pkg.pc'
[0.937s] Level 1:colcon.colcon_core.environment:checking '/home/zhihuili/RM_prac/install/intro_ros_pkg/lib/python3.10/site-packages'
[0.938s] Level 1:colcon.colcon_core.environment:checking '/home/zhihuili/RM_prac/install/intro_ros_pkg/bin'
[0.938s] INFO:colcon.colcon_core.shell:Creating package script '/home/zhihuili/RM_prac/install/intro_ros_pkg/share/intro_ros_pkg/package.ps1'
[0.939s] INFO:colcon.colcon_core.shell:Creating package descriptor '/home/zhihuili/RM_prac/install/intro_ros_pkg/share/intro_ros_pkg/package.dsv'
[0.940s] INFO:colcon.colcon_core.shell:Creating package script '/home/zhihuili/RM_prac/install/intro_ros_pkg/share/intro_ros_pkg/package.sh'
[0.940s] INFO:colcon.colcon_core.shell:Creating package script '/home/zhihuili/RM_prac/install/intro_ros_pkg/share/intro_ros_pkg/package.bash'
[0.941s] INFO:colcon.colcon_core.shell:Creating package script '/home/zhihuili/RM_prac/install/intro_ros_pkg/share/intro_ros_pkg/package.zsh'
[0.941s] Level 1:colcon.colcon_core.environment:create_file_with_runtime_dependencies(/home/zhihuili/RM_prac/install/intro_ros_pkg/share/colcon-core/packages/intro_ros_pkg)
[0.942s] Level 1:colcon.colcon_core.environment:create_environment_scripts_only(intro_ros_pkg)
[0.943s] Level 1:colcon.colcon_core.environment:checking '/home/zhihuili/RM_prac/install/intro_ros_pkg' for CMake module files
[0.943s] Level 1:colcon.colcon_core.environment:checking '/home/zhihuili/RM_prac/install/intro_ros_pkg' for CMake config files
[0.944s] Level 1:colcon.colcon_core.shell:create_environment_hook('intro_ros_pkg', 'cmake_prefix_path')
[0.944s] INFO:colcon.colcon_core.shell:Creating environment hook '/home/zhihuili/RM_prac/install/intro_ros_pkg/share/intro_ros_pkg/hook/cmake_prefix_path.ps1'
[0.945s] INFO:colcon.colcon_core.shell:Creating environment descriptor '/home/zhihuili/RM_prac/install/intro_ros_pkg/share/intro_ros_pkg/hook/cmake_prefix_path.dsv'
[0.945s] INFO:colcon.colcon_core.shell:Creating environment hook '/home/zhihuili/RM_prac/install/intro_ros_pkg/share/intro_ros_pkg/hook/cmake_prefix_path.sh'
[0.946s] Level 1:colcon.colcon_core.environment:checking '/home/zhihuili/RM_prac/install/intro_ros_pkg/lib'
[0.946s] Level 1:colcon.colcon_core.environment:checking '/home/zhihuili/RM_prac/install/intro_ros_pkg/bin'
[0.946s] Level 1:colcon.colcon_core.environment:checking '/home/zhihuili/RM_prac/install/intro_ros_pkg/lib/pkgconfig/intro_ros_pkg.pc'
[0.946s] Level 1:colcon.colcon_core.environment:checking '/home/zhihuili/RM_prac/install/intro_ros_pkg/lib/python3.10/site-packages'
[0.947s] Level 1:colcon.colcon_core.environment:checking '/home/zhihuili/RM_prac/install/intro_ros_pkg/bin'
[0.947s] INFO:colcon.colcon_core.shell:Creating package script '/home/zhihuili/RM_prac/install/intro_ros_pkg/share/intro_ros_pkg/package.ps1'
[0.948s] INFO:colcon.colcon_core.shell:Creating package descriptor '/home/zhihuili/RM_prac/install/intro_ros_pkg/share/intro_ros_pkg/package.dsv'
[0.949s] INFO:colcon.colcon_core.shell:Creating package script '/home/zhihuili/RM_prac/install/intro_ros_pkg/share/intro_ros_pkg/package.sh'
[0.949s] INFO:colcon.colcon_core.shell:Creating package script '/home/zhihuili/RM_prac/install/intro_ros_pkg/share/intro_ros_pkg/package.bash'
[0.950s] INFO:colcon.colcon_core.shell:Creating package script '/home/zhihuili/RM_prac/install/intro_ros_pkg/share/intro_ros_pkg/package.zsh'
[0.950s] Level 1:colcon.colcon_core.environment:create_file_with_runtime_dependencies(/home/zhihuili/RM_prac/install/intro_ros_pkg/share/colcon-core/packages/intro_ros_pkg)
[0.952s] Level 1:colcon.colcon_core.environment:create_environment_scripts_only(ros2_vfh)
[0.953s] Level 1:colcon.colcon_core.environment:checking '/home/zhihuili/RM_prac/install/ros2_vfh' for CMake module files
[0.954s] DEBUG:colcon.colcon_core.event_handler.log_command:Invoked command in '/home/zhihuili/RM_prac/build/ros2_vfh' returned '0': CMAKE_PREFIX_PATH=${CMAKE_PREFIX_PATH}:/home/zhihuili/RM_prac/install/turtlebot3_dqn:/opt/ros/humble /usr/bin/cmake --install /home/zhihuili/RM_prac/build/ros2_vfh
[0.955s] Level 1:colcon.colcon_core.environment:checking '/home/zhihuili/RM_prac/install/ros2_vfh' for CMake config files
[0.955s] Level 1:colcon.colcon_core.shell:create_environment_hook('ros2_vfh', 'cmake_prefix_path')
[0.955s] INFO:colcon.colcon_core.shell:Creating environment hook '/home/zhihuili/RM_prac/install/ros2_vfh/share/ros2_vfh/hook/cmake_prefix_path.ps1'
[0.956s] INFO:colcon.colcon_core.shell:Creating environment descriptor '/home/zhihuili/RM_prac/install/ros2_vfh/share/ros2_vfh/hook/cmake_prefix_path.dsv'
[0.957s] INFO:colcon.colcon_core.shell:Creating environment hook '/home/zhihuili/RM_prac/install/ros2_vfh/share/ros2_vfh/hook/cmake_prefix_path.sh'
[0.958s] Level 1:colcon.colcon_core.environment:checking '/home/zhihuili/RM_prac/install/ros2_vfh/lib'
[0.958s] Level 1:colcon.colcon_core.environment:checking '/home/zhihuili/RM_prac/install/ros2_vfh/bin'
[0.958s] Level 1:colcon.colcon_core.environment:checking '/home/zhihuili/RM_prac/install/ros2_vfh/lib/pkgconfig/ros2_vfh.pc'
[0.959s] Level 1:colcon.colcon_core.environment:checking '/home/zhihuili/RM_prac/install/ros2_vfh/lib/python3.10/site-packages'
[0.959s] Level 1:colcon.colcon_core.environment:checking '/home/zhihuili/RM_prac/install/ros2_vfh/bin'
[0.959s] INFO:colcon.colcon_core.shell:Creating package script '/home/zhihuili/RM_prac/install/ros2_vfh/share/ros2_vfh/package.ps1'
[0.961s] INFO:colcon.colcon_core.shell:Creating package descriptor '/home/zhihuili/RM_prac/install/ros2_vfh/share/ros2_vfh/package.dsv'
[0.961s] INFO:colcon.colcon_core.shell:Creating package script '/home/zhihuili/RM_prac/install/ros2_vfh/share/ros2_vfh/package.sh'
[0.962s] INFO:colcon.colcon_core.shell:Creating package script '/home/zhihuili/RM_prac/install/ros2_vfh/share/ros2_vfh/package.bash'
[0.962s] INFO:colcon.colcon_core.shell:Creating package script '/home/zhihuili/RM_prac/install/ros2_vfh/share/ros2_vfh/package.zsh'
[0.963s] Level 1:colcon.colcon_core.environment:create_file_with_runtime_dependencies(/home/zhihuili/RM_prac/install/ros2_vfh/share/colcon-core/packages/ros2_vfh)
[0.964s] Level 1:colcon.colcon_core.environment:create_environment_scripts_only(ros2_vfh)
[0.964s] Level 1:colcon.colcon_core.environment:checking '/home/zhihuili/RM_prac/install/ros2_vfh' for CMake module files
[0.965s] Level 1:colcon.colcon_core.environment:checking '/home/zhihuili/RM_prac/install/ros2_vfh' for CMake config files
[0.965s] Level 1:colcon.colcon_core.shell:create_environment_hook('ros2_vfh', 'cmake_prefix_path')
[0.966s] INFO:colcon.colcon_core.shell:Creating environment hook '/home/zhihuili/RM_prac/install/ros2_vfh/share/ros2_vfh/hook/cmake_prefix_path.ps1'
[0.967s] INFO:colcon.colcon_core.shell:Creating environment descriptor '/home/zhihuili/RM_prac/install/ros2_vfh/share/ros2_vfh/hook/cmake_prefix_path.dsv'
[0.967s] INFO:colcon.colcon_core.shell:Creating environment hook '/home/zhihuili/RM_prac/install/ros2_vfh/share/ros2_vfh/hook/cmake_prefix_path.sh'
[0.968s] Level 1:colcon.colcon_core.environment:checking '/home/zhihuili/RM_prac/install/ros2_vfh/lib'
[0.968s] Level 1:colcon.colcon_core.environment:checking '/home/zhihuili/RM_prac/install/ros2_vfh/bin'
[0.968s] Level 1:colcon.colcon_core.environment:checking '/home/zhihuili/RM_prac/install/ros2_vfh/lib/pkgconfig/ros2_vfh.pc'
[0.968s] Level 1:colcon.colcon_core.environment:checking '/home/zhihuili/RM_prac/install/ros2_vfh/lib/python3.10/site-packages'
[0.969s] Level 1:colcon.colcon_core.environment:checking '/home/zhihuili/RM_prac/install/ros2_vfh/bin'
[0.969s] INFO:colcon.colcon_core.shell:Creating package script '/home/zhihuili/RM_prac/install/ros2_vfh/share/ros2_vfh/package.ps1'
[0.970s] INFO:colcon.colcon_core.shell:Creating package descriptor '/home/zhihuili/RM_prac/install/ros2_vfh/share/ros2_vfh/package.dsv'
[0.971s] INFO:colcon.colcon_core.shell:Creating package script '/home/zhihuili/RM_prac/install/ros2_vfh/share/ros2_vfh/package.sh'
[0.971s] INFO:colcon.colcon_core.shell:Creating package script '/home/zhihuili/RM_prac/install/ros2_vfh/share/ros2_vfh/package.bash'
[0.972s] INFO:colcon.colcon_core.shell:Creating package script '/home/zhihuili/RM_prac/install/ros2_vfh/share/ros2_vfh/package.zsh'
[0.972s] Level 1:colcon.colcon_core.environment:create_file_with_runtime_dependencies(/home/zhihuili/RM_prac/install/ros2_vfh/share/colcon-core/packages/ros2_vfh)
[0.973s] Level 1:colcon.colcon_core.environment:create_environment_scripts_only(bringup_turtlebot3_pkg)
[0.973s] Level 1:colcon.colcon_core.environment:checking '/home/zhihuili/RM_prac/install/bringup_turtlebot3_pkg' for CMake module files
[0.975s] Level 1:colcon.colcon_core.environment:checking '/home/zhihuili/RM_prac/install/bringup_turtlebot3_pkg' for CMake config files
[0.975s] DEBUG:colcon.colcon_core.event_handler.log_command:Invoked command in '/home/zhihuili/RM_prac/build/bringup_turtlebot3_pkg' returned '0': CMAKE_PREFIX_PATH=${CMAKE_PREFIX_PATH}:/home/zhihuili/RM_prac/install/turtlebot3_dqn:/opt/ros/humble /usr/bin/cmake --install /home/zhihuili/RM_prac/build/bringup_turtlebot3_pkg
[0.976s] Level 1:colcon.colcon_core.shell:create_environment_hook('bringup_turtlebot3_pkg', 'cmake_prefix_path')
[0.976s] INFO:colcon.colcon_core.shell:Creating environment hook '/home/zhihuili/RM_prac/install/bringup_turtlebot3_pkg/share/bringup_turtlebot3_pkg/hook/cmake_prefix_path.ps1'
[0.977s] INFO:colcon.colcon_core.shell:Creating environment descriptor '/home/zhihuili/RM_prac/install/bringup_turtlebot3_pkg/share/bringup_turtlebot3_pkg/hook/cmake_prefix_path.dsv'
[0.978s] INFO:colcon.colcon_core.shell:Creating environment hook '/home/zhihuili/RM_prac/install/bringup_turtlebot3_pkg/share/bringup_turtlebot3_pkg/hook/cmake_prefix_path.sh'
[0.979s] Level 1:colcon.colcon_core.environment:checking '/home/zhihuili/RM_prac/install/bringup_turtlebot3_pkg/lib'
[0.979s] Level 1:colcon.colcon_core.environment:checking '/home/zhihuili/RM_prac/install/bringup_turtlebot3_pkg/bin'
[0.979s] Level 1:colcon.colcon_core.environment:checking '/home/zhihuili/RM_prac/install/bringup_turtlebot3_pkg/lib/pkgconfig/bringup_turtlebot3_pkg.pc'
[0.980s] Level 1:colcon.colcon_core.environment:checking '/home/zhihuili/RM_prac/install/bringup_turtlebot3_pkg/lib/python3.10/site-packages'
[0.981s] Level 1:colcon.colcon_core.environment:checking '/home/zhihuili/RM_prac/install/bringup_turtlebot3_pkg/bin'
[0.981s] INFO:colcon.colcon_core.shell:Creating package script '/home/zhihuili/RM_prac/install/bringup_turtlebot3_pkg/share/bringup_turtlebot3_pkg/package.ps1'
[0.983s] INFO:colcon.colcon_core.shell:Creating package descriptor '/home/zhihuili/RM_prac/install/bringup_turtlebot3_pkg/share/bringup_turtlebot3_pkg/package.dsv'
[0.983s] INFO:colcon.colcon_core.shell:Creating package script '/home/zhihuili/RM_prac/install/bringup_turtlebot3_pkg/share/bringup_turtlebot3_pkg/package.sh'
[0.984s] INFO:colcon.colcon_core.shell:Creating package script '/home/zhihuili/RM_prac/install/bringup_turtlebot3_pkg/share/bringup_turtlebot3_pkg/package.bash'
[0.985s] INFO:colcon.colcon_core.shell:Creating package script '/home/zhihuili/RM_prac/install/bringup_turtlebot3_pkg/share/bringup_turtlebot3_pkg/package.zsh'
[0.985s] Level 1:colcon.colcon_core.environment:create_file_with_runtime_dependencies(/home/zhihuili/RM_prac/install/bringup_turtlebot3_pkg/share/colcon-core/packages/bringup_turtlebot3_pkg)
[0.986s] Level 1:colcon.colcon_core.environment:create_environment_scripts_only(bringup_turtlebot3_pkg)
[0.987s] Level 1:colcon.colcon_core.environment:checking '/home/zhihuili/RM_prac/install/bringup_turtlebot3_pkg' for CMake module files
[0.987s] Level 1:colcon.colcon_core.environment:checking '/home/zhihuili/RM_prac/install/bringup_turtlebot3_pkg' for CMake config files
[0.988s] Level 1:colcon.colcon_core.shell:create_environment_hook('bringup_turtlebot3_pkg', 'cmake_prefix_path')
[0.988s] INFO:colcon.colcon_core.shell:Creating environment hook '/home/zhihuili/RM_prac/install/bringup_turtlebot3_pkg/share/bringup_turtlebot3_pkg/hook/cmake_prefix_path.ps1'
[0.989s] INFO:colcon.colcon_core.shell:Creating environment descriptor '/home/zhihuili/RM_prac/install/bringup_turtlebot3_pkg/share/bringup_turtlebot3_pkg/hook/cmake_prefix_path.dsv'
[0.990s] INFO:colcon.colcon_core.shell:Creating environment hook '/home/zhihuili/RM_prac/install/bringup_turtlebot3_pkg/share/bringup_turtlebot3_pkg/hook/cmake_prefix_path.sh'
[0.991s] Level 1:colcon.colcon_core.environment:checking '/home/zhihuili/RM_prac/install/bringup_turtlebot3_pkg/lib'
[0.991s] Level 1:colcon.colcon_core.environment:checking '/home/zhihuili/RM_prac/install/bringup_turtlebot3_pkg/bin'
[0.991s] Level 1:colcon.colcon_core.environment:checking '/home/zhihuili/RM_prac/install/bringup_turtlebot3_pkg/lib/pkgconfig/bringup_turtlebot3_pkg.pc'
[0.991s] Level 1:colcon.colcon_core.environment:checking '/home/zhihuili/RM_prac/install/bringup_turtlebot3_pkg/lib/python3.10/site-packages'
[0.992s] Level 1:colcon.colcon_core.environment:checking '/home/zhihuili/RM_prac/install/bringup_turtlebot3_pkg/bin'
[0.992s] INFO:colcon.colcon_core.shell:Creating package script '/home/zhihuili/RM_prac/install/bringup_turtlebot3_pkg/share/bringup_turtlebot3_pkg/package.ps1'
[0.993s] INFO:colcon.colcon_core.shell:Creating package descriptor '/home/zhihuili/RM_prac/install/bringup_turtlebot3_pkg/share/bringup_turtlebot3_pkg/package.dsv'
[0.994s] INFO:colcon.colcon_core.shell:Creating package script '/home/zhihuili/RM_prac/install/bringup_turtlebot3_pkg/share/bringup_turtlebot3_pkg/package.sh'
[0.995s] INFO:colcon.colcon_core.shell:Creating package script '/home/zhihuili/RM_prac/install/bringup_turtlebot3_pkg/share/bringup_turtlebot3_pkg/package.bash'
[0.995s] INFO:colcon.colcon_core.shell:Creating package script '/home/zhihuili/RM_prac/install/bringup_turtlebot3_pkg/share/bringup_turtlebot3_pkg/package.zsh'
[0.996s] Level 1:colcon.colcon_core.environment:create_file_with_runtime_dependencies(/home/zhihuili/RM_prac/install/bringup_turtlebot3_pkg/share/colcon-core/packages/bringup_turtlebot3_pkg)
[1.001s] DEBUG:colcon.colcon_core.event_handler.log_command:Invoked command in '/home/zhihuili/RM_prac/build/pure_pursuit_pkg' returned '0': CMAKE_PREFIX_PATH=${CMAKE_PREFIX_PATH}:/home/zhihuili/RM_prac/install/turtlebot3_dqn:/opt/ros/humble /usr/bin/cmake --build /home/zhihuili/RM_prac/build/pure_pursuit_pkg -- -j14 -l14
[1.002s] DEBUG:colcon.colcon_core.event_handler.log_command:Invoking command in '/home/zhihuili/RM_prac/build/pure_pursuit_pkg': CMAKE_PREFIX_PATH=${CMAKE_PREFIX_PATH}:/home/zhihuili/RM_prac/install/turtlebot3_dqn:/opt/ros/humble /usr/bin/cmake --install /home/zhihuili/RM_prac/build/pure_pursuit_pkg
[1.020s] DEBUG:colcon.colcon_core.event_handler.log_command:Invoked command in '/home/zhihuili/RM_prac/build/turtlebot3_msgs' returned '0': CMAKE_PREFIX_PATH=${CMAKE_PREFIX_PATH}:/home/zhihuili/RM_prac/install/turtlebot3_dqn:/opt/ros/humble /usr/bin/cmake --build /home/zhihuili/RM_prac/build/turtlebot3_msgs -- -j14 -l14
[1.027s] DEBUG:colcon.colcon_core.event_handler.log_command:Invoking command in '/home/zhihuili/RM_prac/build/turtlebot3_msgs': CMAKE_PREFIX_PATH=${CMAKE_PREFIX_PATH}:/home/zhihuili/RM_prac/install/turtlebot3_dqn:/opt/ros/humble /usr/bin/cmake --install /home/zhihuili/RM_prac/build/turtlebot3_msgs
[1.068s] DEBUG:colcon.colcon_core.event_handler.log_command:Invoked command in '/home/zhihuili/RM_prac/build/kinematic_control_pkg' returned '0': CMAKE_PREFIX_PATH=${CMAKE_PREFIX_PATH}:/home/zhihuili/RM_prac/install/turtlebot3_dqn:/opt/ros/humble /usr/bin/cmake --build /home/zhihuili/RM_prac/build/kinematic_control_pkg -- -j14 -l14
[1.077s] DEBUG:colcon.colcon_core.event_handler.log_command:Invoking command in '/home/zhihuili/RM_prac/build/kinematic_control_pkg': CMAKE_PREFIX_PATH=${CMAKE_PREFIX_PATH}:/home/zhihuili/RM_prac/install/turtlebot3_dqn:/opt/ros/humble /usr/bin/cmake --install /home/zhihuili/RM_prac/build/kinematic_control_pkg
[1.117s] Level 1:colcon.colcon_core.environment:create_environment_scripts_only(pure_pursuit_pkg)
[1.118s] Level 1:colcon.colcon_core.environment:checking '/home/zhihuili/RM_prac/install/pure_pursuit_pkg' for CMake module files
[1.119s] DEBUG:colcon.colcon_core.event_handler.log_command:Invoked command in '/home/zhihuili/RM_prac/build/pure_pursuit_pkg' returned '0': CMAKE_PREFIX_PATH=${CMAKE_PREFIX_PATH}:/home/zhihuili/RM_prac/install/turtlebot3_dqn:/opt/ros/humble /usr/bin/cmake --install /home/zhihuili/RM_prac/build/pure_pursuit_pkg
[1.120s] Level 1:colcon.colcon_core.environment:checking '/home/zhihuili/RM_prac/install/pure_pursuit_pkg' for CMake config files
[1.120s] Level 1:colcon.colcon_core.shell:create_environment_hook('pure_pursuit_pkg', 'cmake_prefix_path')
[1.121s] INFO:colcon.colcon_core.shell:Creating environment hook '/home/zhihuili/RM_prac/install/pure_pursuit_pkg/share/pure_pursuit_pkg/hook/cmake_prefix_path.ps1'
[1.122s] INFO:colcon.colcon_core.shell:Creating environment descriptor '/home/zhihuili/RM_prac/install/pure_pursuit_pkg/share/pure_pursuit_pkg/hook/cmake_prefix_path.dsv'
[1.122s] INFO:colcon.colcon_core.shell:Creating environment hook '/home/zhihuili/RM_prac/install/pure_pursuit_pkg/share/pure_pursuit_pkg/hook/cmake_prefix_path.sh'
[1.123s] Level 1:colcon.colcon_core.environment:checking '/home/zhihuili/RM_prac/install/pure_pursuit_pkg/lib'
[1.124s] Level 1:colcon.colcon_core.shell:create_environment_hook('pure_pursuit_pkg', 'ld_library_path_lib')
[1.124s] INFO:colcon.colcon_core.shell:Creating environment hook '/home/zhihuili/RM_prac/install/pure_pursuit_pkg/share/pure_pursuit_pkg/hook/ld_library_path_lib.ps1'
[1.125s] INFO:colcon.colcon_core.shell:Creating environment descriptor '/home/zhihuili/RM_prac/install/pure_pursuit_pkg/share/pure_pursuit_pkg/hook/ld_library_path_lib.dsv'
[1.125s] INFO:colcon.colcon_core.shell:Creating environment hook '/home/zhihuili/RM_prac/install/pure_pursuit_pkg/share/pure_pursuit_pkg/hook/ld_library_path_lib.sh'
[1.126s] Level 1:colcon.colcon_core.environment:checking '/home/zhihuili/RM_prac/install/pure_pursuit_pkg/bin'
[1.126s] Level 1:colcon.colcon_core.environment:checking '/home/zhihuili/RM_prac/install/pure_pursuit_pkg/lib/pkgconfig/pure_pursuit_pkg.pc'
[1.126s] Level 1:colcon.colcon_core.environment:checking '/home/zhihuili/RM_prac/install/pure_pursuit_pkg/lib/python3.10/site-packages'
[1.127s] Level 1:colcon.colcon_core.environment:checking '/home/zhihuili/RM_prac/install/pure_pursuit_pkg/bin'
[1.127s] INFO:colcon.colcon_core.shell:Creating package script '/home/zhihuili/RM_prac/install/pure_pursuit_pkg/share/pure_pursuit_pkg/package.ps1'
[1.128s] INFO:colcon.colcon_core.shell:Creating package descriptor '/home/zhihuili/RM_prac/install/pure_pursuit_pkg/share/pure_pursuit_pkg/package.dsv'
[1.129s] INFO:colcon.colcon_core.shell:Creating package script '/home/zhihuili/RM_prac/install/pure_pursuit_pkg/share/pure_pursuit_pkg/package.sh'
[1.129s] INFO:colcon.colcon_core.shell:Creating package script '/home/zhihuili/RM_prac/install/pure_pursuit_pkg/share/pure_pursuit_pkg/package.bash'
[1.130s] INFO:colcon.colcon_core.shell:Creating package script '/home/zhihuili/RM_prac/install/pure_pursuit_pkg/share/pure_pursuit_pkg/package.zsh'
[1.130s] Level 1:colcon.colcon_core.environment:create_file_with_runtime_dependencies(/home/zhihuili/RM_prac/install/pure_pursuit_pkg/share/colcon-core/packages/pure_pursuit_pkg)
[1.131s] Level 1:colcon.colcon_core.environment:create_environment_scripts_only(pure_pursuit_pkg)
[1.131s] Level 1:colcon.colcon_core.environment:checking '/home/zhihuili/RM_prac/install/pure_pursuit_pkg' for CMake module files
[1.132s] Level 1:colcon.colcon_core.environment:checking '/home/zhihuili/RM_prac/install/pure_pursuit_pkg' for CMake config files
[1.133s] Level 1:colcon.colcon_core.shell:create_environment_hook('pure_pursuit_pkg', 'cmake_prefix_path')
[1.133s] INFO:colcon.colcon_core.shell:Creating environment hook '/home/zhihuili/RM_prac/install/pure_pursuit_pkg/share/pure_pursuit_pkg/hook/cmake_prefix_path.ps1'
[1.134s] INFO:colcon.colcon_core.shell:Creating environment descriptor '/home/zhihuili/RM_prac/install/pure_pursuit_pkg/share/pure_pursuit_pkg/hook/cmake_prefix_path.dsv'
[1.134s] INFO:colcon.colcon_core.shell:Creating environment hook '/home/zhihuili/RM_prac/install/pure_pursuit_pkg/share/pure_pursuit_pkg/hook/cmake_prefix_path.sh'
[1.135s] Level 1:colcon.colcon_core.environment:checking '/home/zhihuili/RM_prac/install/pure_pursuit_pkg/lib'
[1.135s] Level 1:colcon.colcon_core.shell:create_environment_hook('pure_pursuit_pkg', 'ld_library_path_lib')
[1.135s] INFO:colcon.colcon_core.shell:Creating environment hook '/home/zhihuili/RM_prac/install/pure_pursuit_pkg/share/pure_pursuit_pkg/hook/ld_library_path_lib.ps1'
[1.136s] INFO:colcon.colcon_core.shell:Creating environment descriptor '/home/zhihuili/RM_prac/install/pure_pursuit_pkg/share/pure_pursuit_pkg/hook/ld_library_path_lib.dsv'
[1.136s] INFO:colcon.colcon_core.shell:Creating environment hook '/home/zhihuili/RM_prac/install/pure_pursuit_pkg/share/pure_pursuit_pkg/hook/ld_library_path_lib.sh'
[1.137s] Level 1:colcon.colcon_core.environment:checking '/home/zhihuili/RM_prac/install/pure_pursuit_pkg/bin'
[1.137s] Level 1:colcon.colcon_core.environment:checking '/home/zhihuili/RM_prac/install/pure_pursuit_pkg/lib/pkgconfig/pure_pursuit_pkg.pc'
[1.137s] Level 1:colcon.colcon_core.environment:checking '/home/zhihuili/RM_prac/install/pure_pursuit_pkg/lib/python3.10/site-packages'
[1.138s] Level 1:colcon.colcon_core.environment:checking '/home/zhihuili/RM_prac/install/pure_pursuit_pkg/bin'
[1.138s] INFO:colcon.colcon_core.shell:Creating package script '/home/zhihuili/RM_prac/install/pure_pursuit_pkg/share/pure_pursuit_pkg/package.ps1'
[1.139s] INFO:colcon.colcon_core.shell:Creating package descriptor '/home/zhihuili/RM_prac/install/pure_pursuit_pkg/share/pure_pursuit_pkg/package.dsv'
[1.140s] INFO:colcon.colcon_core.shell:Creating package script '/home/zhihuili/RM_prac/install/pure_pursuit_pkg/share/pure_pursuit_pkg/package.sh'
[1.141s] INFO:colcon.colcon_core.shell:Creating package script '/home/zhihuili/RM_prac/install/pure_pursuit_pkg/share/pure_pursuit_pkg/package.bash'
[1.142s] INFO:colcon.colcon_core.shell:Creating package script '/home/zhihuili/RM_prac/install/pure_pursuit_pkg/share/pure_pursuit_pkg/package.zsh'
[1.142s] Level 1:colcon.colcon_core.environment:create_file_with_runtime_dependencies(/home/zhihuili/RM_prac/install/pure_pursuit_pkg/share/colcon-core/packages/pure_pursuit_pkg)
[1.159s] Level 1:colcon.colcon_core.environment:create_environment_scripts_only(turtlebot3_msgs)
[1.161s] Level 1:colcon.colcon_core.environment:checking '/home/zhihuili/RM_prac/install/turtlebot3_msgs' for CMake module files
[1.162s] DEBUG:colcon.colcon_core.event_handler.log_command:Invoked command in '/home/zhihuili/RM_prac/build/turtlebot3_msgs' returned '0': CMAKE_PREFIX_PATH=${CMAKE_PREFIX_PATH}:/home/zhihuili/RM_prac/install/turtlebot3_dqn:/opt/ros/humble /usr/bin/cmake --install /home/zhihuili/RM_prac/build/turtlebot3_msgs
[1.164s] Level 1:colcon.colcon_core.environment:checking '/home/zhihuili/RM_prac/install/turtlebot3_msgs' for CMake config files
[1.165s] Level 1:colcon.colcon_core.shell:create_environment_hook('turtlebot3_msgs', 'cmake_prefix_path')
[1.166s] INFO:colcon.colcon_core.shell:Creating environment hook '/home/zhihuili/RM_prac/install/turtlebot3_msgs/share/turtlebot3_msgs/hook/cmake_prefix_path.ps1'
[1.168s] INFO:colcon.colcon_core.shell:Creating environment descriptor '/home/zhihuili/RM_prac/install/turtlebot3_msgs/share/turtlebot3_msgs/hook/cmake_prefix_path.dsv'
[1.170s] INFO:colcon.colcon_core.shell:Creating environment hook '/home/zhihuili/RM_prac/install/turtlebot3_msgs/share/turtlebot3_msgs/hook/cmake_prefix_path.sh'
[1.173s] Level 1:colcon.colcon_core.environment:checking '/home/zhihuili/RM_prac/install/turtlebot3_msgs/lib'
[1.174s] Level 1:colcon.colcon_core.shell:create_environment_hook('turtlebot3_msgs', 'ld_library_path_lib')
[1.175s] INFO:colcon.colcon_core.shell:Creating environment hook '/home/zhihuili/RM_prac/install/turtlebot3_msgs/share/turtlebot3_msgs/hook/ld_library_path_lib.ps1'
[1.177s] INFO:colcon.colcon_core.shell:Creating environment descriptor '/home/zhihuili/RM_prac/install/turtlebot3_msgs/share/turtlebot3_msgs/hook/ld_library_path_lib.dsv'
[1.181s] INFO:colcon.colcon_core.shell:Creating environment hook '/home/zhihuili/RM_prac/install/turtlebot3_msgs/share/turtlebot3_msgs/hook/ld_library_path_lib.sh'
[1.185s] Level 1:colcon.colcon_core.environment:checking '/home/zhihuili/RM_prac/install/turtlebot3_msgs/bin'
[1.185s] Level 1:colcon.colcon_core.environment:checking '/home/zhihuili/RM_prac/install/turtlebot3_msgs/lib/pkgconfig/turtlebot3_msgs.pc'
[1.186s] Level 1:colcon.colcon_core.environment:checking '/home/zhihuili/RM_prac/install/turtlebot3_msgs/lib/python3.10/site-packages'
[1.187s] Level 1:colcon.colcon_core.environment:checking '/home/zhihuili/RM_prac/install/turtlebot3_msgs/bin'
[1.188s] INFO:colcon.colcon_core.shell:Creating package script '/home/zhihuili/RM_prac/install/turtlebot3_msgs/share/turtlebot3_msgs/package.ps1'
[1.191s] INFO:colcon.colcon_core.shell:Creating package descriptor '/home/zhihuili/RM_prac/install/turtlebot3_msgs/share/turtlebot3_msgs/package.dsv'
[1.193s] INFO:colcon.colcon_core.shell:Creating package script '/home/zhihuili/RM_prac/install/turtlebot3_msgs/share/turtlebot3_msgs/package.sh'
[1.195s] INFO:colcon.colcon_core.shell:Creating package script '/home/zhihuili/RM_prac/install/turtlebot3_msgs/share/turtlebot3_msgs/package.bash'
[1.197s] INFO:colcon.colcon_core.shell:Creating package script '/home/zhihuili/RM_prac/install/turtlebot3_msgs/share/turtlebot3_msgs/package.zsh'
[1.198s] Level 1:colcon.colcon_core.environment:create_file_with_runtime_dependencies(/home/zhihuili/RM_prac/install/turtlebot3_msgs/share/colcon-core/packages/turtlebot3_msgs)
[1.201s] Level 1:colcon.colcon_core.environment:create_environment_scripts_only(turtlebot3_msgs)
[1.202s] Level 1:colcon.colcon_core.environment:checking '/home/zhihuili/RM_prac/install/turtlebot3_msgs' for CMake module files
[1.205s] Level 1:colcon.colcon_core.environment:checking '/home/zhihuili/RM_prac/install/turtlebot3_msgs' for CMake config files
[1.206s] Level 1:colcon.colcon_core.shell:create_environment_hook('turtlebot3_msgs', 'cmake_prefix_path')
[1.207s] INFO:colcon.colcon_core.shell:Creating environment hook '/home/zhihuili/RM_prac/install/turtlebot3_msgs/share/turtlebot3_msgs/hook/cmake_prefix_path.ps1'
[1.209s] INFO:colcon.colcon_core.shell:Creating environment descriptor '/home/zhihuili/RM_prac/install/turtlebot3_msgs/share/turtlebot3_msgs/hook/cmake_prefix_path.dsv'
[1.211s] INFO:colcon.colcon_core.shell:Creating environment hook '/home/zhihuili/RM_prac/install/turtlebot3_msgs/share/turtlebot3_msgs/hook/cmake_prefix_path.sh'
[1.213s] Level 1:colcon.colcon_core.environment:checking '/home/zhihuili/RM_prac/install/turtlebot3_msgs/lib'
[1.214s] Level 1:colcon.colcon_core.shell:create_environment_hook('turtlebot3_msgs', 'ld_library_path_lib')
[1.215s] INFO:colcon.colcon_core.shell:Creating environment hook '/home/zhihuili/RM_prac/install/turtlebot3_msgs/share/turtlebot3_msgs/hook/ld_library_path_lib.ps1'
[1.217s] INFO:colcon.colcon_core.shell:Creating environment descriptor '/home/zhihuili/RM_prac/install/turtlebot3_msgs/share/turtlebot3_msgs/hook/ld_library_path_lib.dsv'
[1.218s] INFO:colcon.colcon_core.shell:Creating environment hook '/home/zhihuili/RM_prac/install/turtlebot3_msgs/share/turtlebot3_msgs/hook/ld_library_path_lib.sh'
[1.220s] Level 1:colcon.colcon_core.environment:checking '/home/zhihuili/RM_prac/install/turtlebot3_msgs/bin'
[1.220s] Level 1:colcon.colcon_core.environment:checking '/home/zhihuili/RM_prac/install/turtlebot3_msgs/lib/pkgconfig/turtlebot3_msgs.pc'
[1.221s] Level 1:colcon.colcon_core.environment:checking '/home/zhihuili/RM_prac/install/turtlebot3_msgs/lib/python3.10/site-packages'
[1.222s] Level 1:colcon.colcon_core.environment:checking '/home/zhihuili/RM_prac/install/turtlebot3_msgs/bin'
[1.223s] INFO:colcon.colcon_core.shell:Creating package script '/home/zhihuili/RM_prac/install/turtlebot3_msgs/share/turtlebot3_msgs/package.ps1'
[1.226s] INFO:colcon.colcon_core.shell:Creating package descriptor '/home/zhihuili/RM_prac/install/turtlebot3_msgs/share/turtlebot3_msgs/package.dsv'
[1.228s] INFO:colcon.colcon_core.shell:Creating package script '/home/zhihuili/RM_prac/install/turtlebot3_msgs/share/turtlebot3_msgs/package.sh'
[1.229s] INFO:colcon.colcon_core.shell:Creating package script '/home/zhihuili/RM_prac/install/turtlebot3_msgs/share/turtlebot3_msgs/package.bash'
[1.232s] INFO:colcon.colcon_core.shell:Creating package script '/home/zhihuili/RM_prac/install/turtlebot3_msgs/share/turtlebot3_msgs/package.zsh'
[1.234s] Level 1:colcon.colcon_core.environment:create_file_with_runtime_dependencies(/home/zhihuili/RM_prac/install/turtlebot3_msgs/share/colcon-core/packages/turtlebot3_msgs)
[1.235s] INFO:colcon.colcon_ros.task.ament_cmake.build:Building ROS package in '/home/zhihuili/RM_prac/src/maintenance_mode_pkg' with build type 'ament_cmake'
[1.236s] INFO:colcon.colcon_cmake.task.cmake.build:Building CMake package in '/home/zhihuili/RM_prac/src/maintenance_mode_pkg'
[1.237s] INFO:colcon.colcon_core.shell:Skip shell extension 'powershell' for command environment: Not usable outside of PowerShell
[1.237s] DEBUG:colcon.colcon_core.shell:Skip shell extension 'dsv' for command environment
[1.249s] INFO:colcon.colcon_ros.task.ament_python.build:Building ROS package in '/home/zhihuili/RM_prac/src/turtlebot3_dqn' with build type 'ament_python'
[1.249s] Level 1:colcon.colcon_core.shell:create_environment_hook('turtlebot3_dqn', 'ament_prefix_path')
[1.250s] INFO:colcon.colcon_core.shell:Creating environment hook '/home/zhihuili/RM_prac/install/turtlebot3_dqn/share/turtlebot3_dqn/hook/ament_prefix_path.ps1'
[1.252s] INFO:colcon.colcon_core.shell:Creating environment descriptor '/home/zhihuili/RM_prac/install/turtlebot3_dqn/share/turtlebot3_dqn/hook/ament_prefix_path.dsv'
[1.254s] INFO:colcon.colcon_core.shell:Creating environment hook '/home/zhihuili/RM_prac/install/turtlebot3_dqn/share/turtlebot3_dqn/hook/ament_prefix_path.sh'
[1.256s] INFO:colcon.colcon_core.shell:Skip shell extension 'powershell' for command environment: Not usable outside of PowerShell
[1.256s] DEBUG:colcon.colcon_core.shell:Skip shell extension 'dsv' for command environment
[1.274s] DEBUG:colcon.colcon_core.event_handler.log_command:Invoking command in '/home/zhihuili/RM_prac/build/maintenance_mode_pkg': CMAKE_PREFIX_PATH=/home/zhihuili/RM_prac/install/turtlebot3_msgs:/home/zhihuili/RM_prac/install/upv_maps_pkg:/home/zhihuili/RM_prac/install/maintenance_mode_pkg:/home/zhihuili/RM_prac/install/turtlebot3_coppeliasim:/home/zhihuili/RM_prac/install/transformations_pkg:/home/zhihuili/RM_prac/install/slam_pkg:/home/zhihuili/RM_prac/install/ros2_vfh:/home/zhihuili/RM_prac/install/pure_pursuit_pkg:/home/zhihuili/RM_prac/install/navigation_pkg:/home/zhihuili/RM_prac/install/kinematic_control_pkg:/home/zhihuili/RM_prac/install/intro_ros_pkg:/home/zhihuili/RM_prac/install/bringup_turtlebot3_pkg:/home/zhihuili/RM_prac/install/turtlebot3_dqn:/opt/ros/humble LD_LIBRARY_PATH=/home/zhihuili/RM_prac/install/turtlebot3_msgs/lib:/home/zhihuili/sumo_env/lib:/home/zhihuili/RM_prac/install/pure_pursuit_pkg/lib:/home/zhihuili/RM_prac/install/kinematic_control_pkg/lib:/opt/ros/humble/opt/rviz_ogre_vendor/lib:/opt/ros/humble/lib/x86_64-linux-gnu:/opt/ros/humble/lib /usr/bin/cmake --build /home/zhihuili/RM_prac/build/maintenance_mode_pkg -- -j14 -l14
[1.274s] Level 1:colcon.colcon_core.environment:create_environment_scripts_only(kinematic_control_pkg)
[1.276s] Level 1:colcon.colcon_core.environment:checking '/home/zhihuili/RM_prac/install/kinematic_control_pkg' for CMake module files
[1.277s] DEBUG:colcon.colcon_core.event_handler.log_command:Invoked command in '/home/zhihuili/RM_prac/build/kinematic_control_pkg' returned '0': CMAKE_PREFIX_PATH=${CMAKE_PREFIX_PATH}:/home/zhihuili/RM_prac/install/turtlebot3_dqn:/opt/ros/humble /usr/bin/cmake --install /home/zhihuili/RM_prac/build/kinematic_control_pkg
[1.279s] Level 1:colcon.colcon_core.environment:checking '/home/zhihuili/RM_prac/install/kinematic_control_pkg' for CMake config files
[1.280s] Level 1:colcon.colcon_core.shell:create_environment_hook('kinematic_control_pkg', 'cmake_prefix_path')
[1.281s] INFO:colcon.colcon_core.shell:Creating environment hook '/home/zhihuili/RM_prac/install/kinematic_control_pkg/share/kinematic_control_pkg/hook/cmake_prefix_path.ps1'
[1.282s] INFO:colcon.colcon_core.shell:Creating environment descriptor '/home/zhihuili/RM_prac/install/kinematic_control_pkg/share/kinematic_control_pkg/hook/cmake_prefix_path.dsv'
[1.284s] INFO:colcon.colcon_core.shell:Creating environment hook '/home/zhihuili/RM_prac/install/kinematic_control_pkg/share/kinematic_control_pkg/hook/cmake_prefix_path.sh'
[1.287s] Level 1:colcon.colcon_core.environment:checking '/home/zhihuili/RM_prac/install/kinematic_control_pkg/lib'
[1.287s] Level 1:colcon.colcon_core.shell:create_environment_hook('kinematic_control_pkg', 'ld_library_path_lib')
[1.288s] INFO:colcon.colcon_core.shell:Creating environment hook '/home/zhihuili/RM_prac/install/kinematic_control_pkg/share/kinematic_control_pkg/hook/ld_library_path_lib.ps1'
[1.290s] INFO:colcon.colcon_core.shell:Creating environment descriptor '/home/zhihuili/RM_prac/install/kinematic_control_pkg/share/kinematic_control_pkg/hook/ld_library_path_lib.dsv'
[1.292s] INFO:colcon.colcon_core.shell:Creating environment hook '/home/zhihuili/RM_prac/install/kinematic_control_pkg/share/kinematic_control_pkg/hook/ld_library_path_lib.sh'
[1.294s] Level 1:colcon.colcon_core.environment:checking '/home/zhihuili/RM_prac/install/kinematic_control_pkg/bin'
[1.294s] Level 1:colcon.colcon_core.environment:checking '/home/zhihuili/RM_prac/install/kinematic_control_pkg/lib/pkgconfig/kinematic_control_pkg.pc'
[1.294s] Level 1:colcon.colcon_core.environment:checking '/home/zhihuili/RM_prac/install/kinematic_control_pkg/lib/python3.10/site-packages'
[1.295s] Level 1:colcon.colcon_core.environment:checking '/home/zhihuili/RM_prac/install/kinematic_control_pkg/bin'
[1.296s] INFO:colcon.colcon_core.shell:Creating package script '/home/zhihuili/RM_prac/install/kinematic_control_pkg/share/kinematic_control_pkg/package.ps1'
[1.297s] INFO:colcon.colcon_core.shell:Creating package descriptor '/home/zhihuili/RM_prac/install/kinematic_control_pkg/share/kinematic_control_pkg/package.dsv'
[1.298s] INFO:colcon.colcon_core.shell:Creating package script '/home/zhihuili/RM_prac/install/kinematic_control_pkg/share/kinematic_control_pkg/package.sh'
[1.299s] INFO:colcon.colcon_core.shell:Creating package script '/home/zhihuili/RM_prac/install/kinematic_control_pkg/share/kinematic_control_pkg/package.bash'
[1.299s] INFO:colcon.colcon_core.shell:Creating package script '/home/zhihuili/RM_prac/install/kinematic_control_pkg/share/kinematic_control_pkg/package.zsh'
[1.300s] Level 1:colcon.colcon_core.environment:create_file_with_runtime_dependencies(/home/zhihuili/RM_prac/install/kinematic_control_pkg/share/colcon-core/packages/kinematic_control_pkg)
[1.301s] Level 1:colcon.colcon_core.environment:create_environment_scripts_only(kinematic_control_pkg)
[1.301s] Level 1:colcon.colcon_core.environment:checking '/home/zhihuili/RM_prac/install/kinematic_control_pkg' for CMake module files
[1.302s] Level 1:colcon.colcon_core.environment:checking '/home/zhihuili/RM_prac/install/kinematic_control_pkg' for CMake config files
[1.303s] Level 1:colcon.colcon_core.shell:create_environment_hook('kinematic_control_pkg', 'cmake_prefix_path')
[1.303s] INFO:colcon.colcon_core.shell:Creating environment hook '/home/zhihuili/RM_prac/install/kinematic_control_pkg/share/kinematic_control_pkg/hook/cmake_prefix_path.ps1'
[1.304s] INFO:colcon.colcon_core.shell:Creating environment descriptor '/home/zhihuili/RM_prac/install/kinematic_control_pkg/share/kinematic_control_pkg/hook/cmake_prefix_path.dsv'
[1.304s] INFO:colcon.colcon_core.shell:Creating environment hook '/home/zhihuili/RM_prac/install/kinematic_control_pkg/share/kinematic_control_pkg/hook/cmake_prefix_path.sh'
[1.305s] Level 1:colcon.colcon_core.environment:checking '/home/zhihuili/RM_prac/install/kinematic_control_pkg/lib'
[1.305s] Level 1:colcon.colcon_core.shell:create_environment_hook('kinematic_control_pkg', 'ld_library_path_lib')
[1.306s] INFO:colcon.colcon_core.shell:Creating environment hook '/home/zhihuili/RM_prac/install/kinematic_control_pkg/share/kinematic_control_pkg/hook/ld_library_path_lib.ps1'
[1.306s] INFO:colcon.colcon_core.shell:Creating environment descriptor '/home/zhihuili/RM_prac/install/kinematic_control_pkg/share/kinematic_control_pkg/hook/ld_library_path_lib.dsv'
[1.307s] INFO:colcon.colcon_core.shell:Creating environment hook '/home/zhihuili/RM_prac/install/kinematic_control_pkg/share/kinematic_control_pkg/hook/ld_library_path_lib.sh'
[1.307s] Level 1:colcon.colcon_core.environment:checking '/home/zhihuili/RM_prac/install/kinematic_control_pkg/bin'
[1.307s] Level 1:colcon.colcon_core.environment:checking '/home/zhihuili/RM_prac/install/kinematic_control_pkg/lib/pkgconfig/kinematic_control_pkg.pc'
[1.307s] Level 1:colcon.colcon_core.environment:checking '/home/zhihuili/RM_prac/install/kinematic_control_pkg/lib/python3.10/site-packages'
[1.308s] Level 1:colcon.colcon_core.environment:checking '/home/zhihuili/RM_prac/install/kinematic_control_pkg/bin'
[1.308s] INFO:colcon.colcon_core.shell:Creating package script '/home/zhihuili/RM_prac/install/kinematic_control_pkg/share/kinematic_control_pkg/package.ps1'
[1.309s] INFO:colcon.colcon_core.shell:Creating package descriptor '/home/zhihuili/RM_prac/install/kinematic_control_pkg/share/kinematic_control_pkg/package.dsv'
[1.310s] INFO:colcon.colcon_core.shell:Creating package script '/home/zhihuili/RM_prac/install/kinematic_control_pkg/share/kinematic_control_pkg/package.sh'
[1.310s] INFO:colcon.colcon_core.shell:Creating package script '/home/zhihuili/RM_prac/install/kinematic_control_pkg/share/kinematic_control_pkg/package.bash'
[1.310s] INFO:colcon.colcon_core.shell:Creating package script '/home/zhihuili/RM_prac/install/kinematic_control_pkg/share/kinematic_control_pkg/package.zsh'
[1.311s] Level 1:colcon.colcon_core.environment:create_file_with_runtime_dependencies(/home/zhihuili/RM_prac/install/kinematic_control_pkg/share/colcon-core/packages/kinematic_control_pkg)
[1.590s] INFO:colcon.colcon_core.task.python.build:Building Python package in '/home/zhihuili/RM_prac/src/turtlebot3_dqn'
[1.591s] INFO:colcon.colcon_core.shell:Skip shell extension 'powershell' for command environment: Not usable outside of PowerShell
[1.591s] DEBUG:colcon.colcon_core.shell:Skip shell extension 'dsv' for command environment
[1.600s] DEBUG:colcon.colcon_core.event_handler.log_command:Invoked command in '/home/zhihuili/RM_prac/build/maintenance_mode_pkg' returned '0': CMAKE_PREFIX_PATH=/home/zhihuili/RM_prac/install/turtlebot3_msgs:/home/zhihuili/RM_prac/install/upv_maps_pkg:/home/zhihuili/RM_prac/install/maintenance_mode_pkg:/home/zhihuili/RM_prac/install/turtlebot3_coppeliasim:/home/zhihuili/RM_prac/install/transformations_pkg:/home/zhihuili/RM_prac/install/slam_pkg:/home/zhihuili/RM_prac/install/ros2_vfh:/home/zhihuili/RM_prac/install/pure_pursuit_pkg:/home/zhihuili/RM_prac/install/navigation_pkg:/home/zhihuili/RM_prac/install/kinematic_control_pkg:/home/zhihuili/RM_prac/install/intro_ros_pkg:/home/zhihuili/RM_prac/install/bringup_turtlebot3_pkg:/home/zhihuili/RM_prac/install/turtlebot3_dqn:/opt/ros/humble LD_LIBRARY_PATH=/home/zhihuili/RM_prac/install/turtlebot3_msgs/lib:/home/zhihuili/sumo_env/lib:/home/zhihuili/RM_prac/install/pure_pursuit_pkg/lib:/home/zhihuili/RM_prac/install/kinematic_control_pkg/lib:/opt/ros/humble/opt/rviz_ogre_vendor/lib:/opt/ros/humble/lib/x86_64-linux-gnu:/opt/ros/humble/lib /usr/bin/cmake --build /home/zhihuili/RM_prac/build/maintenance_mode_pkg -- -j14 -l14
[1.604s] DEBUG:colcon.colcon_core.event_handler.log_command:Invoking command in '/home/zhihuili/RM_prac/build/maintenance_mode_pkg': CMAKE_PREFIX_PATH=/home/zhihuili/RM_prac/install/turtlebot3_msgs:/home/zhihuili/RM_prac/install/upv_maps_pkg:/home/zhihuili/RM_prac/install/maintenance_mode_pkg:/home/zhihuili/RM_prac/install/turtlebot3_coppeliasim:/home/zhihuili/RM_prac/install/transformations_pkg:/home/zhihuili/RM_prac/install/slam_pkg:/home/zhihuili/RM_prac/install/ros2_vfh:/home/zhihuili/RM_prac/install/pure_pursuit_pkg:/home/zhihuili/RM_prac/install/navigation_pkg:/home/zhihuili/RM_prac/install/kinematic_control_pkg:/home/zhihuili/RM_prac/install/intro_ros_pkg:/home/zhihuili/RM_prac/install/bringup_turtlebot3_pkg:/home/zhihuili/RM_prac/install/turtlebot3_dqn:/opt/ros/humble LD_LIBRARY_PATH=/home/zhihuili/RM_prac/install/turtlebot3_msgs/lib:/home/zhihuili/sumo_env/lib:/home/zhihuili/RM_prac/install/pure_pursuit_pkg/lib:/home/zhihuili/RM_prac/install/kinematic_control_pkg/lib:/opt/ros/humble/opt/rviz_ogre_vendor/lib:/opt/ros/humble/lib/x86_64-linux-gnu:/opt/ros/humble/lib /usr/bin/cmake --install /home/zhihuili/RM_prac/build/maintenance_mode_pkg
[1.640s] Level 1:colcon.colcon_core.environment:create_environment_scripts_only(maintenance_mode_pkg)
[1.641s] Level 1:colcon.colcon_core.environment:checking '/home/zhihuili/RM_prac/install/maintenance_mode_pkg' for CMake module files
[1.642s] DEBUG:colcon.colcon_core.event_handler.log_command:Invoked command in '/home/zhihuili/RM_prac/build/maintenance_mode_pkg' returned '0': CMAKE_PREFIX_PATH=/home/zhihuili/RM_prac/install/turtlebot3_msgs:/home/zhihuili/RM_prac/install/upv_maps_pkg:/home/zhihuili/RM_prac/install/maintenance_mode_pkg:/home/zhihuili/RM_prac/install/turtlebot3_coppeliasim:/home/zhihuili/RM_prac/install/transformations_pkg:/home/zhihuili/RM_prac/install/slam_pkg:/home/zhihuili/RM_prac/install/ros2_vfh:/home/zhihuili/RM_prac/install/pure_pursuit_pkg:/home/zhihuili/RM_prac/install/navigation_pkg:/home/zhihuili/RM_prac/install/kinematic_control_pkg:/home/zhihuili/RM_prac/install/intro_ros_pkg:/home/zhihuili/RM_prac/install/bringup_turtlebot3_pkg:/home/zhihuili/RM_prac/install/turtlebot3_dqn:/opt/ros/humble LD_LIBRARY_PATH=/home/zhihuili/RM_prac/install/turtlebot3_msgs/lib:/home/zhihuili/sumo_env/lib:/home/zhihuili/RM_prac/install/pure_pursuit_pkg/lib:/home/zhihuili/RM_prac/install/kinematic_control_pkg/lib:/opt/ros/humble/opt/rviz_ogre_vendor/lib:/opt/ros/humble/lib/x86_64-linux-gnu:/opt/ros/humble/lib /usr/bin/cmake --install /home/zhihuili/RM_prac/build/maintenance_mode_pkg
[1.643s] Level 1:colcon.colcon_core.environment:checking '/home/zhihuili/RM_prac/install/maintenance_mode_pkg' for CMake config files
[1.643s] Level 1:colcon.colcon_core.shell:create_environment_hook('maintenance_mode_pkg', 'cmake_prefix_path')
[1.644s] INFO:colcon.colcon_core.shell:Creating environment hook '/home/zhihuili/RM_prac/install/maintenance_mode_pkg/share/maintenance_mode_pkg/hook/cmake_prefix_path.ps1'
[1.645s] INFO:colcon.colcon_core.shell:Creating environment descriptor '/home/zhihuili/RM_prac/install/maintenance_mode_pkg/share/maintenance_mode_pkg/hook/cmake_prefix_path.dsv'
[1.645s] INFO:colcon.colcon_core.shell:Creating environment hook '/home/zhihuili/RM_prac/install/maintenance_mode_pkg/share/maintenance_mode_pkg/hook/cmake_prefix_path.sh'
[1.646s] Level 1:colcon.colcon_core.environment:checking '/home/zhihuili/RM_prac/install/maintenance_mode_pkg/lib'
[1.646s] Level 1:colcon.colcon_core.environment:checking '/home/zhihuili/RM_prac/install/maintenance_mode_pkg/bin'
[1.646s] Level 1:colcon.colcon_core.environment:checking '/home/zhihuili/RM_prac/install/maintenance_mode_pkg/lib/pkgconfig/maintenance_mode_pkg.pc'
[1.647s] Level 1:colcon.colcon_core.environment:checking '/home/zhihuili/RM_prac/install/maintenance_mode_pkg/lib/python3.10/site-packages'
[1.647s] Level 1:colcon.colcon_core.environment:checking '/home/zhihuili/RM_prac/install/maintenance_mode_pkg/bin'
[1.648s] INFO:colcon.colcon_core.shell:Creating package script '/home/zhihuili/RM_prac/install/maintenance_mode_pkg/share/maintenance_mode_pkg/package.ps1'
[1.648s] INFO:colcon.colcon_core.shell:Creating package descriptor '/home/zhihuili/RM_prac/install/maintenance_mode_pkg/share/maintenance_mode_pkg/package.dsv'
[1.649s] INFO:colcon.colcon_core.shell:Creating package script '/home/zhihuili/RM_prac/install/maintenance_mode_pkg/share/maintenance_mode_pkg/package.sh'
[1.649s] INFO:colcon.colcon_core.shell:Creating package script '/home/zhihuili/RM_prac/install/maintenance_mode_pkg/share/maintenance_mode_pkg/package.bash'
[1.650s] INFO:colcon.colcon_core.shell:Creating package script '/home/zhihuili/RM_prac/install/maintenance_mode_pkg/share/maintenance_mode_pkg/package.zsh'
[1.650s] Level 1:colcon.colcon_core.environment:create_file_with_runtime_dependencies(/home/zhihuili/RM_prac/install/maintenance_mode_pkg/share/colcon-core/packages/maintenance_mode_pkg)
[1.651s] Level 1:colcon.colcon_core.environment:create_environment_scripts_only(maintenance_mode_pkg)
[1.651s] Level 1:colcon.colcon_core.environment:checking '/home/zhihuili/RM_prac/install/maintenance_mode_pkg' for CMake module files
[1.652s] Level 1:colcon.colcon_core.environment:checking '/home/zhihuili/RM_prac/install/maintenance_mode_pkg' for CMake config files
[1.652s] Level 1:colcon.colcon_core.shell:create_environment_hook('maintenance_mode_pkg', 'cmake_prefix_path')
[1.652s] INFO:colcon.colcon_core.shell:Creating environment hook '/home/zhihuili/RM_prac/install/maintenance_mode_pkg/share/maintenance_mode_pkg/hook/cmake_prefix_path.ps1'
[1.653s] INFO:colcon.colcon_core.shell:Creating environment descriptor '/home/zhihuili/RM_prac/install/maintenance_mode_pkg/share/maintenance_mode_pkg/hook/cmake_prefix_path.dsv'
[1.653s] INFO:colcon.colcon_core.shell:Creating environment hook '/home/zhihuili/RM_prac/install/maintenance_mode_pkg/share/maintenance_mode_pkg/hook/cmake_prefix_path.sh'
[1.654s] Level 1:colcon.colcon_core.environment:checking '/home/zhihuili/RM_prac/install/maintenance_mode_pkg/lib'
[1.654s] Level 1:colcon.colcon_core.environment:checking '/home/zhihuili/RM_prac/install/maintenance_mode_pkg/bin'
[1.654s] Level 1:colcon.colcon_core.environment:checking '/home/zhihuili/RM_prac/install/maintenance_mode_pkg/lib/pkgconfig/maintenance_mode_pkg.pc'
[1.654s] Level 1:colcon.colcon_core.environment:checking '/home/zhihuili/RM_prac/install/maintenance_mode_pkg/lib/python3.10/site-packages'
[1.655s] Level 1:colcon.colcon_core.environment:checking '/home/zhihuili/RM_prac/install/maintenance_mode_pkg/bin'
[1.655s] INFO:colcon.colcon_core.shell:Creating package script '/home/zhihuili/RM_prac/install/maintenance_mode_pkg/share/maintenance_mode_pkg/package.ps1'
[1.656s] INFO:colcon.colcon_core.shell:Creating package descriptor '/home/zhihuili/RM_prac/install/maintenance_mode_pkg/share/maintenance_mode_pkg/package.dsv'
[1.656s] INFO:colcon.colcon_core.shell:Creating package script '/home/zhihuili/RM_prac/install/maintenance_mode_pkg/share/maintenance_mode_pkg/package.sh'
[1.657s] INFO:colcon.colcon_core.shell:Creating package script '/home/zhihuili/RM_prac/install/maintenance_mode_pkg/share/maintenance_mode_pkg/package.bash'
[1.657s] INFO:colcon.colcon_core.shell:Creating package script '/home/zhihuili/RM_prac/install/maintenance_mode_pkg/share/maintenance_mode_pkg/package.zsh'
[1.658s] Level 1:colcon.colcon_core.environment:create_file_with_runtime_dependencies(/home/zhihuili/RM_prac/install/maintenance_mode_pkg/share/colcon-core/packages/maintenance_mode_pkg)
[1.985s] DEBUG:colcon.colcon_core.event_handler.log_command:Invoking command in '/home/zhihuili/RM_prac/src/turtlebot3_dqn': CMAKE_PREFIX_PATH=/home/zhihuili/RM_prac/install/turtlebot3_msgs:/home/zhihuili/RM_prac/install/upv_maps_pkg:/home/zhihuili/RM_prac/install/maintenance_mode_pkg:/home/zhihuili/RM_prac/install/turtlebot3_coppeliasim:/home/zhihuili/RM_prac/install/transformations_pkg:/home/zhihuili/RM_prac/install/slam_pkg:/home/zhihuili/RM_prac/install/ros2_vfh:/home/zhihuili/RM_prac/install/pure_pursuit_pkg:/home/zhihuili/RM_prac/install/navigation_pkg:/home/zhihuili/RM_prac/install/kinematic_control_pkg:/home/zhihuili/RM_prac/install/intro_ros_pkg:/home/zhihuili/RM_prac/install/bringup_turtlebot3_pkg LD_LIBRARY_PATH=/home/zhihuili/RM_prac/install/turtlebot3_msgs/lib:/home/zhihuili/sumo_env/lib:/home/zhihuili/RM_prac/install/pure_pursuit_pkg/lib:/home/zhihuili/RM_prac/install/kinematic_control_pkg/lib:/opt/ros/humble/opt/rviz_ogre_vendor/lib:/opt/ros/humble/lib/x86_64-linux-gnu:/opt/ros/humble/lib PYTHONPATH=/home/zhihuili/RM_prac/build/turtlebot3_dqn/prefix_override:/usr/lib/python3/dist-packages/colcon_core/task/python/colcon_distutils_commands:/home/zhihuili/RM_prac/install/turtlebot3_dqn/lib/python3.10/site-packages:${PYTHONPATH} /usr/bin/python3 -W ignore:setup.py install is deprecated -W ignore:easy_install command is deprecated setup.py egg_info --egg-base ../../build/turtlebot3_dqn build --build-base /home/zhihuili/RM_prac/build/turtlebot3_dqn/build install --record /home/zhihuili/RM_prac/build/turtlebot3_dqn/install.log --single-version-externally-managed install_data
[2.322s] Level 1:colcon.colcon_core.environment:checking '/home/zhihuili/RM_prac/install/turtlebot3_dqn' for CMake module files
[2.324s] DEBUG:colcon.colcon_core.event_handler.log_command:Invoked command in '/home/zhihuili/RM_prac/src/turtlebot3_dqn' returned '0': CMAKE_PREFIX_PATH=/home/zhihuili/RM_prac/install/turtlebot3_msgs:/home/zhihuili/RM_prac/install/upv_maps_pkg:/home/zhihuili/RM_prac/install/maintenance_mode_pkg:/home/zhihuili/RM_prac/install/turtlebot3_coppeliasim:/home/zhihuili/RM_prac/install/transformations_pkg:/home/zhihuili/RM_prac/install/slam_pkg:/home/zhihuili/RM_prac/install/ros2_vfh:/home/zhihuili/RM_prac/install/pure_pursuit_pkg:/home/zhihuili/RM_prac/install/navigation_pkg:/home/zhihuili/RM_prac/install/kinematic_control_pkg:/home/zhihuili/RM_prac/install/intro_ros_pkg:/home/zhihuili/RM_prac/install/bringup_turtlebot3_pkg LD_LIBRARY_PATH=/home/zhihuili/RM_prac/install/turtlebot3_msgs/lib:/home/zhihuili/sumo_env/lib:/home/zhihuili/RM_prac/install/pure_pursuit_pkg/lib:/home/zhihuili/RM_prac/install/kinematic_control_pkg/lib:/opt/ros/humble/opt/rviz_ogre_vendor/lib:/opt/ros/humble/lib/x86_64-linux-gnu:/opt/ros/humble/lib PYTHONPATH=/home/zhihuili/RM_prac/build/turtlebot3_dqn/prefix_override:/usr/lib/python3/dist-packages/colcon_core/task/python/colcon_distutils_commands:/home/zhihuili/RM_prac/install/turtlebot3_dqn/lib/python3.10/site-packages:${PYTHONPATH} /usr/bin/python3 -W ignore:setup.py install is deprecated -W ignore:easy_install command is deprecated setup.py egg_info --egg-base ../../build/turtlebot3_dqn build --build-base /home/zhihuili/RM_prac/build/turtlebot3_dqn/build install --record /home/zhihuili/RM_prac/build/turtlebot3_dqn/install.log --single-version-externally-managed install_data
[2.325s] Level 1:colcon.colcon_core.environment:checking '/home/zhihuili/RM_prac/install/turtlebot3_dqn' for CMake config files
[2.327s] Level 1:colcon.colcon_core.environment:checking '/home/zhihuili/RM_prac/install/turtlebot3_dqn/lib'
[2.328s] Level 1:colcon.colcon_core.environment:checking '/home/zhihuili/RM_prac/install/turtlebot3_dqn/bin'
[2.328s] Level 1:colcon.colcon_core.environment:checking '/home/zhihuili/RM_prac/install/turtlebot3_dqn/lib/pkgconfig/turtlebot3_dqn.pc'
[2.329s] Level 1:colcon.colcon_core.environment:checking '/home/zhihuili/RM_prac/install/turtlebot3_dqn/lib/python3.10/site-packages'
[2.329s] Level 1:colcon.colcon_core.shell:create_environment_hook('turtlebot3_dqn', 'pythonpath')
[2.330s] INFO:colcon.colcon_core.shell:Creating environment hook '/home/zhihuili/RM_prac/install/turtlebot3_dqn/share/turtlebot3_dqn/hook/pythonpath.ps1'
[2.332s] INFO:colcon.colcon_core.shell:Creating environment descriptor '/home/zhihuili/RM_prac/install/turtlebot3_dqn/share/turtlebot3_dqn/hook/pythonpath.dsv'
[2.334s] INFO:colcon.colcon_core.shell:Creating environment hook '/home/zhihuili/RM_prac/install/turtlebot3_dqn/share/turtlebot3_dqn/hook/pythonpath.sh'
[2.338s] Level 1:colcon.colcon_core.environment:checking '/home/zhihuili/RM_prac/install/turtlebot3_dqn/bin'
[2.339s] Level 1:colcon.colcon_core.environment:create_environment_scripts_only(turtlebot3_dqn)
[2.340s] INFO:colcon.colcon_core.shell:Creating package script '/home/zhihuili/RM_prac/install/turtlebot3_dqn/share/turtlebot3_dqn/package.ps1'
[2.344s] INFO:colcon.colcon_core.shell:Creating package descriptor '/home/zhihuili/RM_prac/install/turtlebot3_dqn/share/turtlebot3_dqn/package.dsv'
[2.346s] INFO:colcon.colcon_core.shell:Creating package script '/home/zhihuili/RM_prac/install/turtlebot3_dqn/share/turtlebot3_dqn/package.sh'
[2.349s] INFO:colcon.colcon_core.shell:Creating package script '/home/zhihuili/RM_prac/install/turtlebot3_dqn/share/turtlebot3_dqn/package.bash'
[2.352s] INFO:colcon.colcon_core.shell:Creating package script '/home/zhihuili/RM_prac/install/turtlebot3_dqn/share/turtlebot3_dqn/package.zsh'
[2.354s] Level 1:colcon.colcon_core.environment:create_file_with_runtime_dependencies(/home/zhihuili/RM_prac/install/turtlebot3_dqn/share/colcon-core/packages/turtlebot3_dqn)
[2.356s] DEBUG:colcon.colcon_parallel_executor.executor.parallel:closing loop
[2.357s] DEBUG:colcon.colcon_parallel_executor.executor.parallel:loop closed
[2.358s] DEBUG:colcon.colcon_parallel_executor.executor.parallel:run_until_complete finished with '0'
[2.358s] DEBUG:colcon.colcon_core.event_reactor:joining thread
[2.371s] INFO:colcon.colcon_core.plugin_system:Skipping extension 'colcon_notification.desktop_notification.notify_send': Could not find 'notify-send'
[2.372s] INFO:colcon.colcon_core.plugin_system:Skipping extension 'colcon_notification.desktop_notification.terminal_notifier': Not used on non-Darwin systems
[2.372s] INFO:colcon.colcon_core.plugin_system:Skipping extension 'colcon_notification.desktop_notification.win32': Not used on non-Windows systems
[2.372s] INFO:colcon.colcon_notification.desktop_notification:Sending desktop notification using 'notify2'
[2.398s] DEBUG:colcon.colcon_core.event_reactor:joined thread
[2.399s] INFO:colcon.colcon_core.shell:Creating prefix script '/home/zhihuili/RM_prac/install/local_setup.ps1'
[2.403s] INFO:colcon.colcon_core.shell:Creating prefix util module '/home/zhihuili/RM_prac/install/_local_setup_util_ps1.py'
[2.408s] INFO:colcon.colcon_core.shell:Creating prefix chain script '/home/zhihuili/RM_prac/install/setup.ps1'
[2.415s] INFO:colcon.colcon_core.shell:Creating prefix script '/home/zhihuili/RM_prac/install/local_setup.sh'
[2.418s] INFO:colcon.colcon_core.shell:Creating prefix util module '/home/zhihuili/RM_prac/install/_local_setup_util_sh.py'
[2.421s] INFO:colcon.colcon_core.shell:Creating prefix chain script '/home/zhihuili/RM_prac/install/setup.sh'
[2.427s] INFO:colcon.colcon_core.shell:Creating prefix script '/home/zhihuili/RM_prac/install/local_setup.bash'
[2.429s] INFO:colcon.colcon_core.shell:Creating prefix chain script '/home/zhihuili/RM_prac/install/setup.bash'
[2.436s] INFO:colcon.colcon_core.shell:Creating prefix script '/home/zhihuili/RM_prac/install/local_setup.zsh'
[2.438s] INFO:colcon.colcon_core.shell:Creating prefix chain script '/home/zhihuili/RM_prac/install/setup.zsh'
